Lake_Name,Year,Month,Target_NDCI,Chl_A_Proxy,Turbidity_NDTI,NDWI_Shallow_Index,Surface_Temp_C,Air_Temp_C,Dewpoint_Temp_C,Rainfall_mm,Wind_Speed,Solar_Radiation,Evaporation,Runoff,Dynamic_Soil_Moisture,Static_Soil_Clay_Pct,Static_Soil_pH
Aliyar_Dam,2016,1,0.2052460342240142,1.5165020699798963,-0.0187501319257677,-0.1872163839992547,28.44336862232535,22.930190938860733,15.937909356667603,11.75067102909088,1.8759480481171271,631253925.3333333,0.09329892912258704,9.605785210927328e-05,0.2541704553857071,31.068851251840947,5.693028964162985
Aliyar_Dam,2016,3,0.202583569481623,1.5080998126660856,-0.0144093630353889,-0.18872511396371,34.10543372503213,27.79651459451219,18.15892452800574,16.889765858650208,0.5952892206322329,728348177.2311198,0.0758096631616354,0.00030866513649622596,0.2463082207573784,31.068851251840947,5.693028964162985
Aliyar_Dam,2016,4,0.2096903381014016,1.5306536113898763,-0.010326514441179,-0.1997964569751168,40.00295056878906,28.58409744545264,20.761891174316474,46.50658202171326,0.9678850979438922,655999471.9999999,0.06776761356741191,0.00030285120010375977,0.2511864980061849,31.068851251840947,5.693028964162985
Aliyar_Dam,2016,12,0.2368886152149245,1.6208493804129065,-0.0245617039103486,-0.2135695417692614,29.71985027776077,23.142900475122588,17.35378164339238,68.34766817092896,1.0324445567776408,542282728.0,0.10616757068783045,0.006256915628910064,0.3691519392006713,31.068851251840947,5.693028964162985
Aliyar_Dam,2017,1,0.2018293792036563,1.5057299127404336,-0.0042103048479463,-0.1977871465970345,30.878321093257227,23.59533040036439,14.991191680798806,25.00386047363281,1.8281980543094627,560306933.3333334,0.07162933610379696,0.0006875793139139811,0.2697001016268166,31.068851251840947,5.693028964162985
Aliyar_Dam,2017,2,0.1982902243532549,1.4946683460190884,-0.0005335364117109,-0.197777611834822,32.2264155514074,25.09573392716664,11.742233644213002,9.6997509598732,1.7008175081265424,673146654.6666667,0.05794393954177698,2.028793096542358e-05,0.2402969542003813,31.068851251840947,5.693028964162985
Aliyar_Dam,2017,3,0.210006161137412,1.5316653138454177,-0.0125605817344948,-0.1979677787208809,37.78925795559985,26.1846830388551,18.225765010874795,75.93773871660233,0.3605752883078342,663394395.5772299,0.10790771991014479,0.004187477131684622,0.336517593766626,31.068851251840947,5.693028964162985
Aliyar_Dam,2017,4,0.2018162688960522,1.5056887556876792,-0.0087769686810279,-0.1933818442579347,37.78913042804061,27.36709657598425,20.504749227453143,35.07224225997925,1.3661479095862412,643239416.0,0.08051900813976924,0.0008857076366742451,0.2950673562509042,31.068851251840947,5.693028964162985
Aliyar_Dam,2017,5,0.2345941136225481,1.6129927083076037,-0.0146594591930201,-0.2206936248450353,20.252528881486512,26.198079811287585,21.42221228076573,135.80993556976318,1.8465454813103712,580671375.3333334,0.10031001362949611,0.025474369525909424,0.3575181379967693,31.068851251840947,5.693028964162985
Aliyar_Dam,2017,10,0.26459228051649,1.7195798290023876,-0.0084142662989937,-0.2567496287300356,-56.651863334530674,23.87164115358854,20.48447982350564,157.09416687488556,0.9371046600639318,470569758.26082355,0.11133041357000667,0.004150122404098511,0.4371740279659148,31.068851251840947,5.693028964162985
Aliyar_Dam,2017,11,0.2430741584945234,1.6422667721611,-0.0304468928607685,-0.2142126217281131,29.25739812373331,23.693544910572257,19.16201927750194,107.16966032981873,1.3764232271946188,458755937.3333334,0.10839053771148126,0.018567360937595367,0.4012405395507812,31.068851251840947,5.693028964162985
Aliyar_Dam,2017,12,0.1858083984670034,1.4564242571825967,-0.0232450924249487,-0.1632684844055153,29.05418654242351,22.89613676720625,17.499279399584736,53.57139873504639,1.6336151895846454,542197101.3333334,0.11192813267310461,0.009632577498753864,0.3578675793063256,31.068851251840947,5.693028964162985
Aliyar_Dam,2018,1,0.2008408658197306,1.5026304705276037,-0.0167959086103075,-0.1846678983223223,29.85456963407228,23.49285201752912,14.241175184625888,11.625917434692385,1.5195151313482889,629759824.0,0.08890720270574091,0.00012480219205220539,0.2409261614618335,31.068851251840947,5.693028964162985
Aliyar_Dam,2018,2,0.1875682809785156,1.4617453420071491,0.0033329601511042,-0.1907819723285096,35.13920535217562,24.477878877851765,13.40671113634869,14.278776943683624,1.8244202711233504,650851984.6666666,0.08777489513158798,0.002023803691069285,0.2759885787963867,31.068851251840947,5.693028964162985
Aliyar_Dam,2018,11,0.2289455599280688,1.593850571450469,-0.0249891422666802,-0.2051299977982189,28.818874683593663,23.29991523601393,19.60156935232657,93.14190864562988,1.3247626495231974,460813722.6666667,0.10687956338127454,0.01585483799378077,0.4396560457017687,31.068851251840947,5.693028964162985
Aliyar_Dam,2018,12,0.2198228787187492,1.5635204435570829,-0.0236324083223278,-0.1972149912374755,28.046129121765944,23.35015398251113,18.14411013066558,33.20854830741882,1.4128487173540305,538401201.3333333,0.11448628517488638,0.0014061306913693745,0.3728038623768796,31.068851251840947,5.693028964162985
Aliyar_Dam,2019,1,0.1821235826496792,1.4453572172668974,-0.0125338045115473,-0.1699777866666436,29.363642685505056,22.97447441265149,12.188289930829058,11.807414770126345,1.8237430753265087,666865992.0,0.09288227992753188,5.052735408147176e-05,0.2443322212465347,31.068851251840947,5.693028964162985
Aliyar_Dam,2019,2,0.1793166825420331,1.436993609416746,0.0033513274293867,-0.1825583017577348,34.95846752891566,26.06351956564282,15.770504585145034,8.479885578155518,1.3062846520645677,608388219.3333334,0.06751766800880432,0.00021454443534215292,0.2410907215542263,31.068851251840947,5.693028964162985
Aliyar_Dam,2019,3,0.1758920060623299,1.4268663994433557,0.0031904809288392,-0.1789820458304247,37.78264656643097,28.0063125323224,16.238691823542354,14.494219839572906,0.5317927367617677,747550762.1177571,0.06476497557014227,0.0001306434472401937,0.2309395779845535,31.068851251840947,5.693028964162985
Aliyar_Dam,2019,4,0.1807940040017881,1.441388380663617,0.0012632725322827,-0.1820157055849746,35.06203342471508,27.971504953172484,19.767129763850505,96.15949392318726,0.6063003065968693,647346234.6666667,0.0868996245165666,0.0017541820804278059,0.2971355791445131,31.068851251840947,5.693028964162985
Aliyar_Dam,2019,6,0.2222258150845509,1.571440449926244,-0.0058953669996353,-0.2166142349869837,16.11170532579149,24.89618419364649,21.29806356076841,125.62060832977296,2.658286752103871,483829571.99999994,0.10111111185202996,0.00268725057442983,0.3928926750465675,31.068851251840947,5.693028964162985
Aliyar_Dam,2019,9,0.2504390454322691,1.6682286314571877,-0.0265489850832648,-0.2253886474865679,36.634216618670735,23.4578831213492,20.894229352032767,168.60301780700684,1.6843944942816806,444772202.9375,0.10782545804977417,0.007733652989069621,0.4707854730111581,31.068851251840947,5.693028964162985
Aliyar_Dam,2019,12,0.2227634438534072,1.5732191624074676,-0.0183148496810385,-0.2052861367684221,28.68727784208756,22.55819582648604,18.90267379788088,67.1976170539856,2.243282850097435,468664672.0,0.1010783075665434,0.012880814572175344,0.3779159600589437,31.068851251840947,5.693028964162985
Aliyar_Dam,2020,1,0.2006245877348641,1.5019533617286722,-0.014016300907232,-0.1871345118053235,26.886609427938595,24.04695555437422,15.918490216381656,17.42049551010132,1.7496164901246336,640515554.6666666,0.0917877967779835,9.028116861979167e-05,0.2471859908018488,31.068851251840947,5.693028964162985
Aliyar_Dam,2020,2,0.1011065667142985,1.2249578492185138,0.0010582430285992,-0.1021538797559082,26.18239922374892,25.50367097233448,14.616074659267156,8.074784278869629,1.9858005572409347,657566305.3333334,0.06357046030461788,2.672523260116577e-05,0.2207530887647606,31.068851251840947,5.693028964162985
Aliyar_Dam,2020,3,0.1630385124597721,1.3895962117419074,-3.911586593851883e-05,-0.1630004361116081,33.94683627653217,27.272608119185293,17.68462331628291,30.11188018321991,0.6708701074622105,692184957.8504232,0.07889927985767524,0.0004148284594217936,0.2597454918755426,31.068851251840947,5.693028964162985
Aliyar_Dam,2020,4,0.2070926364270875,1.5223627524252248,-0.0035356659874432,-0.2037061261819175,38.25673017838494,27.732911392494543,19.061175360503057,82.98409974575043,0.4107933701054379,644208156.6666666,0.07404076680541039,0.0008029937744140624,0.2763909657796224,31.068851251840947,5.693028964162985
Aliyar_Dam,2020,7,0.1930852582556103,1.4785766036153911,-0.0070418810991903,-0.1862966816676672,31.09785363207812,23.29707041914748,20.756509385741367,282.52136039733887,2.0479778235531465,426160698.0,0.10697944182902575,0.020493725935618084,0.4666948489390821,31.068851251840947,5.693028964162985
Aliyar_Dam,2020,10,0.2240246222904315,1.5774013679446397,-0.0142700314286041,-0.2104272929123999,20.71028836146764,23.455362758841545,19.884540989920254,102.71782183647156,1.7230182777957337,525926368.662679,0.11936537517855562,0.0033722048004468284,0.4112012787959054,31.068851251840947,5.693028964162985
Aliyar_Dam,2020,12,0.2261105172844104,1.5843483400006555,-0.0249018569280537,-0.2023479952624225,29.73534103253928,21.67472501775273,17.854971562320657,121.69591689109802,1.9548778230049952,453758878.6666667,0.10214776918292044,0.016840867698192596,0.4171838179284099,31.068851251840947,5.693028964162985
Aliyar_Dam,2021,1,0.2022720645430285,1.5071204242763765,-0.0260331863909281,-0.1771718271424762,24.796978798100326,21.871825947641923,18.09013980742424,85.39240097999573,1.9538699738913847,495599172.00000006,0.10768800135701895,0.01797807216644287,0.4090018733855217,31.068851251840947,5.693028964162985
Aliyar_Dam,2021,2,0.1376282137055533,1.3191853348935092,-0.0109385218380488,-0.1268807043250095,26.51946614347156,23.89338237974385,14.383478842841328,8.377474904060364,1.5898043923826988,626583726.0,0.10934907322128613,0.00038607666889826453,0.2689143438187857,31.068851251840947,5.693028964162985
Aliyar_Dam,2021,3,0.1941383431823989,1.4818155611201644,-0.0154594600561828,-0.1792167617267049,33.29045422262135,27.207136504197194,14.261629796455452,68.58803391456604,1.11341370289762,762366732.3714193,0.08602384198457003,4.984438419342041e-05,0.225948983195862,31.068851251840947,5.693028964162985
Aliyar_Dam,2021,12,0.2274667072849553,1.5888851896221343,-0.0351139934477126,-0.1939014560476538,30.32642138218461,22.073095692186826,17.871856437874555,52.72738933563232,1.7636881382718126,567163278.6666667,0.10897478306045134,0.0012253175179163613,0.3728614861819905,31.068851251840947,5.693028964162985
Aliyar_Dam,2022,1,0.1900489535236617,1.4692850372882724,-0.0126589526832326,-0.1778177985828938,24.10015572616049,23.29545268670637,17.065507411614988,26.72918725013733,1.330131849719287,589453116.0,0.08056787339349587,0.00014989823102951047,0.2505365050394475,31.068851251840947,5.693028964162985
Aliyar_Dam,2022,2,0.1940237918616562,1.481462827072316,-0.0183025167559786,-0.1763475069172104,30.87955356032967,24.640021018376444,15.188898742009712,9.661611437797546,1.5282539973138534,603735268.6666667,0.060714389818410076,5.036840836207072e-05,0.2264899223569839,31.068851251840947,5.693028964162985
Aliyar_Dam,2022,3,0.1871186537916631,1.4603836824758574,-0.0063620769095353,-0.1809720174211559,35.26844559161259,26.674885494820103,15.545624894993296,41.697699189186096,0.5553885197295082,698178941.3372396,0.06776095430056253,0.0002500166495641073,0.2423002796788369,31.068851251840947,5.693028964162985
Aliyar_Dam,2022,10,0.2102756479989912,1.532529223560584,-0.0135088179090924,-0.1973273533232973,7.526967124176735,23.174733563221537,20.18481929464582,134.43692308664322,0.5469485307817767,484686597.30468756,0.10398279192547003,0.019766497115294136,0.4220198012594681,31.068851251840947,5.693028964162985
Aliyar_Dam,2022,11,0.2278278959012238,1.5900961578173771,-0.0311561077606662,-0.1980777899456864,29.517533936561563,22.61390478346084,19.221155993143725,128.9872100353241,0.9653185410260312,477703681.3333334,0.10270021917919317,0.017607112725575767,0.4155745329680266,31.068851251840947,5.693028964162985
Aliyar_Dam,2023,1,0.1976799401207469,1.4927707781617656,-0.0154249096476553,-0.1828124613555939,28.629098390328863,22.38137735483042,14.104914676843975,16.366546392440796,1.964062913095748,632912474.6666666,0.0974335748081406,0.00015452752510706583,0.2588221232096354,31.068851251840947,5.693028964162985
Aliyar_Dam,2023,2,0.1813643029131552,1.4430891630026614,-0.0100623996281328,-0.1716150939831021,30.17712077626379,24.822764703962548,10.869443489256357,17.886915266513824,1.9021842579919992,651030100.6666666,0.0743182593335708,0.00015258044004440308,0.2379822125510564,31.068851251840947,5.693028964162985
Aliyar_Dam,2023,3,0.1900820412165494,1.4693859153390425,-0.0130447798285651,-0.1774773303387058,33.185572320885285,26.25874507179401,16.075390006991768,47.6314309835434,0.7453100248117875,699472407.1289064,0.07899581020077069,0.0005447020133336385,0.2652985084014127,31.068851251840947,5.693028964162985
Aliyar_Dam,2023,4,0.1975535385140985,1.4923781161631289,-0.0027381138849568,-0.1949208620184326,39.22964075547191,27.31269746003329,18.88554036882192,61.318051397800446,0.2564241844868976,657325824.0,0.09017714982231459,0.0025306840737660727,0.3130999459160699,31.068851251840947,5.693028964162985
Aliyar_Dam,2023,5,0.2365320361457221,1.6196253080525294,-0.0134727367708295,-0.2237724024669599,42.401168036854415,25.439586804844566,21.72153003378162,135.22659158706665,1.557464862926979,567897197.3333334,0.12406716030091047,0.010557949542999266,0.4230132359330372,31.068851251840947,5.693028964162985
Aliyar_Dam,2023,8,0.2338022205815867,1.6102920860957224,-0.0033944462309429,-0.2305907778944336,41.89887985616457,24.39706017689042,20.50338747988468,102.7189919948578,2.2265024487403373,616793104.0,0.13169766186426082,0.0017229442795117695,0.3804047492242629,31.068851251840947,5.693028964162985
Aliyar_Dam,2023,10,0.2315218948644202,1.6025464962949691,-0.0165238727363299,-0.2158236854910527,39.99062735850623,24.485530300892435,20.23349881736181,159.2341914176941,0.4137902559440043,520208386.08723956,0.12408317718654871,0.005042143166065216,0.4317205490604523,31.068851251840947,5.693028964162985
Aliyar_Dam,2023,11,0.2385965287253128,1.626728239958958,-0.0233669931117032,-0.2164362289373125,29.272286203644057,23.30165801578096,20.35301479057034,184.5931611061096,1.47500646155294,419813429.3333333,0.09787808824330568,0.06680600345134735,0.4488585224858036,31.068851251840947,5.693028964162985
Aliyar_Dam,2024,1,0.2177369258282119,1.5566846576741165,-0.017383109844877,-0.2011150252723432,27.625291497463763,23.18959109125177,18.017788413263133,36.64186000823975,1.7466857016812745,552853524.0,0.11762632491687934,0.017596508065859478,0.3694883435430492,31.068851251840947,5.693028964162985
Aliyar_Dam,2024,2,0.1954101799963025,1.4857386338678868,-0.0095632435220308,-0.1861948891300006,31.685140292317897,25.86750674192939,16.37727909015058,5.19592559337616,1.7618293400927452,640690386.0,0.09728767536580564,0.00012137989203135173,0.2385826549310793,31.068851251840947,5.693028964162985
Aliyar_Dam,2024,3,0.1956710967512462,1.4865449841747918,-0.0051172942293762,-0.1907447965406521,34.11343186582616,28.07743661258388,16.701391337678444,6.018555760383606,0.7422615488361417,757616924.4973959,0.07549604618300994,4.120171070098877e-05,0.2227563687122851,31.068851251840947,5.693028964162985
Aliyar_Dam,2024,4,0.2025166162159097,1.5078892434221274,0.0023171230244056,-0.2047376648801989,39.35527163590564,29.08490064409051,19.534536354630063,22.91211700439453,0.4320974115589766,712275798.6666666,0.06563647836446762,0.00023359060287475586,0.2370329892193829,31.068851251840947,5.693028964162985
Aliyar_Dam,2024,9,0.2326966203141415,1.60653094062849,-0.0189533511595632,-0.2146901343923328,36.55781830654405,23.73594924785476,20.658220856278035,29.84521508216858,2.1504610571536165,551541053.7291666,0.12372025102376936,0.0033480823040008545,0.4171680662367079,31.068851251840947,5.693028964162985
Aliyar_Dam,2024,12,0.2206221810044908,1.5661494993245684,-0.0233284325689875,-0.1983144271146529,31.60891825527824,23.050461767053093,19.008433873166386,123.38579070568083,0.9088495323045428,494952017.3333334,0.10619329350690046,0.005375658472379049,0.3970688713921441,31.068851251840947,5.693028964162985
Aliyar_Dam,2025,1,0.2150146141129502,1.5478181326139702,-0.0443646904434988,-0.1722934405847588,29.12411365074854,22.693885230334445,16.07453960295652,18.83273148536682,2.2338514158271585,589385726.6666667,0.09945723569641511,0.0004785160223642986,0.2857665537078748,31.068851251840947,5.693028964162985
Aliyar_Dam,2025,2,0.1766435804100376,1.4290816861499844,-0.0068253757106604,-0.1700231946607637,32.469111745529574,25.749046875181648,12.496446205320808,5.588400185108185,2.061618353737925,670875300.0,0.07170639590670665,2.2853414217631023e-05,0.2250043172684927,31.068851251840947,5.693028964162985
Aliyar_Dam,2025,3,0.1930371508759735,1.4784288423823204,-0.0087329306637823,-0.1846154412407198,35.15331106172107,27.020298805373614,17.611753396748668,118.7144844532013,0.9036420811394236,685062744.0930176,0.08780070673674345,0.0013761619726816816,0.2725900492787788,31.068851251840947,5.693028964162985
Aliyar_Dam,2025,4,0.2194060597335648,1.562151583340953,-0.0198877125238642,-0.2003927579312968,35.57972461158255,26.280586687723822,20.625427147194216,127.11128664016724,0.898419907426949,615916743.3333334,0.10847769863903522,0.004028238356113434,0.3467321325231481,31.068851251840947,5.693028964162985
Aliyar_Dam,2025,10,0.2466078794610855,1.6546600972802386,-0.0243056106322497,-0.223642773571397,32.780068682530214,23.282793873612604,20.64988774262025,185.7889213562012,0.6363070503171233,466953305.2767741,0.10563690463701883,0.041374482214450836,0.4480886493532461,31.068851251840947,5.693028964162985
Aliyar_Dam,2025,11,0.2416274550603078,1.6372262726877136,-0.041326624943483,-0.202321137620497,31.807027750420502,22.71704613720931,18.70525505631059,142.6168601512909,0.8580135134487779,456740865.3333334,0.10146338709940514,0.0042321160435676575,0.393639557449906,31.068851251840947,5.693028964162985
Aliyar_Dam,2025,12,0.2208031246795803,1.5667454058739188,-0.0202782414081452,-0.2014267714524658,28.8867672804451,21.884648519263123,16.27858650863817,39.36110079288483,1.7736428224684324,573235602.6666667,0.10753952649732432,0.0008532976110776266,0.3484750494734787,31.068851251840947,5.693028964162985
Aliyar_Dam,2026,1,0.2130299891972583,1.541392902583312,-0.0361178819194733,-0.1782838575070775,27.75633591783105,22.50630205215947,14.654577024179616,32.44647145271301,2.031257052712668,597611740.0,0.07955675603200991,0.00029295186201731366,0.255036870211256,31.068851251840947,5.693028964162985
Aliyar_Dam,2026,2,0.185323479167061,1.454962121597866,-0.012487571429414,-0.1732368193462651,29.29651133026028,24.42889432755726,15.03632369571261,13.241289138793944,1.548082816450188,595478248.0000001,0.06032018115123113,0.00021766126155853271,0.2349502851092626,31.068851251840947,5.693028964162985
Aliyar_Dam,2026,3,0.1954647316767309,1.485907179890569,-0.0164185233170702,-0.1796226609932217,34.54219024651019,27.14678148522603,16.221075401169458,34.969442486763,0.6440692974221124,734715130.0247396,0.0660147654513518,0.0001236945390701294,0.2385502887028519,31.068851251840947,5.693028964162985
Aliyar_Dam,2026,4,0.0994539950493166,1.2208748792456483,0.0065793783972667,-0.105964036359774,25.935592896925986,28.101514922248043,19.09554740058053,55.91504907608032,0.7274168302487795,699971887.3333334,0.0645727040246129,0.00033811479806900024,0.2523767118100767,31.068851251840947,5.693028964162985
Almatti_Dam,2016,1,0.1245527898749779,1.284546660117155,0.0138463623936706,-0.138160879592137,30.88963401835099,24.701456549859813,10.327663675944052,1.2983433306217194,1.8582833887474963,590062428.0,0.02192708384245634,1.9043684005737305e-05,0.1923499773907405,33.134001358695656,6.687992527173914
Almatti_Dam,2016,2,0.1118409565252346,1.251848939324373,0.0162401839820226,-0.1278489262382375,33.26781942489254,28.28458366394045,11.256267429220316,2.570226639509201,1.4477425351450428,637444470.0,0.01929262839257717,2.123415470123291e-06,0.1889969398235452,33.134001358695656,6.687992527173914
Almatti_Dam,2016,3,0.1142777146265235,1.2580441217606642,0.0212276276963364,-0.1351774228771886,40.83953159275024,31.20317587083389,11.27410727470152,4.356225818395615,0.1680399528148536,743570816.5644531,0.024810518138110638,1.9684433937072754e-05,0.1906598203925676,33.134001358695656,6.687992527173914
Almatti_Dam,2016,4,0.1133056624124262,1.2555687063948024,0.0248974974241457,-0.1378143816844815,43.56147699909843,33.55124515957306,13.660415479871972,24.68243706226349,1.4813442953182585,730805050.0,0.0247127590700984,3.2782554626464844e-05,0.1901785532633463,33.134001358695656,6.687992527173914
Almatti_Dam,2016,5,0.0364103904905095,1.0755724016348496,0.0068807547778807,-0.0432803022123673,1.1310375098777854,31.91045074873074,17.473774436212352,52.70710813999176,3.268985306098039,737403956.0,0.036451286636292934,0.00010523200035095215,0.2046935994137999,33.134001358695656,6.687992527173914
Almatti_Dam,2016,10,0.1513924642106943,1.3568020735754638,-0.005079257790924,-0.1464258022027945,34.168842766864145,25.346874511882845,16.79697218043833,17.975346207618713,0.5787721809863253,594624864.4282227,0.10434218589216471,0.00019571185111999512,0.2976197478591755,33.134001358695656,6.687992527173914
Almatti_Dam,2016,11,0.1355334238458055,1.3135654462171606,0.0012612806302992,-0.1367713240088092,32.22886417438053,24.75482073889839,11.983205032348678,11.13429081439972,2.620939171772849,596150652.0,0.059460981748998165,4.8726797103881836e-05,0.2014546288384331,33.134001358695656,6.687992527173914
Almatti_Dam,2016,12,0.1169349845264236,1.2648389019549438,0.0113061594376402,-0.1280718220550623,30.135989355836383,23.5522639243834,11.909798353461838,5.670048952102661,2.8418969114265287,556384544.0,0.04142187349498272,7.789582014083862e-05,0.2080097608668829,33.134001358695656,6.687992527173914
Almatti_Dam,2017,1,0.1000421381804873,1.2223262719839452,0.0079416685317371,-0.1078980815245375,29.58318100118828,23.9415690596386,10.581147437967276,1.276874452829361,2.64184769168795,607333548.0,0.02766286674886942,1.1399388313293457e-06,0.1897396990047988,33.134001358695656,6.687992527173914
Almatti_Dam,2017,2,0.1037868034684906,1.2316118617091611,0.017283781767186,-0.1208537942598575,30.394814460745124,26.63536124456499,8.3171528452919,2.599201798439026,2.62334588324307,650394926.0,0.026189331896603107,9.685754776000977e-08,0.1887716565813337,33.134001358695656,6.687992527173914
Almatti_Dam,2017,3,0.1202660269242772,1.273414533495401,0.0218479023400634,-0.1417414949236734,38.79191320968209,29.50125992477581,8.74964091393258,2.247069552540779,0.2786018076785444,769193904.2438965,0.03027058206498623,1.1354684829711914e-05,0.1899000188355804,33.134001358695656,6.687992527173914
Almatti_Dam,2017,4,0.1219499012401047,1.277774358006085,0.0246356563779329,-0.146146487407703,39.20743335085922,32.61725843217641,10.980035866631397,6.8349674344062805,1.7954297814403684,779924158.0,0.031574295833706856,1.8194317817687988e-05,0.1895361582438151,33.134001358695656,6.687992527173914
Almatti_Dam,2017,5,0.1242489979588659,1.283754166810602,0.0282290801525706,-0.1519451404196613,43.59700656687312,32.16548922549015,17.134160470449842,70.7221165895462,3.178075471487153,736043826.0,0.03754976950585842,8.940696716308594e-05,0.198999999671854,33.134001358695656,6.687992527173914
Almatti_Dam,2017,6,0.1193041629428007,1.27093159277657,0.0179374481591768,-0.1369485395513668,31.299749823941283,26.38398876190189,20.923539776272264,28.19251823425293,5.085816985070431,480951446.0,0.08145761117339134,0.0008980780839920044,0.3576462851630317,33.134001358695656,6.687992527173914
Almatti_Dam,2017,11,0.1651905898931176,1.395756415519964,-0.0068459727261333,-0.1585238902925577,31.29373898135532,25.023538038465745,15.206967375013562,4.9394673109054565,2.549113818416689,552289452.0,0.07537968177348375,6.532669067382812e-05,0.2213447782728407,33.134001358695656,6.687992527173914
Almatti_Dam,2017,12,0.1255173003420572,1.2870664002641876,0.0006067631276948,-0.1261144586846755,28.87320357170063,23.46715981268113,13.1956655933011,3.727257579565048,2.686485326255652,566651500.0,0.045639959163963795,2.3655593395233154e-05,0.1971471848026398,33.134001358695656,6.687992527173914
Almatti_Dam,2018,1,0.1145786676309527,1.2588116266057974,0.0033130132634003,-0.117846946117529,29.59167395439573,24.061927188340064,11.304500362437295,1.2768742889165878,2.4412593607829205,611486048.0,0.03221359755843878,8.195638656616211e-08,0.1892785923455351,33.134001358695656,6.687992527173914
Almatti_Dam,2018,2,0.1210592470416319,1.275466228262068,-0.0050738860484896,-0.1160566477241412,28.96894421631669,25.59985134033934,8.98808359418598,3.4107890129089355,2.511585828008006,606279946.0,0.031204805709421635,3.2261013984680176e-05,0.1951179958525158,33.134001358695656,6.687992527173914
Almatti_Dam,2018,3,0.1174729617003152,1.2662195187280467,0.0142466972424408,-0.1314995810178488,34.88084179827172,29.32331477749733,10.25457130760276,4.414581045508385,0.9464935947574395,726289137.7617188,0.03846096433699131,6.315857172012329e-05,0.1984686492591776,33.134001358695656,6.687992527173914
Almatti_Dam,2018,4,0.1217683887233274,1.2773035886201238,0.0179954486553812,-0.139458245761998,38.87586316128432,31.425212287902863,13.984023729960144,15.188001036643982,0.4934822542405755,712384282.0,0.040842778980731964,9.880959987640381e-05,0.2024759504530165,33.134001358695656,6.687992527173914
Almatti_Dam,2018,9,0.1408503412321004,1.3278831337350303,-0.0167911781715746,-0.1243532638986174,36.32486817962104,25.524105623033336,19.37719073825417,94.29858088493349,2.672882957711276,564259348.5625,0.1094389483332634,0.0008316636085510254,0.3616572062174479,33.134001358695656,6.687992527173914
Almatti_Dam,2018,10,0.1386050434561191,1.3218153122517344,-0.0039052006680181,-0.1347727926738238,33.71433597601754,27.29926321378321,16.08705379937288,50.584164798259735,2.3314710013440085,631492452.9016113,0.11031647212803364,0.00048194825649261475,0.2824041715232275,33.134001358695656,6.687992527173914
Almatti_Dam,2018,11,0.1300706852348803,1.2990373655128504,0.0068093898125622,-0.1367589473743786,31.53603766883305,26.30444901784261,13.99459868537059,10.087652891874312,3.068081015951205,556529060.0,0.05012205522507429,0.00010155141353607178,0.2114628685845269,33.134001358695656,6.687992527173914
Almatti_Dam,2018,12,0.1124624694759328,1.2534258340816906,0.0083945602598966,-0.1207430394950822,27.29539379757631,24.15651896487003,13.134085489088534,4.31447184085846,2.14646583886567,527513012.0,0.027581979520618916,1.3880431652069092e-05,0.193524658039052,33.134001358695656,6.687992527173914
Almatti_Dam,2019,1,0.1061225933936629,1.2374432838537983,0.0139519577864266,-0.1198970294868931,29.106422141977816,23.41726150102517,9.6569760517408,1.3291103392839432,2.371692150340649,614955532.0,0.022881451062858105,1.0676681995391846e-05,0.1904482072399508,33.134001358695656,6.687992527173914
Almatti_Dam,2019,2,0.1063224618797604,1.2379436817969018,0.0190060280867451,-0.1250757409495491,34.678486583363565,26.962176985967744,9.079960577828558,2.6101440489292145,1.231434157012136,621789866.0,0.02075322438031435,2.771615982055664e-06,0.1896476291474841,33.134001358695656,6.687992527173914
Almatti_Dam,2019,3,0.1082447783092037,1.2427679158502,0.0200253014034437,-0.1279926384779285,36.675144850477295,30.446576834237703,9.327476755778036,7.676187127828598,0.3068277730581074,760296226.7844238,0.0251854220405221,1.1317431926727295e-05,0.1889286861624769,33.134001358695656,6.687992527173914
Almatti_Dam,2019,4,0.1288077773686548,1.2957046080590675,0.0164657226645074,-0.1449660396549227,37.71767840650239,32.38137094709612,13.16388450198707,18.770987153053284,0.9276505175290702,724825532.0,0.03253343515098095,5.683302879333496e-05,0.1954401016235351,33.134001358695656,6.687992527173914
Almatti_Dam,2019,5,0.1246097921585598,1.284695421635629,0.0149766967064284,-0.1393264718033801,39.178418206288825,32.87579873608007,14.561307874289923,39.93522810935974,3.002201404967141,769833716.0,0.030183175578713417,3.388524055480957e-05,0.1925756598031649,33.134001358695656,6.687992527173914
Almatti_Dam,2019,12,0.1626461753876322,1.388476580883655,-0.0099999493525515,-0.152894902486849,28.878337497821803,23.794081173148243,16.64575473006056,4.959180802106857,3.363130678687174,457159428.0,0.05861962866038084,9.40561294555664e-05,0.2278369780509702,33.134001358695656,6.687992527173914
Almatti_Dam,2020,2,0.1105684503127308,1.248627227922391,-0.0010072113534873,-0.1095734416930712,31.46685289389211,26.19369562960219,12.346496639032525,2.793706446886062,2.4250794874903,605047882.0,0.0337623693048954,5.170702934265137e-06,0.1895897306244948,33.134001358695656,6.687992527173914
Almatti_Dam,2020,3,0.1163604745529441,1.2633663868625034,0.0096197705218306,-0.1258393853666021,33.96296713032007,29.14603564354684,12.487838097028884,3.712318107485771,0.4479620586480376,,0.034836963750422,9.514391422271729e-06,0.1896467106316679,33.134001358695656,6.687992527173914
Almatti_Dam,2020,4,0.1320304484508615,1.304228295140574,0.0170392273686064,-0.1487350670105953,38.60059072290619,31.58317542605932,14.075247806972923,32.486260294914246,0.5022208656484247,716501350.0,0.0326799051836133,1.8671154975891113e-05,0.1901341756184895,33.134001358695656,6.687992527173914
Almatti_Dam,2020,5,0.1307616373309685,1.3008648558249538,0.0156439762042429,-0.146106732935256,39.11233978238431,32.12811885136432,17.631791851084756,69.84690952301025,2.249514787927116,718831838.0,0.0357753187417984,8.09207558631897e-05,0.1962709324334257,33.134001358695656,6.687992527173914
Almatti_Dam,2020,11,0.1655557576365526,1.3968048414298813,-0.021146111977148,-0.1449169798027372,32.752623287175425,23.903675482008225,16.437417899237744,4.820254385471344,3.0303023584732856,504761884.0,0.0766695449128747,0.00010088831186294556,0.245780520968967,33.134001358695656,6.687992527173914
Almatti_Dam,2021,1,0.1196527430050543,1.2718307850778965,-0.0026134752557073,-0.1170758784867945,30.574190721474565,24.65690781788163,13.85443647241084,2.571514129638672,2.943894109740152,562507552.0,0.035104027949273586,2.059340476989746e-05,0.1929257710774739,33.134001358695656,6.687992527173914
Almatti_Dam,2021,2,0.1143546235417348,1.2582402089627431,0.0034939281986885,-0.1178014845290797,30.4364485809486,24.801324894314742,10.00730948675249,5.3041393756866455,2.576438635126816,610888152.0,0.03134965058416128,1.0766088962554932e-05,0.1904878389267694,33.134001358695656,6.687992527173914
Almatti_Dam,2021,3,0.115671967243952,1.261604207849106,0.0081640134417101,-0.1237191468192293,34.86150640038761,29.06704353824739,8.778030096074588,1.6066037863492966,2.0223010527740386,770381213.0380859,0.03811277076601982,2.6151537895202637e-06,0.1888713016304918,33.134001358695656,6.687992527173914
Almatti_Dam,2021,4,0.0796603960652916,1.1731108728228608,0.0075882789260615,-0.0871959663110886,23.144079663985224,30.32627868652344,14.665138541327622,44.16527676582336,0.554083328878064,719239628.0,0.051995664834976196,0.0001857280731201172,0.2136410183376736,33.134001358695656,6.687992527173914
Almatti_Dam,2021,5,0.1305154569845032,1.3002134035226365,0.0096570252235205,-0.1399960324602532,30.940875021929912,29.30428780586493,19.2253526133876,125.88765740394592,2.050246287279752,645779154.0,0.05497531685978174,0.00022688508033752441,0.2292817843857632,33.134001358695656,6.687992527173914
Almatti_Dam,2021,6,0.1331510465552605,1.3072070307661707,-0.0057609853333834,-0.1274878547618498,35.6013266653307,25.38774657779271,20.82943994734024,25.261215806007385,4.546244362868672,482440848.0,0.09478232730180025,0.013215877115726471,0.4245425330268012,33.134001358695656,6.687992527173914
Almatti_Dam,2021,10,0.1709307327840368,1.4123436714956927,-0.0201175599002729,-0.1513335650144591,33.67733147002298,25.147334650511425,19.31994201085905,77.2379030585289,0.8680607406681455,579246272.0288086,0.11478094104677439,0.0036336705088615417,0.3804663791451403,33.134001358695656,6.687992527173914
Almatti_Dam,2021,12,0.1403117182272883,1.326424638330442,-0.0181843540279564,-0.1224397665649682,28.08367052351992,23.17670232301117,14.775358762023302,8.24438101053238,2.2396699736159564,504348344.0,0.06198511552065611,6.662309169769287e-05,0.2406875446278562,33.134001358695656,6.687992527173914
Almatti_Dam,2022,1,0.1282296151160579,1.2941820858783335,-0.0071656147152449,-0.1211753416384861,27.75857176524676,22.92360638854325,11.5725594879479,1.331907644867897,0.9217193064290092,591614928.0,0.03871723171323538,6.780028343200684e-06,0.1913897811725575,33.134001358695656,6.687992527173914
Almatti_Dam,2022,2,0.1093825133648459,1.2456329793795191,-0.002422269200259,-0.1069885912083523,31.70612693802196,25.58907507033576,9.842491290682858,2.599205017089844,1.8159831330810023,628040818.0,0.03301308769732714,8.940696716308594e-08,0.189000061580113,33.134001358695656,6.687992527173914
Almatti_Dam,2022,3,0.112418995311854,1.2533154601508236,-0.0037330977272595,-0.1087315290645558,33.71971909291199,29.38999613690123,11.24506415910622,2.1673050969839096,1.310219869955142,710543156.0039062,0.034764792770147324,1.8998980522155762e-06,0.1888438194028792,33.134001358695656,6.687992527173914
Almatti_Dam,2022,4,0.1226018758591087,1.2794669203998017,0.010585519527451,-0.133014768215019,40.949984455685126,31.71445280710856,15.199804009331617,49.33842897415161,0.2395656965652096,697522130.0,0.03724789805710316,3.6716461181640625e-05,0.1921859741210937,33.134001358695656,6.687992527173914
Almatti_Dam,2022,5,0.1227468149644258,1.2798435321940682,0.013387447251726,-0.1359109243457424,29.087093865371685,29.058682296096663,18.790500956709707,125.89877843856812,3.616171138571222,645983784.0,0.07620619051158428,0.014814727008342743,0.2697535689159106,33.134001358695656,6.687992527173914
Almatti_Dam,2022,10,0.1643515892187821,1.3933510483556972,-0.0110509703473075,-0.1535795569030002,31.626559968454785,23.79981144320584,19.072702744186586,135.9307531118393,1.0190050226174032,516387767.3046875,0.10397541895508766,0.008583232760429382,0.425421868601153,33.134001358695656,6.687992527173914
Almatti_Dam,2022,11,0.1613760147017787,1.3848590489440675,-0.0122512831727697,-0.1494201446062283,32.170345168684776,24.25401437547476,15.0619437535604,7.87603622674942,2.6838170783642545,546145600.0,0.07332780957221985,2.5175511837005615e-05,0.2194950951470269,33.134001358695656,6.687992527173914
Almatti_Dam,2022,12,0.1304807913948774,1.3001216996785936,-0.0086930025261435,-0.1219260859518611,29.338763866501324,23.320192857967925,15.655682315621334,6.183784544467926,2.69632076601203,513496512.0,0.06742136459797621,0.0005632638931274414,0.2721514137842322,33.134001358695656,6.687992527173914
Almatti_Dam,2023,1,0.1128199151872402,1.2543337415222773,0.0017133900113982,-0.1145111696724348,29.02407426583352,23.119319083101004,11.430802158642848,1.2845699787139893,2.8780342532819487,616466224.0,0.04341422859579325,3.8370490074157715e-06,0.1941542061426306,33.134001358695656,6.687992527173914
Almatti_Dam,2023,2,0.1066386123431889,1.2387356646852408,0.0069351958408229,-0.1134898756500726,31.923233974636616,25.939398043496283,8.872201697031699,2.599203646183014,2.76392047403854,648909172.0,0.03471567202359438,1.4156103134155273e-07,0.1890637761070615,33.134001358695656,6.687992527173914
Almatti_Dam,2023,3,0.1180016303271851,1.2675778876347783,0.0123502805288617,-0.1301622185254911,34.56163889078266,27.648560644990653,9.046717046922254,3.292099744081497,0.4208726632903652,766165591.1289062,0.03954183682799339,3.468245267868042e-05,0.1935325745613344,33.134001358695656,6.687992527173914
Almatti_Dam,2023,4,0.1328818550006255,1.306490772375018,0.0112234055185349,-0.1438906638616091,41.04008213769839,30.56044413248702,12.58249403635665,24.073745608329773,0.1981720364692449,738630584.0,0.042863279581069946,0.00024195760488510132,0.2073309156629774,33.134001358695656,6.687992527173914
Almatti_Dam,2023,5,0.1534011858353811,1.36239404844135,0.0111437406442951,-0.1642641230342796,39.3530397196522,30.87116880109238,17.187541108490336,55.46718621253967,2.3696593023228307,736323584.0,0.06934651639312506,0.0002114623785018921,0.2337015623687416,33.134001358695656,6.687992527173914
Almatti_Dam,2023,6,0.1466381569146826,1.3436716982435364,0.0096557284270321,-0.1560729019975536,38.565444262033566,29.33069441053607,19.095722813076463,10.441226363182068,5.223376442996744,624548300.0,0.042505353689193726,0.00018528103828430176,0.222297732035319,33.134001358695656,6.687992527173914
Almatti_Dam,2023,8,0.1639792598203751,1.392285147818565,-0.009780195787937,-0.1544467579070992,34.54796283611563,25.73129131768343,20.117220015166936,11.566256999969482,4.79698196740516,551472904.0,0.10203835181891918,0.0003647804260253906,0.3301793785505397,33.134001358695656,6.687992527173914
Almatti_Dam,2023,10,0.1524054931194011,1.359618878796888,-0.0116604448846129,-0.1409956137751795,35.114167915294615,27.33830737862536,16.050963010070177,11.350296020507812,1.6977766182026206,602456618.7539062,0.10410077031701803,0.0002655237913131714,0.2812833273282615,33.134001358695656,6.687992527173914
Almatti_Dam,2023,11,0.1381913479184635,1.3207007671243225,-0.0132532453053244,-0.1251673445811636,32.919519590712184,26.03361331091992,18.22551551394997,36.958956837654114,2.6914453914061336,498391434.0,0.074142144061625,0.0005457326769828796,0.2762455198499891,33.134001358695656,6.687992527173914
Almatti_Dam,2023,12,0.1248637942755005,1.2853585383823298,-0.0030971304019332,-0.1218137716287422,29.1927180830254,24.17548135326757,14.759330142441629,5.533482640981674,2.8471151302967663,517339456.0,0.04197297617793083,1.449882984161377e-05,0.2116303187544627,33.134001358695656,6.687992527173914
Almatti_Dam,2024,1,0.1177374107953702,1.2668987946128645,0.0033801786309715,-0.1210694070131067,31.183912476424894,25.058940854636603,13.463339803552117,1.2976545989513395,2.051170109592968,575113026.0,0.026038496755063534,6.839632987976074e-06,0.1905619713567918,33.134001358695656,6.687992527173914
Almatti_Dam,2024,2,0.1096661736116479,1.2463484377685836,0.0120694369550803,-0.1215746932124483,32.14122893992476,27.570915169551483,10.74929234296428,2.599199563264847,1.512894263605718,650960146.0,0.02506549283862114,5.662441253662109e-07,0.1888861162909146,33.134001358695656,6.687992527173914
Almatti_Dam,2024,3,0.1132218380908006,1.255355494652774,0.0105986540095244,-0.1236720857102313,36.7755833466664,31.000282049691805,10.321498899562414,1.6493339240550997,0.1160279523574652,735554205.1640625,0.027398458682000637,4.172325134277344e-07,0.1886373745497837,33.134001358695656,6.687992527173914
Almatti_Dam,2024,4,0.1226045880269302,1.2794739665921422,0.0108620222241919,-0.1332891046506272,39.74893648753618,33.213880136277965,14.60710218217639,30.09826672077179,0.5507747110223516,719336778.0,0.03321303706616163,4.709511995315552e-05,0.1949778238932291,33.134001358695656,6.687992527173914
Almatti_Dam,2024,5,0.1279125766946875,1.2933480595555065,0.0131520959130432,-0.1408277554726004,41.413434379144746,31.25552559719296,18.267533259238007,93.18878126144408,2.3912650292738045,722151848.0,0.05834022257477045,0.0002865344285964966,0.2318560692571824,33.134001358695656,6.687992527173914
Almatti_Dam,2024,10,0.1721421324304301,1.4158736400870504,-0.0226538671782258,-0.1500735046477551,32.29523860676346,25.02462147948563,21.18139083206017,115.11185383796692,0.7607683238030505,507605499.7487793,0.10334591381251812,0.009294077754020691,0.4434855676466419,33.134001358695656,6.687992527173914
Almatti_Dam,2024,11,0.1564147473451516,1.3708332900626192,-0.008453508656436,-0.1481571399738436,28.03866178459436,23.78430671691899,15.80053034888374,5.859160244464874,2.768439460454436,543137256.0,0.08815530128777027,7.89836049079895e-05,0.2757848527696397,33.134001358695656,6.687992527173914
Almatti_Dam,2024,12,0.1337188584759276,1.3087193107786517,0.0020324435661903,-0.1357144181158618,30.03034587891193,23.91484558761761,16.422916400048052,5.840498328208923,2.4402673245072046,477885868.0,0.053019776940345764,0.00011984258890151978,0.2199917249782111,33.134001358695656,6.687992527173914
Almatti_Dam,2025,1,0.1186557642149024,1.26926088444705,0.0002407874050914,-0.1188931547458355,28.168681253423983,23.70166272809433,11.979839292136605,1.3089657872915268,3.087301223199232,613950120.0,0.039875468239188194,1.7881393432617188e-07,0.1912332145116662,33.134001358695656,6.687992527173914
Almatti_Dam,2025,2,0.1122748109976742,1.2529494766817528,0.0085722005384947,-0.1207308151054392,32.251961451192244,27.06266004017425,10.468989104316393,2.6474821865558624,2.525235456190774,632598534.0,0.03432304784655571,1.043081283569336e-07,0.1888383910769508,33.134001358695656,6.687992527173914
Almatti_Dam,2025,3,0.1232051173547876,1.2810352108422185,0.0066978744501566,-0.1297958826321332,34.82202519497548,29.75516908707158,11.032749840521092,4.338843107223511,1.3464529891430723,759136336.0930176,0.03746916074305773,3.1441450119018555e-06,0.1888455216602612,33.134001358695656,6.687992527173914
Almatti_Dam,2025,4,0.146500021073965,1.343292383576405,0.008116704384598,-0.1544330894790426,36.41579902699033,31.09322232140437,15.77181205749514,31.50734829902649,0.9535770688901924,696459942.0,0.041923392564058304,8.773058652877808e-05,0.2009247885810004,33.134001358695656,6.687992527173914
Almatti_Dam,2025,5,0.1507068325966691,1.3548994349205643,0.0109847571822693,-0.1614243553162174,41.470657887200105,27.72106503722489,19.272055623864617,212.19184064865112,3.305826351413576,573851756.0,0.07229542639106512,0.016568802297115326,0.3542725757886005,33.134001358695656,6.687992527173914
Almatti_Dam,2025,6,0.1851900512350778,1.4545601131056056,-0.0111229861696567,-0.1744263600600583,28.273938247957062,25.60442362891308,21.19893033769398,20.01565563678741,5.374990712119522,498855002.0,0.10554711986333132,0.016393035650253296,0.4102723863389756,33.134001358695656,6.687992527173914
Almatti_Dam,2025,11,0.1568588445988014,1.3720820495926618,-0.020817054198785,-0.1364874682626414,28.73821221327455,23.758836682637536,14.62505938212081,7.862891435623169,1.7292997781580153,547389908.0,0.07312121521681547,5.3763389587402344e-05,0.253682623969184,33.134001358695656,6.687992527173914
Almatti_Dam,2025,12,0.1406288250891891,1.327283086039706,-0.0123428686116016,-0.1285090176899347,27.61129744870772,22.277624794744725,10.31816879190427,3.611095041036606,2.87394968948731,585014428.0,0.038327367044985294,2.391636371612549e-06,0.1912571691697643,33.134001358695656,6.687992527173914
Almatti_Dam,2026,1,0.1189166866687748,1.2699328993513024,-0.0032618617873619,-0.1156997036158601,27.52092888830782,23.481299952025097,11.327985997353837,1.7937054634094238,2.9867234913360066,593717648.0,0.030640479177236557,5.535781383514404e-06,0.1900758845831758,33.134001358695656,6.687992527173914
Almatti_Dam,2026,2,0.1170258601465267,1.2650719989737114,-0.0020301967245265,-0.1150229912189456,29.408465750070263,25.45949425470264,10.31000921158568,3.7114989161491394,2.692738423229532,615633990.0,0.0282506188377738,8.791685104370117e-07,0.188916388012114,33.134001358695656,6.687992527173914
Almatti_Dam,2026,3,0.1210863748643821,1.2755364609251525,0.0019613174778,-0.1230184768288704,34.47150878248419,29.211243360786057,11.758246030089708,6.542879998683929,1.034189585358024,734290860.6914062,0.04024675767868757,4.87789511680603e-05,0.1948860947803784,33.134001358695656,6.687992527173914
Almatti_Dam,2026,4,0.1356024517171337,1.3137501997466543,0.0089859609877408,-0.1444124434938127,38.15150017117821,32.230551380581346,14.0771826002333,37.32086360454559,1.0347574650040745,737121462.0,0.03905622288584709,3.977864980697632e-05,0.1928056293063693,33.134001358695656,6.687992527173914
Almatti_Dam,2026,5,0.1422358827331349,1.3316433501236866,0.0124186697621224,-0.1543818554031143,36.701211357900206,,,,,,,,,33.134001358695656,6.687992527173914
Amaravathi_Dam,2016,1,0.2795592462943541,1.7760783793987729,-0.0029000790544138,-0.2768836489734104,33.431243865248575,22.779875568677028,16.793189969626837,7.369663469493389,1.2498252215859538,610586604.0,0.09832634683698416,0.0005623698234558105,0.2708966860207178,30.45150786882703,6.760609349561979
Amaravathi_Dam,2016,3,0.2193049311745522,1.5618196910209654,0.0248083552030204,-0.2427923516130959,41.63158412755877,28.78525437385809,18.27407839785343,15.082316014915705,0.7685245123340247,748003688.5644531,0.0807308005169034,0.0005802810192108154,0.2114200797132266,30.45150786882703,6.760609349561979
Amaravathi_Dam,2016,4,0.2190326012357997,1.560926362822305,0.0326306825548652,-0.2498773644692569,48.70271823028872,30.146210437350817,20.803503587510875,35.727230496704586,0.5478844720054626,685180988.0,0.07103089708834887,0.0006126612424850464,0.217669317457411,30.45150786882703,6.760609349561979
Amaravathi_Dam,2016,12,0.2845607081171586,1.795485267151801,-0.0062821326262653,-0.278776930543505,31.482296918518387,23.575795930431752,17.94884247728578,56.813036277890205,0.7062600028911321,533861276.0,0.10352247580885887,0.005874224007129669,0.3578150554369854,30.45150786882703,6.760609349561979
Amaravathi_Dam,2017,1,0.2419306740602585,1.6382811328247555,0.011506198671633,-0.2527333383312924,35.31916345996967,23.43176405711841,16.274774580104406,19.38025670498609,1.3703334863473124,543873772.0,0.08403584733605385,0.005323342978954315,0.2825806935628255,30.45150786882703,6.760609349561979
Amaravathi_Dam,2017,2,0.2311110412166406,1.6011558329107392,0.0129941971820925,-0.243374360263464,36.08240582939084,24.833065741402777,12.882309327806752,4.438756385818124,1.221293945792027,684329006.0,0.0936087891459465,0.00017295777797698975,0.2441143989562988,30.45150786882703,6.760609349561979
Amaravathi_Dam,2017,3,0.2019515206873504,1.506113415218306,0.0221520319832327,-0.2231054599315708,44.6744308811052,26.95892384026644,19.185641942998416,60.55373882502317,0.4683661050911522,665231804.2438965,0.12433101236820221,0.01592133194208145,0.3471245509321972,30.45150786882703,6.760609349561979
Amaravathi_Dam,2017,4,0.1842420539692267,1.451707653883586,0.0293078168407292,-0.2124029517156495,46.19015511061826,29.1577830632528,20.358217832777257,37.05779816955328,0.8072282915697725,682851816.0,0.09278792608529329,0.0024796947836875916,0.2533078935411241,30.45150786882703,6.760609349561979
Amaravathi_Dam,2017,5,0.2251405709899354,1.5811133285880452,0.0189973003396366,-0.2430981253212734,31.432429386668048,27.33622752774147,22.29237934645789,150.72833532094953,1.589951284536998,614490118.0,0.1371007077395916,0.04310832917690277,0.410845213038947,30.45150786882703,6.760609349561979
Amaravathi_Dam,2017,10,0.2944663646154844,1.8347337386827784,-0.023923009663124,-0.2724627245239399,-46.00159885279592,24.82487991086901,21.33586818736092,136.8330785036087,0.7657428162169021,478909486.92749023,0.10589084029197693,0.04051437973976135,0.4341351703930927,30.45150786882703,6.760609349561979
Amaravathi_Dam,2017,11,0.3186249722455311,1.9352411205781568,-0.0124613367797135,-0.3073841019170961,34.801383287329884,23.9299969143338,20.174040942721945,123.84512558579443,0.9301712616011882,435685468.0,0.09706837870180607,0.07024271786212921,0.4103530036078559,30.45150786882703,6.760609349561979
Amaravathi_Dam,2017,12,0.1750968522186388,1.4245270555448235,-0.0084847772302737,-0.1668599718044475,28.2048319773952,22.60294925320533,18.297923762823984,41.57965559512377,1.0891936871594716,520304232.0,0.1044520502910018,0.01567751169204712,0.3743052533877793,30.45150786882703,6.760609349561979
Amaravathi_Dam,2018,1,0.2025471446694994,1.5079852515809344,0.0150163515859986,-0.2169037792599701,26.527811474166697,23.42370421706994,15.821936728364676,7.981013558804988,1.0736614235883688,625720848.0,0.10138067789375782,0.0007754489779472351,0.2623828969975953,30.45150786882703,6.760609349561979
Amaravathi_Dam,2018,2,0.2073509343913431,1.523184706543805,0.0246924860028637,-0.2308614076679122,41.24945458274965,24.63178435280213,14.74552988324848,9.686945125460625,1.3069433694876265,653364564.0,0.09424274228513241,0.0016195029020309448,0.2515961783272879,30.45150786882703,6.760609349561979
Amaravathi_Dam,2018,11,0.3120817836058928,1.9073223420125325,-0.0117115845817746,-0.3014720710644822,33.91467881565211,23.668394872877343,20.09017160203723,111.77747228741646,0.8892906847201454,448075748.0,0.0960566308349371,0.04394551366567612,0.4221506542629666,30.45150786882703,6.760609349561979
Amaravathi_Dam,2018,12,0.3098408861916944,1.89788247374432,-0.0136625765574067,-0.2974374291441794,30.909965194657616,23.553131973102552,18.888262131393617,28.77856847643852,1.0098851389319643,519431532.0,0.10815762728452682,0.006419003009796143,0.3851664143223916,30.45150786882703,6.760609349561979
Amaravathi_Dam,2019,1,0.242064400151566,1.6387466169948268,0.0112935599410978,-0.2526672263093834,34.6617736513864,22.555563227335654,13.580069129697732,8.4265475012362,1.2366303482689145,662308224.0,0.11135831661522388,0.0005424767732620239,0.2617328807871829,30.45150786882703,6.760609349561979
Amaravathi_Dam,2019,2,0.2065507233059112,1.5206400191490654,0.0408701138860065,-0.2453496563416776,43.25817100002962,26.21065110706149,17.401336833408948,6.772262321785092,1.158920328835803,597461858.0,0.08901724498718977,0.0008387267589569092,0.2410684313092913,30.45150786882703,6.760609349561979
Amaravathi_Dam,2019,3,0.1965769574428844,1.4893485673928992,0.0404321180464098,-0.2351401760211834,46.18909830811589,29.050029455205447,16.527259916900334,10.375543735921385,0.7559021119047076,775955824.7844238,0.08787067327648401,0.00046243518590927124,0.2167958700528708,30.45150786882703,6.760609349561979
Amaravathi_Dam,2019,4,0.183960329395863,1.4508612412425297,0.0424604031647532,-0.2246658608372524,42.91415370469872,29.628514501783627,19.57172141604957,94.38151800632478,0.5362279109644197,678027132.0,0.0869787959381938,0.0035332515835762024,0.2615287356906467,30.45150786882703,6.760609349561979
Amaravathi_Dam,2019,6,0.2219889453664588,1.5706575608260993,0.0149636995910274,-0.2361681472995662,27.49093228837171,26.289507399665013,21.64893523322212,86.45123960077763,2.4663718842219646,540381180.0,0.11859073396772146,0.01042945683002472,0.3776300430297851,30.45150786882703,6.760609349561979
Amaravathi_Dam,2019,9,0.2297562646093623,1.5965806771355018,0.0266288413277705,-0.2548260437323166,46.4903944820062,24.859799173143188,21.37079637315543,171.1672420501709,1.6305466125431245,490346598.9375,0.11314642988145351,0.025698229670524597,0.4302479002210829,30.45150786882703,6.760609349561979
Amaravathi_Dam,2019,12,0.3065461728491522,1.8841141568390791,-0.0102490134066771,-0.2972309985558589,32.25762025357676,22.2383121039278,19.47682779373661,39.92550738155842,1.5705074730599882,414853604.0,0.08988398313522339,0.013031721115112305,0.4072280186478809,30.45150786882703,6.760609349561979
Amaravathi_Dam,2020,1,0.2532609859615563,1.6783119167482463,0.006818861863253,-0.2596314768101087,35.46012153298426,24.32046743413457,16.72301933124504,12.38785184919834,1.2246943290197585,632334288.0,0.10662657767534256,0.00028248131275177,0.2586422581826487,30.45150786882703,6.760609349561979
Amaravathi_Dam,2020,2,0.175851584342993,1.4267473697751516,0.0236377115530523,-0.1986635055360086,37.27342481990053,25.490733390018875,16.420844474880198,4.80703754350543,1.5546162998332174,640880696.0,0.07870942447334528,0.0003026202321052551,0.2057816516393902,30.45150786882703,6.760609349561979
Amaravathi_Dam,2020,3,0.1819268726163129,1.4447692181214673,0.0383147022054615,-0.2187170135767703,43.51708902992675,28.14873169109387,18.86145988382321,20.50536372512579,0.8236859674180732,696708862.5170898,0.10273578576743603,0.0018214508891105652,0.261689934679257,30.45150786882703,6.760609349561979
Amaravathi_Dam,2020,4,0.1870885499356681,1.460292569186625,0.0334733201147955,-0.2191892031625269,43.82016782040489,28.790418264600987,20.175828319125745,77.4120075404644,0.4893682495340287,656268588.0,0.10403158888220787,0.0046188607811927795,0.295042610168457,30.45150786882703,6.760609349561979
Amaravathi_Dam,2020,7,0.2305692653300634,1.5993242924692137,0.016304511618799,-0.2459491754751619,42.28851185595454,24.813987001808755,21.47662797333095,193.07404470443728,1.9668504272248104,472448678.0,0.11418581008911133,0.05044398456811905,0.4393587009881132,30.45150786882703,6.760609349561979
Amaravathi_Dam,2020,10,0.1991605052033534,1.497379328810264,0.0262345370115908,-0.2242235005142815,19.703656656462613,24.961272012033817,20.362142181396507,117.83886466175316,1.6030964415939648,557323343.3293457,0.12621299922466278,0.012373529374599457,0.4012589403378066,30.45150786882703,6.760609349561979
Amaravathi_Dam,2020,12,0.3115385269142043,1.905028208819989,-0.020983235801711,-0.2924671742916837,31.1130600293742,21.64416018660353,18.57600108320997,114.82668211311102,1.1324872083089703,420462716.0,0.08492946438491344,0.06542858481407166,0.4140976936586441,30.45150786882703,6.760609349561979
Amaravathi_Dam,2021,1,0.2661509547720738,1.7253561383033753,-0.0132925487243434,-0.2537561507837122,29.59011697280357,21.91718010030769,18.773814937632608,66.88044695556164,1.2742071337218075,472915508.0,0.09415117558091879,0.03314141929149628,0.4060553068755775,30.45150786882703,6.760609349561979
Amaravathi_Dam,2021,2,0.2542097394971417,1.6817191185246578,0.0027148439818145,-0.2567473918900442,33.662238112107616,23.6013591902597,15.67686224437898,5.128328207880258,1.0722225671069765,617897562.0,0.10552351549267769,0.0009230971336364746,0.2705512046813965,30.45150786882703,6.760609349561979
Amaravathi_Dam,2021,3,0.1917499516034784,1.4744817571836564,0.0128289711993881,-0.2040769028855115,34.62207087298043,27.72664325262912,15.754555843722471,35.527913853526115,0.9651984073706652,778058777.0380859,0.09518428146839142,9.169429540634155e-05,0.1963044033255628,30.45150786882703,6.760609349561979
Amaravathi_Dam,2021,12,0.2332499233420626,1.608411868333259,-0.0150577253489546,-0.218961236556681,29.27830119150019,22.20320864441578,18.40639402328003,57.61225239187479,1.111107149270631,548646684.0,0.10301154013723135,0.0029051899909973145,0.3736314465922694,30.45150786882703,6.760609349561979
Amaravathi_Dam,2022,1,0.2649754140429372,1.7209974172439886,-0.0024371673761823,-0.2627079006533815,30.359863411726,23.53977532335512,18.28555249450028,19.9146622940898,0.8929851238760731,550834008.0,0.09479189850389957,0.0011311694979667664,0.2910070316765898,30.45150786882703,6.760609349561979
Amaravathi_Dam,2022,2,0.2293229633898159,1.5951207898927182,0.0064669151726124,-0.2354407171180142,36.66660930295086,24.718269057500947,16.968229525429877,5.16448943130672,1.146781263133582,591219110.0,0.07980417087674141,0.0003268420696258545,0.2301619620550246,30.45150786882703,6.760609349561979
Amaravathi_Dam,2022,3,0.2070665664013452,1.5222798223088987,0.022577922603631,-0.2285758664493052,42.54581078881915,27.894130776518185,16.734702620967767,27.3036956563592,0.6400128295531882,708762052.0039062,0.0870710862800479,0.0009736791253089905,0.2253129200268817,30.45150786882703,6.760609349561979
Amaravathi_Dam,2022,10,0.2954613593022056,1.838737131605933,-0.0022819728949359,-0.2933771915232605,42.61194992471644,24.015075220087567,20.706336921773985,144.39394409954548,0.656218265032643,483301557.3046875,0.09913357347249985,0.03341374546289444,0.4087435609550886,30.45150786882703,6.760609349561979
Amaravathi_Dam,2022,11,0.2931562348961781,1.8294795805495123,-0.0158064909231897,-0.2786409022070213,34.632085335422175,23.07557199266222,19.688435724046546,143.67495019733906,0.5903938752557032,461561060.0,0.09408330731093884,0.03758668154478073,0.4093270619710286,30.45150786882703,6.760609349561979
Amaravathi_Dam,2023,1,0.2664133245994525,1.726330871410628,-0.0032441315927441,-0.2633968415981635,32.53401355994697,21.902356822516367,15.103026305988294,11.89713253825903,1.267316879136244,626193954.0,0.10626710765063763,0.0007989034056663513,0.2801017145956716,30.45150786882703,6.760609349561979
Amaravathi_Dam,2023,2,0.2214607720040606,1.5689135859579724,0.0094671567985267,-0.230444777394333,35.998535391037706,24.8017986433847,12.490389011019772,10.357180317863822,1.2272007037497956,650921612.0,0.09331098571419716,0.0009148940443992615,0.2436327253069196,30.45150786882703,6.760609349561979
Amaravathi_Dam,2023,3,0.1921681821788047,1.47576284553164,0.0115809330632648,-0.2032966811505644,38.58798696401061,26.589373607020264,17.980166412681683,39.61307695508003,0.6948216682707207,685130807.1289062,0.10379666183143854,0.003958180546760559,0.287128674086704,30.45150786882703,6.760609349561979
Amaravathi_Dam,2023,4,0.2262276300980693,1.5847394890224415,0.015531443976904,-0.2409125935251557,44.46171161934348,27.72388814290366,19.95675890180803,60.07265836000442,0.3889821064355355,656495724.0,0.12489801459014416,0.011098116636276245,0.3389136208428276,30.45150786882703,6.760609349561979
Amaravathi_Dam,2023,5,0.2815221666651055,1.783662775950621,-0.0007265448634177,-0.2808530670622876,45.518790433681374,26.56232040979529,22.10580650247556,118.205532848835,1.2824845559222604,583899906.0,0.13133314065635204,0.038600802421569824,0.4210013522896715,30.45150786882703,6.760609349561979
Amaravathi_Dam,2023,8,0.2048671514385631,1.515302950467236,0.0307991937928507,-0.2341886748563876,47.29538268509975,25.928462436635016,20.752190403271754,139.16487365216017,2.1028225528260425,636727816.0,0.1410016007721424,0.011443383991718292,0.3742819550216839,30.45150786882703,6.760609349561979
Amaravathi_Dam,2023,10,0.2127940295896694,1.5406311374359891,0.0189617765318977,-0.2308244403911004,41.3222422953541,25.403256660379384,20.832402022166946,112.97262699157,0.4989369955343114,526553034.75390625,0.12178643140941858,0.028482802212238312,0.4261673547888315,30.45150786882703,6.760609349561979
Amaravathi_Dam,2023,11,0.260349491569289,1.7039797542265276,-0.0119568068282188,-0.2491683329489355,28.00617785927591,23.41900285085046,20.89163964589437,165.6886278986931,0.8713467033932272,393503906.0,0.08370560687035322,0.10907423496246338,0.4368783315022786,30.45150786882703,6.760609349561979
Amaravathi_Dam,2024,1,0.2940539524173605,1.8330776931871355,-0.0166742184672267,-0.2787464612556941,29.338887567602,22.86018150903845,18.81225350902929,27.07859431952238,1.2051351845788,531341236.0,0.10542997624725103,0.03495512157678604,0.3645497188773206,30.45150786882703,6.760609349561979
Amaravathi_Dam,2024,2,0.2498101452049637,1.665991798231438,0.0041531148656304,-0.253700048749266,35.534090591376184,25.50156520098108,17.98402373215248,3.175697835162282,1.3534310819652025,621851094.0,0.10347358509898186,0.0010373890399932861,0.2453942353698029,30.45150786882703,6.760609349561979
Amaravathi_Dam,2024,3,0.1909688794564594,1.472092790023105,0.0175965152576306,-0.2078668815888157,36.010406463767595,28.61772944132491,16.877798252720993,5.557315263897181,0.8367447239584197,786591927.1640625,0.09107418917119503,4.820525646209717e-05,0.194173587265835,30.45150786882703,6.760609349561979
Amaravathi_Dam,2024,4,0.2128485351237624,1.5408070609567583,0.0380705530571218,-0.2489021688314803,48.21409537604137,30.212534650166845,19.750266244676425,16.652518931776285,0.6389445583593403,736935394.0,0.07325489539653063,0.0005705803632736206,0.203103764851888,30.45150786882703,6.760609349561979
Amaravathi_Dam,2024,9,0.2722332881496995,1.7481333886722128,0.0127033197746846,-0.2839546171806675,46.29323197329472,25.31460954878065,20.646636835734057,35.591132543981075,2.2267281566645023,590726591.0625,0.12771886587142944,0.007768958806991577,0.3679587894015842,30.45150786882703,6.760609349561979
Amaravathi_Dam,2024,12,0.3079511551030618,1.889969421591688,-0.0161073007568684,-0.2932986926690369,33.35504998056064,23.1335929624496,19.613251581499696,97.01552674919368,0.5801965656479963,478580792.0,0.09713275078684092,0.021446138620376587,0.3968568207115255,30.45150786882703,6.760609349561979
Amaravathi_Dam,2025,1,0.1473068881699999,1.3455097411397132,-0.0118858710624794,-0.1356585376635262,25.10894960144344,21.573929928195128,16.91131453155191,13.91743318736553,1.4239712696764102,563059688.0,0.10884733963757753,0.003298260271549225,0.3478350280433572,30.45150786882703,6.760609349561979
Amaravathi_Dam,2025,2,0.2369430885388875,1.6210364783543747,0.0065666587127608,-0.2431314530921571,36.373340143068106,25.54262016387213,14.087940810975624,3.4718362241983414,1.4021378916967608,678239596.0,0.09763103723526001,0.00016242265701293945,0.2154241970607212,30.45150786882703,6.760609349561979
Amaravathi_Dam,2025,3,0.2258451249379451,1.583462385145716,0.0081063117183411,-0.2335239078619791,31.43653821667272,27.09729410807296,18.340913062967275,47.71233545988798,0.7850755250943385,699344236.0930176,0.12032156530767679,0.01065075397491455,0.2933013669906124,30.45150786882703,6.760609349561979
Amaravathi_Dam,2025,4,0.2261503064439706,1.584481219872956,0.0075943372658057,-0.2333438845251982,42.832162603733366,27.25327820248077,21.31590656704373,99.5881652534008,0.7566990816395217,639076522.0,0.12885989900678396,0.00975152850151062,0.3646709442138672,30.45150786882703,6.760609349561979
Amaravathi_Dam,2025,10,0.2931062367168798,1.829279453126217,-0.002497136801629,-0.2908219601770227,40.54718746349067,24.123989585138133,21.05122255304809,183.0746344327927,0.5328526154335219,472424152.6101074,0.10106705222278833,0.07477599382400513,0.429687766618626,30.45150786882703,6.760609349561979
Amaravathi_Dam,2025,11,0.2865584634550178,1.8033130923179723,-0.0127718862972369,-0.2747922872826534,38.40127487454066,23.100571166144505,19.26217689514164,138.46418617665768,0.5434330531172686,436965124.0,0.09332078881561756,0.026554860174655914,0.3972627427842882,30.45150786882703,6.760609349561979
Amaravathi_Dam,2025,12,0.2973109228061069,1.846209034565852,-0.0128446260449186,-0.2855567946475207,32.25331330993083,21.462914403279623,16.982856081890816,30.680066592991352,1.098671805927602,556828804.0,0.10779806692153215,0.004316143691539764,0.3827885248327768,30.45150786882703,6.760609349561979
Amaravathi_Dam,2026,1,0.2911649871659321,1.8215310527672568,-0.0201914282996337,-0.2725760435009209,31.340416014276627,21.91983951855736,16.035739168556802,23.99309614300728,1.280427344032605,581655088.0,0.09952538926154375,0.001022636890411377,0.2836788136471984,30.45150786882703,6.760609349561979
Amaravathi_Dam,2026,2,0.2372112420914364,1.6219578871136724,0.0032610088448124,-0.2402863778991577,34.06090342011339,24.09669547308061,16.302615238371345,10.932448469102384,1.1021146083719413,590800712.0,0.0814920486882329,0.0009765923023223877,0.2301370075770787,30.45150786882703,6.760609349561979
Amaravathi_Dam,2026,3,0.2211268637116829,1.56781227496291,0.0092442735045983,-0.2299011830559557,40.154847590899465,27.71057394294332,16.90958434074156,36.82249617576599,0.8155047262499427,748253360.6914062,0.09435055684298277,0.0005258470773696899,0.2305331076345136,30.45150786882703,6.760609349561979
Amaravathi_Dam,2026,4,0.2104057337673612,1.5329464581126258,0.0224635517964261,-0.2317738158711378,41.28159608869123,28.85112972259526,19.44282116360137,63.45351803302765,0.5101258970946468,722615892.0,0.09476677794009447,0.0017430558800697327,0.2493174870808919,30.45150786882703,6.760609349561979
Banasura_Sagar,2016,1,0.0319411754130423,1.0659901539075802,0.0019076855394947,-0.0338467985412443,20.805185651554552,21.976555781210664,15.801301738780069,18.22883510205053,0.3883968539991855,620450236.0,0.09193273261189461,0.0003188997507095337,0.2988919288881363,31.28378039608924,5.440611682125845
Banasura_Sagar,2016,2,0.1005245907839192,1.2235182635432569,-0.0228156190451513,-0.0778876093672974,27.615159500871528,23.539270041454813,17.534641059787816,20.83662739684505,0.0596599520711319,605951246.0,0.06569009553641081,0.0002891421318054199,0.2853766474230536,31.28378039608924,5.440611682125845
Banasura_Sagar,2016,3,0.0979793437537677,1.217244124234382,-0.0088768175817547,-0.0891800900881778,33.05272997080272,25.09274817846159,20.29744764348516,23.35515199938128,0.4791477730855818,683470694.5644531,0.07503854110836983,0.0011364221572875977,0.3158901993946362,31.28378039608924,5.440611682125845
Banasura_Sagar,2016,4,0.1084373192862669,1.2432522617466633,0.0102191285720357,-0.1185251060508378,38.45675291312364,25.32599559360085,22.16521962483728,18.02632834834437,0.6358064638122111,636466496.0,0.1050604023039341,0.003602162003517151,0.398062515258789,31.28378039608924,5.440611682125845
Banasura_Sagar,2016,11,0.1217577438536613,1.2772759862134742,-0.0259124084918588,-0.0961486879717601,22.65122053339872,22.116490660773422,19.00676731533474,21.227423192993285,0.0695253666897015,561637448.0,0.1166952895000577,0.0070102885365486145,0.4227776209513346,31.28378039608924,5.440611682125845
Banasura_Sagar,2016,12,0.1007378655242096,1.224045607308781,-0.0199591991571187,-0.0809414109820241,23.07985502713757,21.408131699921,17.188893090525028,46.88358499157814,0.3589652931779754,568258620.0,0.10686887428164482,0.00451844185590744,0.3789801648868027,31.28378039608924,5.440611682125845
Banasura_Sagar,2017,1,0.1362424941633938,1.3154646836473716,-0.0151295836618496,-0.1213630752636211,24.21947556814576,21.33245657643965,15.56545680876701,25.208462384439283,0.3993769868069479,586680978.0,0.07853649463504553,0.005414366722106934,0.3099459781441637,31.28378039608924,5.440611682125845
Banasura_Sagar,2017,2,0.0951252618127848,1.2102506740399328,-0.0179162646376076,-0.0773408082921805,26.25893281185654,23.029229827154268,15.701842902955605,15.260909540037956,0.1701845889214391,643764646.0,0.0704556442797184,0.0001565888524055481,0.2987660907563709,31.28378039608924,5.440611682125845
Banasura_Sagar,2017,3,0.1325050454227199,1.305488913159819,-0.0259031687914754,-0.1069690264804479,28.53754116831101,23.357994005757007,18.88829178758852,34.78027991325625,0.2808705051831822,669646984.2438965,0.11176749411970377,0.006857573986053467,0.394246583343834,31.28378039608924,5.440611682125845
Banasura_Sagar,2017,4,0.1226365634809783,1.279557041874333,0.0015066498157688,-0.124120279548536,32.65666397074739,24.13578599294027,22.149116812812,61.09754730040027,0.6091506675387841,585454348.0,0.1212287824600935,0.03825748711824417,0.4620937983194987,31.28378039608924,5.440611682125845
Banasura_Sagar,2017,5,0.1306560461864183,1.3005853911176697,0.0002295820272746,-0.1308817022495108,37.91835522707163,23.57532520499285,21.89922893483152,211.3588861650036,0.5644525373211867,541061736.0,0.11691493447870016,0.03152941167354584,0.472694335445281,31.28378039608924,5.440611682125845
Banasura_Sagar,2017,9,0.1384070535716774,1.3212817703427933,-0.0338991191921715,-0.1050005842272651,25.68767765505038,21.732847171359595,20.468432405259875,342.7489780918244,0.5869266015299832,420733339.1813965,0.10113192070275545,0.09077153354883194,0.4679476632012261,31.28378039608924,5.440611682125845
Banasura_Sagar,2017,10,0.1194580055194989,1.271328355191001,-0.0278735526900426,-0.0918904221149098,26.34953188619363,21.748684409356883,19.948348761117582,287.67639240910927,0.3044760874579102,461772464.92749023,0.10447233822196722,0.055616602301597595,0.4669689260503297,31.28378039608924,5.440611682125845
Banasura_Sagar,2017,11,0.1053378293554918,1.2354806826796023,-0.0351309443045387,-0.0704676588967486,23.697562541594262,22.009735955132385,19.23674439324276,72.19498660487513,0.4930838870768154,487774172.0,0.11138764023780823,0.02018015831708908,0.4479622734917535,31.28378039608924,5.440611682125845
Banasura_Sagar,2017,12,0.0945181225685289,1.2087686676549356,-0.0127980293448481,-0.0818190653047161,24.73586113627391,21.207430940033305,16.62045452979305,32.33787585073902,0.6692251931154327,569559184.0,0.10903531592339277,0.003917813301086426,0.3880266374157321,31.28378039608924,5.440611682125845
Banasura_Sagar,2018,1,0.0274462411026144,1.05644159174035,0.0044890017891169,-0.031931308755707,13.812031612530404,21.429616095430102,15.26398089419132,11.360548800037751,0.3074077605527879,613549088.0,0.07239143829792738,0.00023803859949111938,0.2854246119017242,31.28378039608924,5.440611682125845
Banasura_Sagar,2018,3,0.0889957860669003,1.195379526693245,-0.0085572391150797,-0.0804998522761598,28.881602359342253,23.86062366526619,18.80822711657453,35.85527448500357,0.1079851618341031,670612665.7617188,0.09810068551450968,0.011704318225383759,0.3698084226218603,31.28378039608924,5.440611682125845
Banasura_Sagar,2018,4,0.1420927395352225,1.3312543117032087,-0.0061088511053288,-0.1361020281736346,29.553044506039043,23.95540977054173,21.89799671173097,98.36188208672309,0.3262212335577563,601395376.0,0.12864304054528475,0.028947316110134125,0.4697591781616211,31.28378039608924,5.440611682125845
Banasura_Sagar,2018,9,0.1103794617286755,1.2481495356282142,-0.0262432207246911,-0.0843806675449697,23.4407566526296,21.949585766262487,19.4949072096083,147.82049343662877,0.5794433261334849,589911128.5625,0.1097409101203084,0.015951626002788544,0.4417771233452691,31.28378039608924,5.440611682125845
Banasura_Sagar,2018,10,0.1209666498635916,1.2752265311545234,-0.0241729319816974,-0.0970775842515701,26.3620075898794,22.0170786539714,19.677422582975,288.3720855251435,0.2060313289709319,535779358.9016113,0.11431727465242147,0.10225455462932587,0.4584266703615906,31.28378039608924,5.440611682125845
Banasura_Sagar,2018,11,0.1099691555822033,1.2471131338243415,-0.0205577233322603,-0.0896140240609631,26.92227092654588,22.246772151523203,19.212382973565013,49.03509406505093,0.3987659904547682,520056316.0,0.11721490696072578,0.02426820993423462,0.4475297292073568,31.28378039608924,5.440611682125845
Banasura_Sagar,2018,12,0.1420832731539512,1.3312285882950217,-0.04487017257031,-0.0978368398854075,26.498386969581645,21.61059427568989,18.48187037232105,47.312009596055546,0.283750890951881,525094420.0,0.11189526785165071,0.010623842477798462,0.4198743963754305,31.28378039608924,5.440611682125845
Banasura_Sagar,2019,1,0.09152819953457,1.201499263901594,-0.0081342183560978,-0.0834561151208479,26.656303151086604,20.82109634645525,13.44378090725155,11.108464323705244,0.5693815585971259,667834176.0,0.08694802317768335,2.5235116481781006e-05,0.2978977285405641,31.28378039608924,5.440611682125845
Banasura_Sagar,2019,2,0.0933626647590231,1.2059537173906656,-0.0095020623034068,-0.0839350644288303,30.288399693873657,23.105853743780244,16.518666748773512,15.841733853663168,0.1190691702531714,619097584.0,0.06800246145576239,0.0008925721049308777,0.3086420013791039,31.28378039608924,5.440611682125845
Banasura_Sagar,2019,3,0.1071280878528729,1.2399629474181968,-0.0020834776742701,-0.1050680612626366,33.011273519892086,24.17003638564904,19.18038334179954,14.576033969079296,0.3637976374081376,701189150.7844238,0.06595641653984785,0.0011456087231636047,0.3061133148849651,31.28378039608924,5.440611682125845
Banasura_Sagar,2019,4,0.109104190854598,1.2449314268505922,0.0040624566603448,-0.1131165107654649,34.651217282212144,24.360079171922507,22.05104270511208,72.61354007259492,0.3989790625544079,610424802.0,0.11580274626612663,0.03482571244239807,0.4453521516587999,31.28378039608924,5.440611682125845
Banasura_Sagar,2019,9,0.078942755124225,1.1714176954004032,-0.00632554599994,-0.0726534890820787,20.83054120562321,21.471900410122373,20.32746141221793,214.0002306661298,0.6642899379097451,404487336.9375,0.10128853283822536,0.06725235283374786,0.4785749859280056,31.28378039608924,5.440611682125845
Banasura_Sagar,2019,10,0.1165160826162127,1.2637650336890012,-0.0290884489651019,-0.0877249574037125,31.607782414083943,21.484405382217915,20.252242475940363,370.5136582774501,0.2032147193956965,423321790.16015625,0.09656036086380482,0.11931785196065903,0.4712646648448,31.28378039608924,5.440611682125845
Banasura_Sagar,2019,11,0.0425112854949508,1.088797465392427,0.0015366125713772,-0.0440450208968795,17.964929832099642,22.273787201775463,19.66866257985436,124.37700470801322,0.6107976277260064,522701222.0,0.11609580274671316,0.030239835381507874,0.459709464179145,31.28378039608924,5.440611682125845
Banasura_Sagar,2019,12,0.065148262884893,1.1393766739652995,0.0073716860985483,-0.0724851378116158,17.327305085982402,22.176077245896863,18.42304072636432,94.85462066435043,0.8330238121957063,512268332.0,0.10860712174326181,0.012285985052585602,0.3925019951276882,31.28378039608924,5.440611682125845
Banasura_Sagar,2020,2,0.0927779494286302,1.2045319541565342,-0.0166207520618073,-0.0762748161304581,27.707116322310696,23.426212915880967,16.476814414714966,19.02088826510214,0.161772085132179,642894972.0,0.0592995248734951,0.00020420551300048828,0.2724588986100821,31.28378039608924,5.440611682125845
Banasura_Sagar,2020,3,0.1038410978270376,1.231747065336848,-0.0081009994057291,-0.0958207043953483,31.752004561064155,24.287169926140905,19.52866996026813,18.36473841820994,0.3866685902121403,647578416.5170898,0.07642583921551704,0.0013462305068969727,0.3303202352216167,31.28378039608924,5.440611682125845
Banasura_Sagar,2020,11,0.1333389255449122,1.3077071982925943,-0.0479554472270249,-0.0859329618453768,27.487480246719088,22.02114781273736,18.97167082892525,94.21347811145168,0.6605502565746758,519777788.0,0.11677245609462261,0.014094874262809753,0.4466719309488932,31.28378039608924,5.440611682125845
Banasura_Sagar,2020,12,0.1120109029522739,1.2522799059688314,-0.0204338974263678,-0.0917870895881897,24.310505373505634,21.752280356294364,17.691965254916965,54.24524189579871,0.7926252417425961,522366604.0,0.11076924204826355,0.005210191011428833,0.3993709523190734,31.28378039608924,5.440611682125845
Banasura_Sagar,2021,1,0.1042154637377883,1.2326797561669065,-0.0175954710985216,-0.086779121265152,25.488447084227342,21.596612959010656,18.50897486286783,109.34078072732495,0.5222986223563094,520790840.0,0.11707652825862169,0.03884507715702057,0.4365815808696131,31.28378039608924,5.440611682125845
Banasura_Sagar,2021,2,0.0394890395354698,1.082225068033314,0.0150594011381533,-0.0545160210160873,18.801844197045057,22.020865444909987,16.724739964803064,37.58476657636704,0.3428807351118033,594122712.0,0.09866140224039555,0.0010120943188667297,0.327537491208031,31.28378039608924,5.440611682125845
Banasura_Sagar,2021,3,0.0975608605104467,1.2162159335545444,-0.0056495670474613,-0.0919619807569523,31.13248333435752,23.952071680048505,19.21979336892406,42.7744454491523,0.2298572355805209,697369343.0380859,0.10069931205362082,0.002267986536026001,0.3482518760106897,31.28378039608924,5.440611682125845
Banasura_Sagar,2021,4,0.1196260045616426,1.2717617857444286,-0.0015043217833302,-0.1181429433103521,30.083713884207725,23.48434075249565,21.290040885077588,73.79549860954285,0.3437202239141471,585567722.0,0.11147473845630884,0.02540796995162964,0.4395229339599609,31.28378039608924,5.440611682125845
Banasura_Sagar,2021,6,0.1641611785148498,1.3928058240299537,-0.010844517975038,-0.1535900891195237,30.16406978750274,21.583322207133,20.278712950812466,344.5998625601492,0.8330647772759747,437339528.0,0.10058950260281563,0.09289287030696869,0.4764662212795681,31.28378039608924,5.440611682125845
Banasura_Sagar,2021,9,0.1429877084682612,1.333688816090839,-0.0348300069287049,-0.1086990513899227,24.2735142043706,21.41365146636963,20.156810061136923,162.58204730864497,0.866120030982974,428404059.3000488,0.10142669267952442,0.06369885057210922,0.4780339770846896,31.28378039608924,5.440611682125845
Banasura_Sagar,2021,12,0.1020835601442877,1.2273787528841589,-0.0245562289546359,-0.0777221641216891,25.4148536530505,21.70308526151928,17.37778494229883,37.75434727822581,0.607983086808818,574565448.0,0.11078659258782864,0.0012249499559402466,0.3783615071286437,31.28378039608924,5.440611682125845
Banasura_Sagar,2022,1,0.1004204290487627,1.2232608038054391,-0.0196480727122884,-0.0809320407474868,26.68010697546288,21.83508309805268,15.412668379916964,21.874430606442115,0.2335458083017462,616928316.0,0.07322676479816437,0.00011157244443893433,0.2786442336215767,31.28378039608924,5.440611682125845
Banasura_Sagar,2022,2,0.094824336972575,1.2095158781786692,-0.0147616576098186,-0.0801749053406622,27.79081712589175,22.72413424537297,16.122959459395645,20.02536605442724,0.099258918503022,609055958.0,0.0549007561057806,0.0001491159200668335,0.2745718955993652,31.28378039608924,5.440611682125845
Banasura_Sagar,2022,3,0.0978446095816997,1.216912985547495,-0.0088883829336952,-0.0890336574711044,29.42600787891832,23.9030773490988,17.887463772681485,71.29212747850725,0.154894833640323,663636920.0039062,0.07893243804574013,0.003269478678703308,0.3352339344639932,31.28378039608924,5.440611682125845
Banasura_Sagar,2022,4,0.1293348882279288,1.297094454524984,-0.0097700600001975,-0.1197161026464775,31.77964579933723,23.70231901804607,21.59568074544273,217.0207154981552,0.3385037354114571,576612838.0,0.11854550521820784,0.018179967999458313,0.4574357350667318,31.28378039608924,5.440611682125845
Banasura_Sagar,2022,9,0.1352738308944837,1.312870908103574,-0.0332306438350594,-0.1025039666310715,22.5993960302514,21.570500289069287,19.787443182203504,181.2527357532132,0.7876617913423805,499917175.875,0.10797729901969433,0.04783432185649872,0.4607558780246311,31.28378039608924,5.440611682125845
Banasura_Sagar,2022,12,0.1066739030640151,1.2388241056203226,-0.0214339785280038,-0.0854352676746699,26.03670682399224,21.08803087460097,17.06252560359178,106.24529980074976,0.7485085891648968,527083400.0,0.11779741663485765,0.008763693273067474,0.4114847080681914,31.28378039608924,5.440611682125845
Banasura_Sagar,2023,1,0.0981552274615444,1.2176765457879484,-0.0169540748052725,-0.0813365072650484,25.15137277583892,21.1695017947946,14.093531073293375,14.112914900625904,0.5414363166831618,654328092.0,0.09734624531120062,0.0007749497890472412,0.3077498815392935,31.28378039608924,5.440611682125845
Banasura_Sagar,2023,2,0.0949528389962338,1.2098295936112853,-0.0134948819203857,-0.0815624693767386,27.71009944104884,23.096017160869792,13.718398916153715,16.739293592591437,0.3962943800869267,657517096.0,0.06831375975161791,9.255856275558472e-05,0.2818935939243862,31.28378039608924,5.440611682125845
Banasura_Sagar,2023,3,0.1077005283677588,1.2413999599725132,-0.0048930863876426,-0.1028616488336109,30.98597091135207,23.725987350299818,14.77795234598142,20.23990662251749,0.0619083288676633,725311773.1289062,0.06654015183448792,0.000773206353187561,0.29800538093813,31.28378039608924,5.440611682125845
Banasura_Sagar,2023,4,0.1034523582892589,1.2307793885707112,0.0036913693341216,-0.107102827103344,34.9807551175204,24.323036363389804,20.23939507802328,21.78930510244062,0.3807394721506397,653895546.0,0.09670196287333965,0.015817753970623016,0.3816665013631184,31.28378039608924,5.440611682125845
Banasura_Sagar,2023,5,0.1280964784871202,1.2938317722696069,0.0079754077288339,-0.1359330141065323,36.14625007695497,23.894488168531893,21.53285308345676,148.090006643726,0.4988742334016291,593702398.0,0.12396050244569778,0.032481417059898376,0.4605206520326675,31.28378039608924,5.440611682125845
Banasura_Sagar,2023,6,0.1321997542789978,1.304677844770973,0.0021745235274829,-0.1343356601359811,32.55395157436124,22.33873477511941,21.15219253963897,558.1966139270413,0.7077249284898155,417921636.0,0.09862801432609558,0.07048765569925308,0.476989640129937,31.28378039608924,5.440611682125845
Banasura_Sagar,2023,12,0.1269221946584041,1.2907465838253562,-0.0331421810137299,-0.0941761636381066,24.268149506814662,22.47662225128505,19.07522710984756,72.9803112937558,0.5237258567071619,521335092.0,0.11785248760133982,0.008165881037712097,0.4304121694257182,31.28378039608924,5.440611682125845
Banasura_Sagar,2024,1,0.113012562353323,1.254823366277123,-0.0223788756427077,-0.090863489022697,24.73139870492122,21.9730453573248,18.50301659286663,101.23284345288432,0.2964383262262207,544332382.0,0.1107960594817996,0.01368260383605957,0.403627928867135,31.28378039608924,5.440611682125845
Banasura_Sagar,2024,2,0.1036766862901644,1.2313376985834543,-0.019579367295207,-0.0842683773899904,28.0150577798845,23.527286959242588,16.95456409673585,15.337017470790494,0.2073377530771857,657205434.0,0.07983028050512075,5.537271499633789e-05,0.2804619142378883,31.28378039608924,5.440611682125845
Banasura_Sagar,2024,3,0.1126414948704558,1.2538804648162163,-0.0149763853583149,-0.0978301452922121,30.83924854832418,24.43167065856278,19.46509033941453,8.845445192629292,0.2866409874803063,685743125.1640625,0.06867408938705921,0.0006666779518127441,0.2932923429755754,31.28378039608924,5.440611682125845
Banasura_Sagar,2024,4,0.114669827044562,1.259044208697344,-0.0026208392494946,-0.112082672133168,33.75702609026615,25.74998853471544,21.16964015960696,25.065235153321296,0.4824362826546289,695569564.0,0.0779130095615983,0.0014157891273498535,0.33516845703125,31.28378039608924,5.440611682125845
Banasura_Sagar,2024,10,0.1490949045527289,1.350438386961024,-0.0441297908110104,-0.1056603085895122,27.690257298381823,21.82967125267112,20.256447010655563,270.791371453193,0.2428293277413125,442605935.7487793,0.09938114322721958,0.0434422641992569,0.470127679968393,31.28378039608924,5.440611682125845
Banasura_Sagar,2024,11,0.1066787944941955,1.2388363644268203,-0.0195371325768154,-0.087323661696712,23.171132253399605,22.062344911363425,19.16405302683512,80.27739246429935,0.6443943609188605,501030652.0,0.11287235282361507,0.027559123933315277,0.4410412894354926,31.28378039608924,5.440611682125845
Banasura_Sagar,2024,12,0.113916396567021,1.2571233597499638,-0.0226896166348243,-0.0914631866019309,25.736409654236013,21.587282373571952,18.76011923102925,79.1444812590076,0.4585786765153062,494989676.0,0.10541248321533203,0.01668136566877365,0.424176513507802,31.28378039608924,5.440611682125845
Banasura_Sagar,2025,1,0.1066376641314371,1.2387332884988032,-0.0191709372173203,-0.0876459052915746,27.14344135583326,21.901514143584905,15.122588053057314,15.6451698464732,0.749943172251148,632625344.0,0.0919625936076045,0.0002079606056213379,0.2998143472979145,31.28378039608924,5.440611682125845
Banasura_Sagar,2025,2,0.1032620772424258,1.230306033952223,-0.0153593478439715,-0.0880423679540305,27.40236992885832,23.4836049806504,14.95526200703216,15.109413098904394,0.2405904713783339,656714226.0,0.0621802881360054,0.00010208785533905029,0.2718386195954822,31.28378039608924,5.440611682125845
Banasura_Sagar,2025,3,0.1222479990316522,1.2785479244633713,-0.0109770500499057,-0.1114204666021296,31.500137720399835,24.29562030094928,20.01075618292697,141.32091791399063,0.2142769920027516,664679370.0930176,0.10277873743325472,0.011439859867095947,0.3687232643045405,31.28378039608924,5.440611682125845
Banasura_Sagar,2025,4,0.1435866198715742,1.33532082333894,-0.0049229855750773,-0.1387617214687116,33.04564665992291,23.497752486334942,21.493836254543737,146.89605866709064,0.3159363819604684,596455944.0,0.12862654030323029,0.03653176873922348,0.4665522045559353,31.28378039608924,5.440611682125845
Banasura_Sagar,2025,5,0.1369041943047514,1.317239855416679,0.0047146484339133,-0.1415274930900519,26.78607646543088,22.68274808493993,21.22690798441573,446.6986824427882,0.8330442433005276,482304384.0,0.11523141153156757,0.19286099076271057,0.4660709134994014,31.28378039608924,5.440611682125845
Banasura_Sagar,2025,10,0.1385380039681114,1.3216346271948212,-0.028469276898972,-0.1105045655620245,26.89932511939997,21.713772956273885,20.060870045487604,334.8741256344703,0.1292570937279367,468823740.6101074,0.10252482164651155,0.07744240015745163,0.4670665289766045,31.28378039608924,5.440611682125845
Banasura_Sagar,2025,11,0.1207759043678625,1.2747329263787477,-0.0265523281057257,-0.0945267122211469,31.59073562684182,21.56497275034588,18.212681452433287,83.50335181528523,0.443483446611871,516674776.0,0.1005322253331542,0.001704581081867218,0.3982047822740343,31.28378039608924,5.440611682125845
Banasura_Sagar,2025,12,0.1057497915321505,1.236510521397217,-0.0198610683631391,-0.0860694952603281,24.3619763387336,20.78032609262777,14.899835143550774,38.23845318440468,0.726551848445217,604841276.0,0.09470262750983238,0.006108179688453674,0.3370419779131489,31.28378039608924,5.440611682125845
Banasura_Sagar,2026,1,0.1069161760859335,1.2394314469102312,-0.0175247629500434,-0.0895592185098737,24.8282804042027,21.29179432366488,15.245196073798752,33.29772142825588,0.5441756666112371,606060840.0,0.07364408858120441,0.001804932951927185,0.301803732431063,31.28378039608924,5.440611682125845
Banasura_Sagar,2026,2,0.1067659687331101,1.2390548613148606,-0.0260536287939778,-0.0809374789422933,26.317850291875345,22.394419152396097,16.31732761746366,52.08349315966329,0.2049737045948187,600830164.0,0.06135199498385191,0.0009884685277938843,0.3032653899419875,31.28378039608924,5.440611682125845
Banasura_Sagar,2026,3,0.1043623602796067,1.23304594548346,-0.0213529906903866,-0.0831947648387549,30.20787188404927,23.40778443941508,19.27085471204532,66.63663283471138,0.2342682242345534,683712582.6914062,0.09396042861044407,0.008835002779960632,0.3680441456456338,31.28378039608924,5.440611682125845
Banasura_Sagar,2026,4,0.1163292070179931,1.263286300603944,0.0035263365240923,-0.1198063970493171,33.35493358556107,24.52097293006051,21.2441747877333,50.747706274832446,0.5162510133656016,661112370.0,0.11209725681692362,0.0034558624029159546,0.4085997899373372,31.28378039608924,5.440611682125845
Bhadra_Dam,2016,1,0.0101384682001069,1.0204846190591363,-0.022441332903719,0.0123056644975048,24.71911483841552,22.913110720726763,12.837177284815027,3.8439015371184193,1.282167218306254,598905056.0,0.05814473517239094,1.862645149230957e-05,0.2781420061665197,33.82142857142857,5.639285714285714
Bhadra_Dam,2016,2,0.0092451771471065,1.0186628960745,-0.0306356034137174,0.0213964864272803,28.070187548054943,25.57346656623929,14.849060510218862,3.0573454522077115,0.5964461211818163,631351406.0,0.04510078206658363,3.4049153327941895e-06,0.2605861576124169,33.82142857142857,5.639285714285714
Bhadra_Dam,2016,3,0.0210639530398984,1.0430343802443651,-0.0324012215507388,0.0113450114563044,28.74404427485609,27.783175240793582,16.94298170766524,4.26598399300729,0.3734846929159889,739311826.5644531,0.044038575142621994,4.753470420837402e-06,0.2565868336667297,33.82142857142857,5.639285714285714
Bhadra_Dam,2016,4,0.0139307983228337,1.0282552143381811,-0.0266705002118277,0.012744436974435,33.56751959444739,28.60314674377446,19.131566196017843,11.317292115380688,1.1548802585029827,714683308.0,0.042518445290625095,1.8104910850524902e-05,0.260856925116645,33.82142857142857,5.639285714285714
Bhadra_Dam,2016,5,0.0624209153800734,1.133153387066815,-0.0249063371748866,-0.0375729920478943,26.443001317449443,26.31662724402645,21.09337184044625,150.1193839196236,1.833275158829141,635561498.0,0.07256617583334446,0.0013769418001174927,0.3664876466156334,33.82142857142857,5.639285714285714
Bhadra_Dam,2016,10,0.0380659345267426,1.0791445815114464,-0.0347210605505927,-0.0033493007121273,28.464022774895227,23.04702257135864,18.35409058601629,58.00162316906837,0.725535348442275,586460086.4282227,0.09776577912271023,0.0010020732879638672,0.4157885479670699,33.82142857142857,5.639285714285714
Bhadra_Dam,2016,11,0.0282217440032461,1.0580826826060212,-0.0270424264938451,-0.00118021823359,26.998648705108053,23.767450947231737,14.473409567938916,23.687108672434285,1.0510501019997824,607783440.0,0.07311258371919394,5.0693750381469727e-05,0.3074949900309244,33.82142857142857,5.639285714285714
Bhadra_Dam,2016,12,0.0240646946610472,1.0493161678430916,-0.0239247144600154,-0.0001400608397925,24.070898572158512,22.81223956282423,13.395128914617771,5.939308269369987,1.480900653594793,568936124.0,0.058928013779222965,0.00024571269750595093,0.3175814228673135,33.82142857142857,5.639285714285714
Bhadra_Dam,2017,1,0.013408835968364,1.0271821529671314,-0.0237207325333337,0.0103151774867729,25.598737767026023,23.34622033232006,12.56198108632077,3.703582043609312,1.3021356370398849,620636598.0,0.04367467947304249,3.4831464290618896e-05,0.2713587566088604,33.82142857142857,5.639285714285714
Bhadra_Dam,2017,2,0.0036757494118172,1.0073786207846436,-0.0290783497740184,0.025405315802447,26.46762358144838,25.16593985784624,10.824192233312717,2.5993697297188545,1.2311264599678826,675441178.0,0.03759710770100355,4.470348358154297e-07,0.2632908139910017,33.82142857142857,5.639285714285714
Bhadra_Dam,2017,3,0.0017085592234028,1.0034229667882832,-0.0246835953212719,0.0229760050737642,29.42394868863209,26.721839666879305,14.568388813798151,8.085626411822533,0.4435489592673096,758300450.2438965,0.036918154917657375,2.9206275939941406e-05,0.2644425874115318,33.82142857142857,5.639285714285714
Bhadra_Dam,2017,4,0.0113388014740385,1.0229376888482,-0.0196581758782969,0.0083212292075271,31.68284246669873,27.580751270718054,18.99446457756892,28.976659151815603,1.3744277289340665,698192506.0,0.03937054984271526,5.653500556945801e-05,0.2697283426920573,33.82142857142857,5.639285714285714
Bhadra_Dam,2017,5,0.0132681968071952,1.0268932181252552,-0.0191861473727108,0.005919457455632,30.917731182382,26.20046958923342,21.055691573440413,173.1891114942489,1.8769399423913025,658078878.0,0.07554570771753788,0.0015131235122680664,0.3710579615767284,33.82142857142857,5.639285714285714
Bhadra_Dam,2017,10,0.0407377826070552,1.0849356554827547,-0.0413366152845542,0.0005998427899915,30.00531821259108,23.178799811742635,19.698249004733213,292.4966102646243,0.3273451325332144,524062004.92749023,0.0961558585986495,0.013715848326683044,0.4453915831863239,33.82142857142857,5.639285714285714
Bhadra_Dam,2017,11,0.0778989004841716,1.1689595653341576,-0.0267125492491196,-0.0512930859001142,25.05201155115992,23.53882937961157,17.27257067362467,40.29416271948045,1.4554472867576471,530996920.0,0.07615749258548021,0.00014784187078475952,0.3418295118543837,33.82142857142857,5.639285714285714
Bhadra_Dam,2017,12,0.0166517940183479,1.0338675433931863,-0.0218479465775637,0.0051980436465116,25.147701560381503,22.730829062513124,13.93184933406053,8.139452608362323,1.556420591128634,572895856.0,0.055860440246760845,3.618746995925903e-05,0.2878626546552104,33.82142857142857,5.639285714285714
Bhadra_Dam,2018,1,0.0152734078381335,1.0310206060437594,-0.0284496213382199,0.0131819413524325,26.453965534170493,22.941996387768825,12.439995784144289,3.6141940297619,1.1689571323694832,627733640.0,0.03931425977498293,2.4586915969848633e-07,0.2583552534862231,33.82142857142857,5.639285714285714
Bhadra_Dam,2018,3,0.0038773914950644,1.0077849683602382,-0.0223639407095541,0.0184881523915789,25.95773750209377,26.04572688687233,14.685314125143124,30.946615634425992,0.4336487667699697,708475475.7617188,0.04947751481086016,0.00021588057279586792,0.3063054033505019,33.82142857142857,5.639285714285714
Bhadra_Dam,2018,4,0.0116994036740894,1.0236758000907475,-0.0211310552110103,0.0094339838134273,32.243882735590205,27.21709054311117,19.600728374057383,53.448212888933,0.6679179124388173,663288510.0,0.0603778725489974,0.00025231391191482544,0.3203370624118381,33.82142857142857,5.639285714285714
Bhadra_Dam,2018,5,0.0571061052598489,1.121129441135233,-0.0100759984563669,-0.0470571835552954,14.849828468280975,25.95880537955992,21.305230979509247,215.875260983744,1.2335088726283707,622407674.0,0.08131630532443523,0.010338105261325836,0.3973981795772429,33.82142857142857,5.639285714285714
Bhadra_Dam,2018,9,0.0046220916485218,1.009287109166762,-0.0623693390819727,0.0577638994256076,26.84830812803466,22.93562906053336,19.36546113755969,71.40673064416454,1.4760513763374652,575272530.5625,0.09504208620637655,0.0019748061895370483,0.4246744791666667,33.82142857142857,5.639285714285714
Bhadra_Dam,2018,10,0.0311697515877373,1.0643451247291646,-0.0321834835849286,0.0010147499448045,27.76220653749192,23.683619312573512,18.915000287948143,122.50267444118376,0.5751511959030438,605402298.9016113,0.1084972508251667,0.007144339382648468,0.4442252702610467,33.82142857142857,5.639285714285714
Bhadra_Dam,2018,11,0.0229807198396551,1.0470425104321044,-0.0279551275553096,0.0049776054735344,25.7997841609382,23.748133913675986,16.541408581203882,32.20286168590669,1.5398918025288288,547909964.0,0.07876578252762556,0.00019816309213638306,0.3495443344116211,33.82142857142857,5.639285714285714
Bhadra_Dam,2018,12,0.0194591098648514,1.0396905627508697,-0.03486675342377,0.0154181043724773,27.40423029255902,23.55271982172485,15.686300080822376,9.987392048201253,1.0027978043382897,546684304.0,0.05643229652196169,3.876537084579468e-05,0.2937075707220262,33.82142857142857,5.639285714285714
Bhadra_Dam,2019,1,0.0130696473039592,1.0264854500994045,-0.0229347244743485,0.0098680351016736,24.558358705412275,22.516755368632687,9.577769482520353,3.6498777308771686,1.3911634703045714,647298688.0,0.04366775881499052,9.82731580734253e-06,0.2613292612055296,33.82142857142857,5.639285714285714
Bhadra_Dam,2019,2,0.0083320922910386,1.0168041987166614,-0.0260990466589873,0.017770818804261,27.387502253371736,25.10909441993352,13.337787610008604,1.969582055965739,0.7366925599252738,635002490.0,0.03911158721894026,4.103034734725952e-05,0.273155757359096,33.82142857142857,5.639285714285714
Bhadra_Dam,2019,3,0.0072369171047896,1.0145793437114614,-0.0244948401804658,0.0172609828805358,29.5064476035862,27.25818690228209,15.096931875905682,3.855328804062259,0.4120451443934461,750270804.7844238,0.035606699995696545,2.898275852203369e-06,0.2564299593689621,33.82142857142857,5.639285714285714
Bhadra_Dam,2019,4,0.012177102823636,1.0246544251169794,-0.0254197674178936,0.0132467649862554,31.603769530967668,27.91944332122808,19.09283415476483,27.7274543219997,0.8292784818807144,685197904.0,0.044956295751035213,0.0001141279935836792,0.2809253056844075,33.82142857142857,5.639285714285714
Bhadra_Dam,2019,5,0.0342800365435076,1.0709937411272166,-0.0247606282114946,-0.0095274952246081,29.563761073113028,26.978718447941617,20.281966371433725,99.19768571853638,1.7815922102205606,707593782.0,0.05648412834852934,0.0001894533634185791,0.3205774984052104,33.82142857142857,5.639285714285714
Bhadra_Dam,2019,10,0.0412721870921425,1.086097819498868,-0.0446562961635694,0.0033903577143211,31.1683211148719,22.538300081478667,20.54011314966345,438.27815751106505,0.5131695839138649,435283770.16015625,0.08875612914562225,0.03091992437839508,0.4800035210065944,33.82142857142857,5.639285714285714
Bhadra_Dam,2019,12,0.0280910782882939,1.0578059891431402,0.0025875253362513,-0.0306763738700755,15.85907388683762,22.58726256175709,17.545793582547105,19.570971717276883,2.0150834298810616,490158204.0,0.06794238369911909,0.0002848431468009949,0.3670121059622815,33.82142857142857,5.639285714285714
Bhadra_Dam,2020,1,0.016793351543039,1.034160370191545,-0.0302037472926616,0.0134172012512373,27.18597609822348,23.82378827166815,15.785125556043395,3.722073034894082,0.9182618923784496,600595420.0,0.05412339139729738,8.359551429748535e-06,0.2951079953101373,33.82142857142857,5.639285714285714
Bhadra_Dam,2020,2,0.0134684483919568,1.027304648026722,-0.0306171813962271,0.0171558074747323,24.87848791090761,25.06984056494701,13.30892704492328,1.934909556902224,1.0933655422450044,650704066.0,0.040293220430612564,1.1399388313293457e-06,0.2585371390156362,33.82142857142857,5.639285714285714
Bhadra_Dam,2020,3,0.0092693720074647,1.0187121943050186,-0.0282926040465097,0.019028222279237,29.46521280426612,26.708338755946045,16.724150471020778,6.393712653267768,0.4522341895109165,709511494.5170898,0.041709146462380886,2.4206936359405518e-05,0.2629086484191238,33.82142857142857,5.639285714285714
Bhadra_Dam,2020,4,0.0526336233929671,1.111115666953419,-0.0434887369015016,-0.0091658668839528,21.69703693090753,27.1095534642538,19.43319865332711,63.72034122097877,0.6756973884250699,693645702.0,0.06362096033990383,0.0003215000033378601,0.3336064444647895,33.82142857142857,5.639285714285714
Bhadra_Dam,2020,5,0.0418851331047068,1.0874323832181685,-0.027148415072062,-0.014753494452177,30.56414568940579,26.51714249887777,21.705236176521566,196.5224866867065,1.43248935988916,641532234.0,0.07826031371951103,0.0005076155066490173,0.3789229649369434,33.82142857142857,5.639285714285714
Bhadra_Dam,2020,11,0.0477578822912979,1.1003061750854155,-0.0472265742152457,-0.0005325091190439,28.281017375469503,22.928944036695725,17.71235822041831,44.60912196097835,1.936371755977505,506974176.0,0.08246216643601656,0.00011786818504333496,0.3776436699761284,33.82142857142857,5.639285714285714
Bhadra_Dam,2020,12,0.0216993444568613,1.0443613000439302,-0.0248833315028358,0.003185707174876,25.230728575899832,22.67710867030649,15.135285252396784,8.521816689641245,2.1497566302805247,527554464.0,0.0590099710971117,3.896653652191162e-05,0.295364256828062,33.82142857142857,5.639285714285714
Bhadra_Dam,2021,1,0.0181567343556675,1.0369849954488457,-0.027682948544824,0.0095310047766051,24.869819269717027,22.58411453411145,15.530396233835576,15.809812134312043,1.665265607687506,572340408.0,0.07077349536120892,0.004704214632511139,0.3636837005615234,33.82142857142857,5.639285714285714
Bhadra_Dam,2021,2,0.0145946185732114,1.029621552405325,-0.0249781479892655,0.0103873160762163,25.49004507011716,22.73286670049032,13.749049395606676,3.210836395140617,1.1772242770592398,615977502.0,0.05786206666380167,0.0003839358687400818,0.3247736522129604,33.82142857142857,5.639285714285714
Bhadra_Dam,2021,3,0.0056524979840804,1.011369260691299,-0.028815021577821,0.0231662968472292,26.987103144859645,26.181075586298505,14.80025476845367,12.152140611602414,0.4119670140210892,771328959.0380859,0.05719165224581957,4.731118679046631e-06,0.2800144482684392,33.82142857142857,5.639285714285714
Bhadra_Dam,2021,4,0.0297792721238663,1.0613865922841184,-0.034764185422722,0.0049900792891079,30.62911266858532,26.51215379503043,19.25172708299425,110.96826999802742,0.8909420172453466,680317850.0,0.06530664302408695,0.0004624798893928528,0.3402960459391276,33.82142857142857,5.639285714285714
Bhadra_Dam,2021,6,0.0458391585095207,1.0960826655554552,-0.0293417089149962,-0.0165196685362481,30.072649071562864,22.78411702050107,20.397742356194385,187.5920088983351,2.52927027685383,437372824.0,0.08324299566447735,0.011400699615478516,0.4752637227376302,33.82142857142857,5.639285714285714
Bhadra_Dam,2021,10,0.050526287366665,1.1064300921539618,-0.0323332083468298,-0.0182228492691308,24.083606114904622,23.17448151291057,20.57017827597997,309.8270162766979,0.0114709033105213,478972462.0288086,0.09223491977900267,0.025088585913181305,0.4702927579161941,33.82142857142857,5.639285714285714
Bhadra_Dam,2021,11,0.0665702485475687,1.1426357975926618,-0.0137489552057929,-0.0528696834491303,25.06807655222576,22.01404012044276,19.50038731892909,216.283161071039,1.2515792319736114,340394364.0,0.06714075803756714,0.017313219606876373,0.4654463238186306,33.82142857142857,5.639285714285714
Bhadra_Dam,2021,12,0.0200946318515345,1.0410134131411146,-0.0279815321519438,0.0078913374304711,25.66736393537008,21.77725675849507,15.740454528152329,24.337734784330088,1.6366873655126082,550981836.0,0.07169198989868164,4.920363426208496e-05,0.3561773812899025,33.82142857142857,5.639285714285714
Bhadra_Dam,2022,1,0.0147249667820256,1.0298900637600303,-0.0253901437567725,0.0106691658453621,25.89885906660561,22.748788575203207,14.2585500163417,3.6864001395240895,0.5320120052660916,605090384.0,0.04914259258657694,9.097158908843994e-06,0.2709322078253633,33.82142857142857,5.639285714285714
Bhadra_Dam,2022,2,0.0267399174373272,1.054949171175127,-0.0370248848484267,0.0102951600556984,25.64510783249329,24.44326789492652,11.98225598562334,1.791474733201246,0.9717564226998908,640913084.0,0.03956164978444576,2.7567148208618164e-07,0.2577439716884068,33.82142857142857,5.639285714285714
Bhadra_Dam,2022,3,0.0075741519005346,1.0152639150119669,-0.030985849205119,0.0234171931214346,28.008628708136143,26.444835896645827,14.161295047883073,12.241138373651811,0.3983182745585842,702941394.0039062,0.04146695975214243,3.247708082199097e-05,0.2658077773227486,33.82142857142857,5.639285714285714
Bhadra_Dam,2022,4,0.0405420300040555,1.0845102782443443,-0.0331639367801872,-0.0073880266718976,30.02818690812853,27.49542882707385,19.503072781032984,97.54603056753837,0.6734478162692373,651894468.0,0.05374334193766117,0.00021028518676757812,0.3048057344224718,33.82142857142857,5.639285714285714
Bhadra_Dam,2022,5,0.0602914481293838,1.128319462474542,-0.028164592766174,-0.0321815022599918,31.39162834574995,24.49585677526335,20.743444820116963,214.6484748163531,2.1462707619147685,532814008.0,0.07836475968360901,0.039000801742076874,0.4048956183977024,33.82142857142857,5.639285714285714
Bhadra_Dam,2022,10,0.0341811100361285,1.07078161421632,-0.0452694322400262,0.0111055064141354,30.829319303252987,22.58132133483889,19.041985653292784,143.1821735366698,0.1613389844493468,534814495.3046875,0.09675131551921368,0.008895181119441986,0.4556462072557019,33.82142857142857,5.639285714285714
Bhadra_Dam,2022,11,0.0580475670566233,1.123249465740512,-0.0305335493308061,-0.0275628701086249,21.219007154375674,22.42563167148171,16.96240490807429,21.560927937107703,1.487976764120592,514014272.0,0.07917652744799852,0.00030662864446640015,0.3826357311672634,33.82142857142857,5.639285714285714
Bhadra_Dam,2022,12,0.0250637948228453,1.051416276654309,-0.0286694935730474,0.0036082915469249,25.820098614676567,22.08899693642894,15.74708016508373,14.84887336723266,1.7137686400289174,516931348.0,0.07368292193859816,0.000820256769657135,0.3868770189182732,33.82142857142857,5.639285714285714
Bhadra_Dam,2023,1,0.0177531439205763,1.0361480290024787,-0.0243473204731377,0.0065970280617637,24.704373809343736,22.37653829513061,11.301252742480244,3.6142157758435896,1.6366841664804288,653887164.0,0.05872998386621475,4.820525646209717e-06,0.284918221094275,33.82142857142857,5.639285714285714
Bhadra_Dam,2023,2,0.0146452966796686,1.0297259385484612,-0.0241804774188928,0.0095385586315263,24.892306681740934,24.700198359716524,9.30499617712843,1.790936830603788,1.6544136065700468,673910288.0,0.04227095004171133,4.246830940246582e-07,0.2594351087297712,33.82142857142857,5.639285714285714
Bhadra_Dam,2023,3,0.0163426465885467,1.0332283320647546,-0.0242842612271661,0.0079447676714061,26.95002313903285,25.95457122966809,10.63161235522199,6.310693740844727,0.4111055578403028,771092337.1289062,0.04227852541953325,2.0191073417663574e-05,0.2618273663264449,33.82142857142857,5.639285714285714
Bhadra_Dam,2023,4,0.019112254108064,1.0389692993680637,-0.0327582744370246,0.0136545692426421,30.57011127864439,27.671218872070312,16.503891605801073,11.290533829119898,0.4442893090098034,737468016.0,0.04329974018037319,0.00018659234046936035,0.2754426956176757,33.82142857142857,5.639285714285714
Bhadra_Dam,2023,5,0.0287567010922775,1.0592162666648364,-0.0262608389697756,-0.0024977483598609,30.99917235145881,26.070069905763035,20.45148337579548,108.39300030277622,1.5212526056128048,686301030.0,0.08443031180649996,0.000645861029624939,0.3924768714494602,33.82142857142857,5.639285714285714
Bhadra_Dam,2023,6,0.0492859235711288,1.1036819056182687,-0.0217914984739992,-0.0275239862472259,30.66538387042237,24.44873097737633,20.824932882520898,103.28732382866644,2.60090757096709,506068448.0,0.07158079370856285,0.005851097404956818,0.4108902401394314,33.82142857142857,5.639285714285714
Bhadra_Dam,2023,8,0.0502371896185741,1.1057889171263693,-0.0404080563063417,-0.0098491269136681,28.69083438098733,23.141946349605465,20.07894244040216,62.93449538753879,2.407350278562153,554243822.0,0.09108404908329248,0.0008892640471458435,0.4467818147392683,33.82142857142857,5.639285714285714
Bhadra_Dam,2023,10,0.0302884412210984,1.0624689701734376,-0.0310112900064773,0.0007235283837489,27.974262987597623,24.23604920910253,19.760362161615888,87.93340430721159,0.4118138611499558,584797798.7539062,0.10452328529208899,0.0012885406613349915,0.4430551426385039,33.82142857142857,5.639285714285714
Bhadra_Dam,2023,12,0.0598740960990836,1.1273746332286871,-0.0279508974322691,-0.0319767128058919,20.882867079949733,23.904149238012167,16.03810460900752,22.235009781295258,1.7231253160435016,535929240.0,0.06731534376740456,5.005300045013428e-05,0.3120130518431304,33.82142857142857,5.639285714285714
Bhadra_Dam,2024,1,0.01063192491514,1.02149235493419,-0.024773143262188,0.0141449439300658,26.291009886393,23.77684555053713,15.904436283726852,12.554499572323214,0.9677652033438844,566665442.0,0.05791887082159519,0.00018221139907836914,0.3210781876758862,33.82142857142857,5.639285714285714
Bhadra_Dam,2024,2,0.0079290059517522,1.015984755122004,-0.0249295591150181,0.0170039142695705,26.5986255300046,25.77672852264056,12.700626978380969,1.791476756935158,0.9352781755484753,678010204.0,0.04154354799538851,2.384185791015625e-07,0.2602331665740616,33.82142857142857,5.639285714285714
Bhadra_Dam,2024,3,0.0057645444864425,1.011595934251741,-0.0267042614453247,0.0209429408712842,29.77977734118189,27.83568401541765,16.045992767169935,4.08243227197278,0.3278806312868974,747294207.1640625,0.03745454270392656,6.556510925292969e-07,0.2562168285410891,33.82142857142857,5.639285714285714
Bhadra_Dam,2024,4,0.0115522600843081,1.023374549038462,-0.0278744400668031,0.0163274376260973,31.20687601274642,28.935312970479345,19.300133323669456,80.19079811726847,0.5756616695151665,727193998.0,0.05016003455966711,0.0006948262453079224,0.2916238784790039,33.82142857142857,5.639285714285714
Bhadra_Dam,2024,5,0.0320930562139502,1.0663143423445556,-0.0192802004056681,-0.0128207888066852,27.88359175917617,26.36472471093623,21.624044200938272,211.25218702131696,1.379758014092508,583425896.0,0.07220088224858046,0.010248810052871704,0.3849880054432859,33.82142857142857,5.639285714285714
Bhadra_Dam,2024,10,0.0417382865670265,1.087112499606186,-0.0510218119443717,0.0093033374205679,29.51361483391679,23.256234802738334,20.80675835558168,314.815919445407,0.2230863765674303,474172811.7487793,0.09078515786677599,0.025555580854415894,0.4690067127186765,33.82142857142857,5.639285714285714
Bhadra_Dam,2024,11,0.0522763606956704,1.1103198412019006,-0.0418185997726187,-0.0104806729759343,21.18184736793557,22.58853306240508,17.71124812232125,26.478745800833547,1.6215354472648398,519308632.0,0.08193192817270756,9.441375732421875e-05,0.3739319483439127,33.82142857142857,5.639285714285714
Bhadra_Dam,2024,12,0.0228784636266199,1.0468282865026888,-0.0325323041590247,0.0096610311329329,25.17086925519629,22.179898300991283,17.97207792138545,31.88593833436889,1.297350910475466,478491484.0,0.07030231785029173,0.0032950937747955322,0.4005306202878234,33.82142857142857,5.639285714285714
Bhadra_Dam,2025,1,0.0246603291956193,1.0505676738756695,-0.0250304503280404,0.0003703497341813,22.4893448931781,22.377128957933,12.69125194754656,5.285154444556083,1.9642911209726213,649086520.0,0.05899047292768955,5.7891011238098145e-06,0.2892166055658812,33.82142857142857,5.639285714285714
Bhadra_Dam,2025,2,0.0031166610268327,1.006252809942722,-0.028724818916881,0.0256104506790555,26.40304759885976,25.280947916848334,10.182461016518744,1.794211322081185,1.5607599550354443,670490742.0,0.04237485025078058,2.3096799850463867e-07,0.258562133425758,33.82142857142857,5.639285714285714
Bhadra_Dam,2025,3,0.0056997347616255,1.011464815933161,-0.0286273065523556,0.0229313134485277,29.36794922370302,27.26602415679605,15.227991460984754,53.31623972615888,0.2649745534809458,745830774.0930176,0.040970454923808575,1.755356788635254e-05,0.2597154596800445,33.82142857142857,5.639285714285714
Bhadra_Dam,2025,4,0.0651255038050775,1.139324591846602,-0.0257032012418604,-0.0394884035417582,15.911972542122896,26.81861294640436,20.023740768432617,121.47837026657596,0.91782662916968,655642876.0,0.06267930939793587,0.00025975704193115234,0.3342578040228949,33.82142857142857,5.639285714285714
Bhadra_Dam,2025,5,0.0376631285615567,1.0782743126224814,-0.0310795672812313,-0.0065912767239337,31.805546741671264,24.67283807569936,20.49820859765498,226.85947552804024,2.1340462150813555,516167076.0,0.07002508267760277,0.01680026203393936,0.3962266163159442,33.82142857142857,5.639285714285714
Bhadra_Dam,2025,11,0.0295638459496933,1.060928987087513,-0.0348864417589408,0.0053280910819206,26.202679764025103,22.24322524600564,16.959062745836093,39.51088099710403,1.171930171038758,532785616.0,0.08263719826936722,4.581362009048462e-05,0.3678370581732856,33.82142857142857,5.639285714285714
Bhadra_Dam,2025,12,0.0235243542162224,1.0481821626945758,-0.0278407608360737,0.0043192354422874,23.40365956716897,21.08561213093424,12.967141826178477,13.206560145943394,1.9953402225805328,602627552.0,0.06200459599494934,4.2475759983062744e-05,0.2974589563185169,33.82142857142857,5.639285714285714
Bhadra_Dam,2026,1,0.0115317020480136,1.0233324671553077,-0.0221768383834308,0.0106478593837592,24.47524844489976,22.46062937910841,12.375890063214058,3.654073041292929,1.7654801241686258,620496380.0,0.045073630288243294,6.817281246185303e-06,0.2629500973609186,33.82142857142857,5.639285714285714
Bhadra_Dam,2026,2,0.0123063902629885,1.0249194489903917,-0.035345308741906,0.0230489441510665,25.44570905047624,24.07497858319965,11.379002189636251,1.8492186091720093,1.2461125376546651,647522768.0,0.03657897748053074,5.364418029785156e-07,0.2568694750467936,33.82142857142857,5.639285714285714
Bhadra_Dam,2026,3,0.0095997835568671,1.019385665304766,-0.0379584084015493,0.0283689622819072,27.73502952682486,26.012715029972867,16.213232274209304,63.61510845922655,0.1525469465180556,737090630.6914062,0.04518164601176977,9.689480066299438e-05,0.2802738066642515,33.82142857142857,5.639285714285714
Bhadra_Dam,2026,4,0.0198038097206054,1.0404078487898645,-0.0349787417550578,0.0151854511839668,30.184314460058488,27.885209041171606,18.921928151448583,46.24726977271418,0.9346204620310522,716885068.0,0.042600042186677456,4.8354268074035645e-05,0.2704995897081163,33.82142857142857,5.639285714285714
Bhadra_Dam,2026,5,0.0438056906839843,1.0916250813400457,-0.0360962799127357,-0.0077216203709047,27.281022013216216,,,,,,,,,33.82142857142857,5.639285714285714
Bhavanisagar_Dam,2016,1,0.163657494878175,1.3913647671281182,-0.0182280479986849,-0.1458645837858168,29.81298251845056,23.464406503656903,16.91933191771153,5.799647536128759,0.4020360155919628,598182176.0,0.10136206168681383,0.0005261003971099854,0.3058185167210076,27.873701476216507,6.394190814652815
Bhavanisagar_Dam,2016,3,0.1202054654488471,1.2732580408905874,0.0093518913457097,-0.1294118786315178,39.33905398522171,28.780009288172607,17.221068380212273,6.835637025535107,0.6758392173356749,744361498.5644531,0.09104584716260433,1.4193356037139893e-05,0.2302280754171392,27.873701476216507,6.394190814652815
Bhavanisagar_Dam,2016,4,0.1169946578341373,1.2649919592721133,0.015720025444222,-0.1324710479585332,40.69629321185732,30.9692057715522,19.004328240288658,15.6256349068135,0.5640191718728232,704441940.0,0.08480672724545002,0.00012242794036865234,0.236012225680881,27.873701476216507,6.394190814652815
Bhavanisagar_Dam,2016,5,0.1160682157577501,1.2626180386923174,0.021233524045409,-0.1369641864636761,45.689673195789794,29.024482796781854,21.5546584877917,173.7259946614504,0.2084378706468505,638951150.0,0.11025796737521887,0.003818511962890625,0.3273002460438718,27.873701476216507,6.394190814652815
Bhavanisagar_Dam,2016,12,0.1268147309853841,1.2904646596443246,0.0023720404543189,-0.1291479224954847,34.212590453867506,23.85861053056618,17.59531635161369,37.10866314545274,0.0890082570988926,550771376.0,0.10425146948546171,0.0053536370396614075,0.3720799928070396,27.873701476216507,6.394190814652815
Bhavanisagar_Dam,2017,1,0.1068501485166244,1.2392658932634066,0.0097707001044643,-0.1164992233436962,34.19341243757839,23.88766385970581,16.027084727953877,11.895341537892818,0.3472039252859982,587028938.0,0.0819691177457571,0.0013472437858581543,0.2726617628528225,27.873701476216507,6.394190814652815
Bhavanisagar_Dam,2017,2,0.0917208689572603,1.2019662586587478,0.010386504355441,-0.1020101923639512,34.31560043673221,25.49700617109028,13.182352343059732,4.897281634621321,0.4333121053290773,683824794.0,0.08591409586369991,2.4460256099700928e-05,0.2581743512834821,27.873701476216507,6.394190814652815
Bhavanisagar_Dam,2017,3,0.1164353921639961,1.2635582981286806,0.0053765449973707,-0.121735728145585,36.43880720797267,27.99163343368042,17.295161327239043,42.94107382372022,0.5828215910300191,690744184.2438965,0.08644395787268877,0.0005599558353424072,0.2646504268851331,27.873701476216507,6.394190814652815
Bhavanisagar_Dam,2017,4,0.1106417967222196,1.2488126748355004,0.013275619253798,-0.1237356682791027,12.325462898063163,30.360002030266685,18.44126633538144,28.97167243622243,0.1167938793497137,684877250.0,0.08783594891428947,0.0008586272597312927,0.2628032896253798,27.873701476216507,6.394190814652815
Bhavanisagar_Dam,2017,5,0.1349742848188148,1.3120699938742135,0.0129161891683564,-0.1476330973256481,37.472955679030406,29.49814264030869,21.010761822936388,146.87046480178833,0.3143516690773674,651175156.0,0.11609817761927843,0.0027036964893341064,0.330373784547211,27.873701476216507,6.394190814652815
Bhavanisagar_Dam,2018,1,0.1143899686941303,1.2583303364923668,-0.0025873535625245,-0.1118357148453913,31.330043999426152,23.72914514028901,15.927675870669816,5.693709110841156,0.3167863879383469,624119932.0,0.09819138422608376,0.00017721205949783325,0.2736698068598265,27.873701476216507,6.394190814652815
Bhavanisagar_Dam,2018,2,0.0989758064126684,1.2196962237353624,0.0201106484300605,-0.1188498879859803,37.640937726314405,25.148127242497083,14.323303204491026,4.471659438684583,0.3516412311776737,657342362.0,0.08882884029299021,0.00033690035343170166,0.256231149037679,27.873701476216507,6.394190814652815
Bhavanisagar_Dam,2018,3,0.0881992828502803,1.1934617536296537,0.0166019353795517,-0.1046479844053901,22.74484332411015,27.6545584770941,15.5263129490678,42.93075569905341,0.335549874030148,725926303.7617188,0.10278763994574547,0.0011146366596221924,0.2747799863097488,27.873701476216507,6.394190814652815
Bhavanisagar_Dam,2019,1,0.1413027145680907,1.329109494033204,0.0013575466132034,-0.1426329006220517,31.04617679270791,22.96916107259773,13.943909540484071,6.1540934555232525,0.3028541764705918,651315692.0,0.10723342467099428,0.0028780102729797363,0.3099082413540092,27.873701476216507,6.394190814652815
Bhavanisagar_Dam,2019,2,0.1210255915124702,1.2753791016981293,0.0064154893303361,-0.1273422074641307,34.44246309061066,25.90359195527577,16.660297375633604,4.138412207365036,0.391124437929495,618747020.0,0.10251943115144968,0.00017210841178894043,0.2943082536969866,27.873701476216507,6.394190814652815
Bhavanisagar_Dam,2019,3,0.1172639604252365,1.2656829565534122,0.0111345872086313,-0.1282311180846636,38.059792266309216,28.59159899065571,15.775642813405682,7.542741537094116,0.598927424502511,763851846.7844238,0.09721190389245749,0.00014650821685791016,0.2400177986391129,27.873701476216507,6.394190814652815
Bhavanisagar_Dam,2019,4,0.1142594496585222,1.257997558347017,0.0208436351685718,-0.1347820901890012,41.34225892995761,30.024684206644736,17.7911224577162,42.91677248105406,0.5101938063397612,699418356.0,0.0969140212982893,0.0014290809631347656,0.2722384982638889,27.873701476216507,6.394190814652815
Bhavanisagar_Dam,2019,5,0.1712541157981995,1.4132849865387664,-0.0075188083943443,-0.1639464092077929,36.985077614073646,29.62195286494432,21.59778983413537,128.96800908446315,0.3678093797195206,670983196.0,0.12789874896407127,0.004011228680610657,0.339401614281439,27.873701476216507,6.394190814652815
Bhavanisagar_Dam,2019,12,0.2007991826815437,1.5024999432690311,-0.0209294860545916,-0.1806288115501388,30.268494832860767,22.914726019418367,19.55556183271512,31.240586139261723,0.3485641016930574,444717792.0,0.09108306560665369,0.008030548691749573,0.4258169768958963,27.873701476216507,6.394190814652815
Bhavanisagar_Dam,2020,1,0.1586848070575288,1.3772303374257016,-0.0144310176605775,-0.144584886365381,31.84526228318282,23.466229887931604,17.43434798127862,7.094579607248306,0.4185147363396805,623573840.0,0.10727686155587435,0.0008193105459213257,0.3299906125632665,27.873701476216507,6.394190814652815
Bhavanisagar_Dam,2020,2,0.125369024915698,1.2866786758921138,-0.0031352806956907,-0.1222818091741235,32.15941092330672,24.678861981972886,16.445814167768106,4.15660865418613,0.5437642899681446,656706696.0,0.09181062411516905,0.00015610456466674805,0.2485098564761808,27.873701476216507,6.394190814652815
Bhavanisagar_Dam,2020,3,0.1173633993677947,1.2659382112269784,0.0043976810566149,-0.1216982686866533,38.42529946537047,27.662036042572367,17.21740903956919,14.212774157524109,0.6074921164766514,722440342.5170898,0.09471607580780983,0.00021442770957946777,0.2432261641307543,27.873701476216507,6.394190814652815
Bhavanisagar_Dam,2020,4,0.1172600016242083,1.2656727957041989,0.0066309231136115,-0.1237946691763415,38.4341566758975,29.1586555692885,18.34348239898685,70.31312084570527,0.4041025158704232,685047516.0,0.09083233773708344,0.0007406249642372131,0.2597563213772244,27.873701476216507,6.394190814652815
Bhavanisagar_Dam,2020,5,0.1272692654594722,1.291657576437884,0.0026060471701927,-0.1298322512046757,33.705094759689814,30.023477029287733,20.409739389727235,76.53034070879221,0.1129336917188316,663052080.0,0.10118944570422173,0.001496739685535431,0.2846476852252919,27.873701476216507,6.394190814652815
Bhavanisagar_Dam,2020,7,0.1571532039129557,1.3729104853753895,-0.0025567594840717,-0.1546585867044228,35.76783556747341,24.99956012848889,22.38656895955404,9.77640448510647,0.187395624008976,465152892.0,0.10022913385182619,0.1328924149274826,0.4635500138805759,27.873701476216507,6.394190814652815
Bhavanisagar_Dam,2020,12,0.1780236593445215,1.433160057143635,-0.0303024965588987,-0.1485223758502355,29.52301952183666,22.47289685075004,18.84971685101914,51.373944440856576,0.0926548269566165,459392376.0,0.09286415949463844,0.01624646782875061,0.4273741117087744,27.873701476216507,6.394190814652815
Bhavanisagar_Dam,2021,1,0.1455632342106921,1.3407232460935232,-0.0177068068386036,-0.128186823792037,30.705257178752845,22.746987833002606,18.980113765757608,41.51078921556473,0.3094680292497007,498940408.0,0.09825133718550205,0.01217496395111084,0.4339121746760542,27.873701476216507,6.394190814652815
Bhavanisagar_Dam,2021,2,0.1208811789395927,1.275005325887083,-0.0045773267562932,-0.1163682402032082,32.19575344922487,24.25084010078797,15.693838737124508,5.429417127743363,0.4148526464491391,610988354.0,0.10933241993188858,0.000827401876449585,0.3158546402340844,27.873701476216507,6.394190814652815
Bhavanisagar_Dam,2021,3,0.1383015471221641,1.3209975523578463,-0.0151608037655701,-0.1233994827789672,29.266534490406457,27.503131197857613,14.552583292479198,15.704500112682585,0.4806109610479607,796830647.0380859,0.11700130347162485,1.0885298252105713e-05,0.2433835101383988,27.873701476216507,6.394190814652815
Bhavanisagar_Dam,2021,4,0.1336724918696217,1.3085957461009183,-0.0027356419058426,-0.1309847484758252,37.61605435167348,28.15601501464846,19.7814688364665,53.2915360527113,0.1113245620342698,646595876.0,0.10924363322556019,0.006259121000766754,0.3052471160888672,27.873701476216507,6.394190814652815
Bhavanisagar_Dam,2021,12,0.1925924384652393,1.4770637473326358,-0.0447813322457589,-0.149097000152016,28.15208551054468,22.77515137375042,18.91884256998702,16.46676842868328,0.1624536572860335,546308208.0,0.10406991001218557,0.003642365336418152,0.407586190008348,27.873701476216507,6.394190814652815
Bhavanisagar_Dam,2022,1,0.1531117318957312,1.361586616941729,-0.0088876653613631,-0.1444205949227759,31.69637177762212,23.33813879361719,18.04093671409032,13.473042301833631,0.3426884414078655,570362364.0,0.09720200393348932,0.0010332614183425903,0.3261752179873887,27.873701476216507,6.394190814652815
Bhavanisagar_Dam,2022,2,0.1321665691920355,1.3045897161831774,-0.0071756029624365,-0.1251096170408196,32.213944960716844,24.419292704264365,16.727143564678386,4.850043267942965,0.503026715129424,614194760.0,0.0895690806210041,0.00023774057626724243,0.2703667368207659,27.873701476216507,6.394190814652815
Bhavanisagar_Dam,2022,3,0.1243264826333089,1.2839562466321492,0.0028662750397779,-0.1271474481848197,37.6675986201858,27.2180213805168,16.089383820564535,17.925105914473534,0.2054409062777539,723205010.0039062,0.08920187875628471,9.788572788238525e-05,0.2370718063846711,27.873701476216507,6.394190814652815
Bhavanisagar_Dam,2022,4,0.122435345988619,1.2790343604404812,0.0086580377478249,-0.130954565369429,40.047274245693984,27.990627394782223,19.9770446777344,94.78904422558846,0.2277578451607967,662324488.0,0.10325602907687426,0.0016954168677330017,0.3006760915120443,27.873701476216507,6.394190814652815
Bhavanisagar_Dam,2022,5,0.1912398315176732,1.4729209943079735,-0.0153457399639711,-0.1764118102437513,38.162620944469495,26.66528511867733,22.153314926803773,235.5557332038879,0.4066811488606686,554410442.0,0.11409643292427063,0.022637121379375458,0.4068443134266843,27.873701476216507,6.394190814652815
Bhavanisagar_Dam,2022,6,0.1752626918602973,1.4250145837481851,-0.0074905365853381,-0.1679926980385707,33.642161308552886,26.07631829579674,22.16976598103844,7.163316857535392,0.3980412622090468,569043168.0,0.12550379056483507,0.04145257920026779,0.4523954815334744,27.873701476216507,6.394190814652815
Bhavanisagar_Dam,2023,1,0.159401027892507,1.3792558239581654,-0.0181158001013856,-0.141694395460203,30.45722175909185,23.18736868827574,14.8208469965125,8.7843853905797,0.2191143282042372,645329038.0,0.10751523915678263,0.0002320706844329834,0.2994127991378948,27.873701476216507,6.394190814652815
Bhavanisagar_Dam,2023,2,0.1192428921489456,1.2707736130336422,-0.0105558772069051,-0.1088239931525538,33.01994989108971,25.04981645402455,13.602809955960254,6.811360959894955,0.2474878263031136,664164432.0,0.09059220179915428,0.00012067705392837524,0.2455964315505255,27.873701476216507,6.394190814652815
Bhavanisagar_Dam,2023,3,0.1083503168894979,1.2430333772149618,-0.0031850172735718,-0.1052016044403842,36.15973203305043,26.59678970665061,15.9974741453766,22.25601891800761,0.2275942951554717,724087547.1289062,0.08665069006383419,0.0001395493745803833,0.2385987517654255,27.873701476216507,6.394190814652815
Bhavanisagar_Dam,2023,4,0.1184765147385009,1.2687994516750862,0.001971523512813,-0.1204199106607605,38.150690791281136,28.69879591200089,17.522275394863584,27.25155926123261,0.394017724789227,693567990.0,0.0888345967978239,0.0008223801851272583,0.2586816575792101,27.873701476216507,6.394190814652815
Bhavanisagar_Dam,2023,5,0.1833076869768162,1.4489026872268669,-0.0134919321415314,-0.1702367801625645,41.12508757620896,27.212532523370555,22.527602747435253,184.2277076840401,0.4736819325528094,609480904.0,0.13408027309924364,0.015318997204303741,0.4307878145607569,27.873701476216507,6.394190814652815
Bhavanisagar_Dam,2023,8,0.1141870303649362,1.257812956637966,0.0097969670395032,-0.1238454531588853,30.874869368328973,26.89203823048581,21.15619063428653,55.35563916899264,0.6459207048956751,651079384.0,0.13871371373534203,0.002775527536869049,0.3716992614089802,27.873701476216507,6.394190814652815
Bhavanisagar_Dam,2023,10,0.1891203388970038,1.4664572265624558,-0.0198798944702298,-0.1698791377263105,35.41410962443058,25.773436851911697,20.834940559633367,112.3589965067804,0.0520229855241127,583442648.7539062,0.12784276716411114,0.021696828305721283,0.4199177936841083,27.873701476216507,6.394190814652815
Bhavanisagar_Dam,2023,11,0.198640981250719,1.4957602687513207,-0.0261604634622655,-0.1733815017203099,32.18304844926456,24.142087703281,20.83871267106798,254.69699303805828,0.2069079601533399,448155366.0,0.09763385821133852,0.019335567951202393,0.4468704223632812,27.873701476216507,6.394190814652815
Bhavanisagar_Dam,2024,1,0.1671180350282485,1.401300645365557,-0.0214559932875296,-0.1461862192459022,31.111109920199223,24.04286432573872,18.50506947425106,17.54817082732916,0.554827360296416,534977298.0,0.10659924987703562,0.007595449686050415,0.3952688811927713,27.873701476216507,6.394190814652815
Bhavanisagar_Dam,2024,2,0.1454832032510317,1.3405040224007918,-0.0122463703925092,-0.1334746367695987,32.644854597922915,26.12101450952992,17.203320943898177,3.02481334656477,0.4681217620755025,641880600.0,0.10724321939051151,0.00023449957370758057,0.27113326938673,27.873701476216507,6.394190814652815
Bhavanisagar_Dam,2024,3,0.1285424504109699,1.2950056499518288,0.0055279875298698,-0.1339752376740469,35.875516005423265,28.8804063776488,15.712517674764,4.096071532927453,0.7716672934139059,773861115.1640625,0.10421700868755579,7.4356794357299805e-06,0.2316705642207976,27.873701476216507,6.394190814652815
Bhavanisagar_Dam,2024,4,0.125407661240665,1.286779693082068,0.0205665097360808,-0.1455986432638519,36.21953188809118,30.747425058152945,17.231578636169445,8.500554796308279,0.6312127904102065,766091432.0,0.0940420376136899,0.00016107410192489624,0.2372341156005859,27.873701476216507,6.394190814652815
Bhavanisagar_Dam,2024,5,0.122307073552434,1.2787012857616795,0.0167600831391103,-0.1387826693283765,41.43844390590198,28.10590939675609,22.518882595595528,224.64241598546505,0.211373400527653,550333112.0,0.10736206453293562,0.023130133748054504,0.3763675279514764,27.873701476216507,6.394190814652815
Bhavanisagar_Dam,2024,9,0.1227528387019887,1.2798591870513634,0.0114187013430832,-0.1339837379866219,39.89763862718837,25.90263038211401,21.49341689215771,22.481549788266424,0.3670435711628205,585050629.0625,0.1272716037929058,0.016206160187721252,0.4379853142632378,27.873701476216507,6.394190814652815
Bhavanisagar_Dam,2024,10,0.2282074801502255,1.5913700231109909,-0.0402650665009581,-0.1896853927688986,30.14590177563639,24.6608099455475,21.95712010373353,321.9074556529522,0.1207995389180004,450430543.7487793,0.09731603506952524,0.05328048765659332,0.4544900463473412,27.873701476216507,6.394190814652815
Bhavanisagar_Dam,2024,11,0.2196467711977443,1.5629419167903609,-0.033368684033975,-0.1876534601177447,32.28970816960839,23.770954937405065,20.42450767093237,110.706144079566,0.1698375756811928,442253052.0,0.09602787904441357,0.01574823260307312,0.4388204150729709,27.873701476216507,6.394190814652815
Bhavanisagar_Dam,2024,12,0.1896982706358504,1.468216378569766,-0.0285452516229615,-0.1620304112378556,32.551149541351094,23.20557506930448,19.777781361405573,49.5473981499672,0.0785927989026338,478408928.0,0.0968486089259386,0.027334600687026978,0.438024192728022,27.873701476216507,6.394190814652815
Bhavanisagar_Dam,2025,1,0.1567631520836292,1.3718128601020918,-0.022368535563411,-0.1348675379229394,32.028410750482806,22.56750876724084,17.027081815658107,8.16978045925498,0.2717296358750813,612990380.0,0.1097134342417121,0.0005732625722885132,0.3514787407331569,27.873701476216507,6.394190814652815
Bhavanisagar_Dam,2025,2,0.1153798677390475,1.2608574314133103,-0.0078308774950438,-0.1076462513889173,32.60036754028448,24.9003995305016,14.831636751265762,3.2595288548618555,0.3939780153466372,679222980.0,0.09819537401199341,5.389004945755005e-05,0.2478453545343308,27.873701476216507,6.394190814652815
Bhavanisagar_Dam,2025,3,0.125008572290948,1.2857366788569622,-0.0049035233034286,-0.1201787164312376,36.337768269803576,27.09156336630548,17.76058292183825,29.752230126410723,0.3599687373883843,716457176.0930176,0.10610690899193287,0.0008500814437866211,0.2771382895849084,27.873701476216507,6.394190814652815
Bhavanisagar_Dam,2025,4,0.1531096568844561,1.3615808306921902,-0.0133752353176497,-0.1400211677924891,36.92823201722433,28.229119131300195,20.323653962877074,39.27628754451871,0.2003173570007687,663632622.0,0.1216700579971075,0.002795591950416565,0.3264130274454752,27.873701476216507,6.394190814652815
Bhavanisagar_Dam,2025,5,0.1347188234720993,1.3113873897330883,0.0071487442325022,-0.1417310707039021,42.8451246358996,27.06836951471149,21.83298314822622,240.3336579203606,0.1879835774178639,561119740.0,0.10650168731808662,0.02093997597694397,0.371855233305244,27.873701476216507,6.394190814652815
Bhavanisagar_Dam,2025,10,0.2093917206567107,1.529697768484387,-0.0202547829278381,-0.1899425188721112,34.46520652854201,24.39081166175106,21.4995881234446,269.1504111289978,0.160940671435321,479733636.6101074,0.10228285286575556,0.040067896246910095,0.4554355375228389,27.873701476216507,6.394190814652815
Bhavanisagar_Dam,2025,11,0.1974423107594838,1.4920326934910542,-0.0239865752327067,-0.1742811248063363,33.15833223566301,23.585206582811168,19.636740154690244,57.33363690972329,0.2473544947607845,481302156.0,0.10049782413989305,0.0034508630633354187,0.4154579586452908,27.873701476216507,6.394190814652815
Bhavanisagar_Dam,2025,12,0.1454269275834041,1.3403498946489387,-0.0038233085712856,-0.141682396127207,30.62303500047102,22.41833117495304,16.716616792576303,11.223005341365932,0.076005339746902,575188312.0,0.10207866039127111,0.0010665878653526306,0.3596946757326844,27.873701476216507,6.394190814652815
Bhavanisagar_Dam,2026,1,0.1417378885020437,1.3302904476457975,-0.0195426332542259,-0.1225346678932297,29.95306713649842,22.48422438918908,16.265341613113264,15.52617982029915,0.2564938048988863,584033672.0,0.09402278158813715,0.0016193166375160217,0.322030754499538,27.873701476216507,6.394190814652815
Bhavanisagar_Dam,2026,2,0.1123190646546777,1.2530617932241246,-1.0944014920641127e-05,-0.1123082586914854,32.27229569312601,24.37625974019369,16.02753850846068,6.576069073751569,0.320403887925896,622455876.0,0.07652672100812197,3.905594348907471e-05,0.2408767200651623,27.873701476216507,6.394190814652815
Bhavanisagar_Dam,2026,3,0.1174453771627925,1.2661486872851746,-0.0060440222979252,-0.1114804884510782,35.88470558035351,27.24918491404549,16.192934475150196,9.487161457538605,0.3592405747869472,749541188.6914062,0.08657417446374893,7.206201553344727e-05,0.236560308805076,27.873701476216507,6.394190814652815
Bhavanisagar_Dam,2026,4,0.1259165151849652,1.2881109582149592,0.0025552062655444,-0.1284303999109212,38.06765689871429,29.47264122433137,17.838999006483334,15.063624650239944,0.277678771227217,741001022.0,0.08373632375150919,0.00026004016399383545,0.2402426401774088,27.873701476216507,6.394190814652815
Bhavanisagar_Dam,2026,5,0.1217013307241528,1.2771297167613724,0.0114290802798119,-0.1329454925611222,38.4612038738843,,,,,,,,,27.873701476216507,6.394190814652815
Hemavathi_Dam,2016,1,0.1792851864621618,1.4369000863754875,0.028823271465068,-0.2070385684027012,29.22392780405147,21.63466440016225,12.428861277590556,0.5800241269171238,1.4791048553940596,601333304.0,0.0592816136777401,2.326071262359619e-05,0.2498381830030872,28.59068530917684,6.054834580543525
Hemavathi_Dam,2016,2,0.1707407334545586,1.4117909569243323,0.0368101465704966,-0.2062545718100648,40.241103819036766,24.12391387676371,13.500360348580898,7.669897317886352,0.9118204993987492,645382646.0,0.04624054487794638,4.343688488006592e-06,0.2335466845282192,28.59068530917684,6.054834580543525
Hemavathi_Dam,2016,3,0.1656584801488473,1.3970999314007553,0.046804894398166,-0.2108286874028366,46.2234955998776,26.36235293316588,16.146526734546967,9.8382528424263,0.2563540825569305,740380652.5644531,0.04331826139241457,4.708766937255859e-06,0.2312882331109816,28.59068530917684,6.054834580543525
Hemavathi_Dam,2016,4,0.1600251844434917,1.381023767569675,0.0527879690359566,-0.2110304935425897,52.86355629246788,26.698337173461937,19.2061158921984,15.27361273765564,1.1042024648042323,697724110.0,0.04627598263323307,7.326900959014893e-05,0.2528990851508246,28.59068530917684,6.054834580543525
Hemavathi_Dam,2016,10,0.222493112855233,1.5723244810661237,0.0152613217017066,-0.2369498620659562,39.35635766951532,22.07997105506161,17.66106198218563,48.79884707927704,1.0609868006123395,576401848.4282227,0.09247129876166582,0.0011624693870544434,0.3720485523182859,28.59068530917684,6.054834580543525
Hemavathi_Dam,2016,11,0.1932546554810189,1.4790970454158523,0.0269361983653022,-0.2190505760543799,31.56306116798692,22.67784862518312,13.406889385647276,16.05864053964615,1.197657036387464,596763352.0,0.0707955714315176,0.00010308623313903809,0.2868875079684787,28.59068530917684,6.054834580543525
Hemavathi_Dam,2016,12,0.1847398565034284,1.4532046806828975,0.0293971179469644,-0.2129803168243719,31.8865062084048,21.52761359676242,12.60931637261507,10.180421590805054,1.5102449380110912,568276676.0,0.05925586726516485,0.0002675056457519531,0.2943820133004137,28.59068530917684,6.054834580543525
Hemavathi_Dam,2017,1,0.1668078242678045,1.4004066027653623,0.0266351252598056,-0.1925872943294703,33.9675574971634,21.795145063502844,11.973092897476704,0.7871163077652454,1.5377769917293158,610591404.0,0.04261367209255695,8.954852819442749e-05,0.2519004985850344,28.59068530917684,6.054834580543525
Hemavathi_Dam,2017,2,0.1551680961232851,1.3673348400107974,0.0399989357824842,-0.1939631879914705,38.81778765604509,23.31871666681201,9.61439986910142,5.177159488201141,1.6228231824339538,690794952.0,0.03791423141956329,2.3171305656433105e-06,0.247208935873849,28.59068530917684,6.054834580543525
Hemavathi_Dam,2017,3,0.1454258600211389,1.3403469710064857,0.0497345893030117,-0.1937590491364538,46.00475580094957,25.31660298173148,14.45083116510864,13.437150657176971,0.4111388983744757,730505192.2438965,0.0381853599101305,5.560368299484253e-05,0.2472293402559013,28.59068530917684,6.054834580543525
Hemavathi_Dam,2017,4,0.1512600607759558,1.356434412440269,0.0440324157204905,-0.1940003669520878,43.94016405202052,25.44320786794032,19.669898605346702,55.314663887023926,1.5027784973343952,659542556.0,0.05003152508288622,0.00018308311700820923,0.2825560251871745,28.59068530917684,6.054834580543525
Hemavathi_Dam,2017,5,0.1711687677761763,1.413036481062414,0.0458642873747865,-0.2153425016162339,47.287380558033874,24.191714653917582,20.596985466249578,182.5251941680908,1.910784002933588,629313042.0,0.08699290361255407,0.0013067424297332764,0.403566175891507,28.59068530917684,6.054834580543525
Hemavathi_Dam,2017,10,0.2971410547726499,1.845521158378472,-0.0082530939575663,-0.2895981519324588,31.001752161989657,21.79684049134613,18.83254997499529,297.5194010734558,0.592007038360568,513771588.92749023,0.0938284657895565,0.009798690676689148,0.4440712672407909,28.59068530917684,6.054834580543525
Hemavathi_Dam,2017,12,0.1935010338795023,1.479854387936293,0.0223062928674206,-0.2148798428726671,32.6881472637798,20.710662521854545,14.084164207212382,8.247862577438354,1.7215118314987874,559381240.0,0.0629563620314002,0.00011768192052841187,0.2963760334958312,28.59068530917684,6.054834580543525
Hemavathi_Dam,2018,1,0.1392353888630858,1.3235155977873698,0.0233819854813994,-0.1620896752236167,32.582430932435784,21.230195207493296,11.972469112437295,0.5610325410962105,1.2874025947405612,632503504.0,0.04287992604076862,4.380941390991211e-06,0.2368922489945606,28.59068530917684,6.054834580543525
Hemavathi_Dam,2018,3,0.1654797023496703,1.396586404945677,0.0438278012415342,-0.2078004079618658,39.93798766408861,24.44449253287371,13.624192338348736,33.991909980773926,0.6249024609377939,715013339.7617188,0.05129389092326164,0.00024607032537460327,0.2786063122492964,28.59068530917684,6.054834580543525
Hemavathi_Dam,2018,4,0.1995638732989617,1.4986378466485646,0.0268337952516317,-0.2251917540707456,36.15374406963736,25.11646391550704,19.354385058085143,77.4878716468811,0.6078193483305542,655747854.0,0.0777039360255003,0.002114124596118927,0.3478413687811957,28.59068530917684,6.054834580543525
Hemavathi_Dam,2018,5,0.2304575611835335,1.5989469834515444,0.0231355635343142,-0.2522481964741589,34.655066159468106,23.925184852846257,20.692372381558982,291.181339263916,1.13701918502454,610951492.0,0.09876799397170544,0.022120654582977295,0.4337919091665617,28.59068530917684,6.054834580543525
Hemavathi_Dam,2018,9,0.2405009434992663,1.6333146603429232,-0.0260795253043486,-0.2157747901402052,29.17260141643817,21.926858986748584,18.456126827663866,76.50973391532898,1.5323483101197952,585907158.5625,0.09090643934905529,0.0016096234321594238,0.3899834526909722,28.59068530917684,6.054834580543525
Hemavathi_Dam,2018,10,0.2510968312472766,1.6705722227493605,-0.0145892320161228,-0.237377185431601,29.58761059369158,22.17987844815821,17.592495772659163,142.2621192932129,0.913606915287198,610947766.9016113,0.10804396029561758,0.013618104159832,0.4326340049825689,28.59068530917684,6.054834580543525
Hemavathi_Dam,2018,11,0.2360285561835397,1.6178988968604546,-0.0009880032435338,-0.2350953764715937,29.314926214291177,22.10515160030792,15.75107112460671,11.747375011444092,1.9170274104259544,539314564.0,0.08102957345545292,0.0004506111145019531,0.3336571375528971,28.59068530917684,6.054834580543525
Hemavathi_Dam,2018,12,0.1764799971623985,1.428599175622454,-0.0013304193722833,-0.1751907112388989,28.108258589717025,21.830483598606577,15.30292316970008,12.623794198036194,1.2625044370654164,526484876.0,0.0637849010527134,0.00010488182306289673,0.2955642413067561,28.59068530917684,6.054834580543525
Hemavathi_Dam,2019,1,0.1776784717990101,1.4321386847009128,0.0301279880844715,-0.2066999753037333,31.48186268016218,20.799055435836976,9.485715341055313,0.5643538758158684,1.5261335368442406,664939644.0,0.04692191630601883,8.262693881988525e-06,0.2415010185651881,28.59068530917684,6.054834580543525
Hemavathi_Dam,2019,2,0.1815808598578172,1.4437356140675583,0.0283920096213521,-0.2088959179547746,37.77875914342616,23.68826573689779,12.765588833036873,6.9391167759895325,0.8596160139661367,635875218.0,0.03989372495561838,3.6388635635375977e-05,0.2451050849187941,28.59068530917684,6.054834580543525
Hemavathi_Dam,2019,3,0.1547123054749794,1.366058340792278,0.0269568069317593,-0.1809145990710547,37.72056400119027,25.59381200728881,14.857981208062938,3.610089659690857,0.2534758343353142,746383898.7844238,0.03624602314084768,9.454786777496338e-06,0.2322879709223265,28.59068530917684,6.054834580543525
Hemavathi_Dam,2019,4,0.135780562306711,1.3142270501786597,0.0279378747495961,-0.1630997312179419,37.39478099040389,26.151189740498864,18.450766012403733,45.58718091249466,0.772764663877157,667898862.0,0.042876895517110825,0.00020783394575119019,0.2621449576483832,28.59068530917684,6.054834580543525
Hemavathi_Dam,2019,10,0.243678360628734,1.6443775979523871,-0.027784387526631,-0.2173656371503848,31.462682384294794,21.418994070893973,19.4338489737562,245.13601684570312,0.2614844747313008,438509988.16015625,0.0871810344979167,0.03270991891622543,0.4685796717161773,28.59068530917684,6.054834580543525
Hemavathi_Dam,2020,1,0.0412355863073825,1.0860181828162905,0.0101991357487787,-0.0514130993855866,16.896832847822793,22.103276783932927,14.715041445660349,0.5611416473984718,1.153822033461427,614554572.0,0.06076608598232269,9.745359420776367e-06,0.2679125262844947,28.59068530917684,6.054834580543525
Hemavathi_Dam,2020,2,0.1589590745066819,1.3780055635543385,0.0229791514925859,-0.1812760708007143,34.43314568607343,23.16941626537806,12.641098605627349,6.27519816160202,1.3655154217767431,662301120.0,0.04310232028365135,1.401454210281372e-05,0.2322598599839484,28.59068530917684,6.054834580543525
Hemavathi_Dam,2020,3,0.1658950753995896,1.3977798727877409,0.0271992911358219,-0.1922269944215955,41.3987978519524,25.11945056710192,16.028609581403884,7.675548851490021,0.2268188914346899,708276398.5170898,0.04977603256702423,5.488842725753784e-05,0.2524154622067687,28.59068530917684,6.054834580543525
Hemavathi_Dam,2020,4,0.1776776646186822,1.4321362973469318,0.0267041542419323,-0.2034166613666458,29.96822738730577,25.64924259185796,18.32399997711184,65.54396390914917,0.5767956279395188,671216174.0,0.054899923503398895,0.00021179765462875366,0.2844599829779731,28.59068530917684,6.054834580543525
Hemavathi_Dam,2020,5,0.1911624762211883,1.4726844900273557,0.0261103834108551,-0.2161937661636931,42.30330860886789,25.06014275089388,20.6471858362998,193.79186820983887,1.472368030299112,645287576.0,0.07414625212550163,0.0005675703287124634,0.3478497946134177,28.59068530917684,6.054834580543525
Hemavathi_Dam,2020,11,0.1261127192502746,1.288624681988917,-0.0136591947894104,-0.112647570963577,23.36474508835522,21.51473776499432,16.945070351494678,52.96133446693421,2.245212221210976,501336244.0,0.08388401288539171,0.00037070363759994507,0.3839509116278754,28.59068530917684,6.054834580543525
Hemavathi_Dam,2020,12,0.2034445590935237,1.510810795195887,0.0076245658627856,-0.2107422265794768,27.3445117706201,20.97331687763176,15.05743589503794,11.557920694351196,2.396094585210274,523275536.0,0.06803000252693892,0.00024946779012680054,0.3183434394098097,28.59068530917684,6.054834580543525
Hemavathi_Dam,2021,1,0.2021314910182101,1.5066787039287033,0.0099677067305856,-0.2116727222101917,30.26925471359266,21.03422321606712,14.960963165119152,1.4075216948986051,1.974241795522397,547160660.0,0.07412002887576818,0.001465529203414917,0.3570633344752814,28.59068530917684,6.054834580543525
Hemavathi_Dam,2021,2,0.1959844065382293,1.487513944087573,0.0166975273299395,-0.2119882119872143,33.76861108693379,21.73670319602604,12.540422512236091,7.626483798027039,1.335793264529523,608398730.0,0.05491873621940613,7.728487253189087e-05,0.2647586777096703,28.59068530917684,6.054834580543525
Hemavathi_Dam,2021,3,0.1973591037460234,1.4917743530565724,0.0238398457966309,-0.2201630799179411,37.73575969761231,25.05294638602965,12.764807124804465,11.839931786060331,0.6517035405062166,782784057.0380859,0.04599734582006931,4.760921001434326e-06,0.2368823635962701,28.59068530917684,6.054834580543525
Hemavathi_Dam,2021,4,0.1144948169783625,1.2585977342056165,0.0117764853811865,-0.1261012741430744,30.961976046350287,24.739163886176243,18.674608484904013,90.14782655239104,0.876663464821762,649664942.0,0.06637987587600946,0.0008935630321502686,0.3300181706746419,28.59068530917684,6.054834580543525
Hemavathi_Dam,2021,6,0.2467888293910353,1.655297847458924,0.0046744961186934,-0.2511735683092906,37.37782744086087,21.62941053178577,19.44178803761804,197.29770183563232,2.809360740216267,479849800.0,0.08886880706995726,0.008998513221740723,0.4595282448662652,28.59068530917684,6.054834580543525
Hemavathi_Dam,2021,12,0.2089620587238391,1.5283237322010776,0.0019175165031229,-0.2107951121137362,29.54901309892193,20.38178832351525,15.245959505470864,18.77775239944458,1.767930566307198,547466632.0,0.07791890390217304,8.095055818557739e-05,0.3527113391507056,28.59068530917684,6.054834580543525
Hemavathi_Dam,2022,1,0.1694829941670774,1.408138528113831,0.0168962838024795,-0.1858470801807024,30.362908520592555,21.256309681554,13.611842502060767,0.6188913099467754,0.6436331045768633,619060516.0,0.05648187920451164,1.3843178749084473e-05,0.2522486409833354,28.59068530917684,6.054834580543525
Hemavathi_Dam,2022,2,0.156811222782793,1.3719480785793194,0.0158078842436394,-0.1721922675940527,33.61871978828583,22.68529263450989,11.841317090534062,5.484980881214142,0.92014992840781,644518240.0,0.04250999167561531,2.4884939193725586e-06,0.2322966711861746,28.59068530917684,6.054834580543525
Hemavathi_Dam,2022,3,0.1501691790102238,1.3534095852991672,0.025605764587844,-0.1751016433463484,37.73965793423548,24.57715749022782,13.680235635080692,25.41326236724853,0.4990966260798542,722554110.0039062,0.04613268934190273,4.407763481140137e-05,0.2416116858041414,28.59068530917684,6.054834580543525
Hemavathi_Dam,2022,4,0.1795146939684712,1.4375817400965691,0.0044203568484571,-0.1837892105850692,35.73255140510116,25.77843935224746,18.156224907769115,108.8522810935974,0.5745849041656618,664163698.0,0.05836345534771681,0.00019756704568862915,0.2859259923299154,28.59068530917684,6.054834580543525
Hemavathi_Dam,2022,5,0.1953256977636213,1.485477657782199,0.0132565532465635,-0.2080435543662144,35.86846814207814,22.672404574322456,20.13922565009005,235.31922316551208,2.159899253920665,505853342.0,0.08392208814620972,0.03681335598230362,0.433906493648406,28.59068530917684,6.054834580543525
Hemavathi_Dam,2022,10,0.1121869090481669,1.2527264132316192,-0.0086170201265117,-0.1036701085627758,24.725452458333905,21.246956310477344,17.971368633803536,166.34126675128937,0.4645603022268836,531417617.3046875,0.09505731333047152,0.013319231569766998,0.4396997472291352,28.59068530917684,6.054834580543525
Hemavathi_Dam,2022,12,0.2146850207243498,1.546748824076598,-0.0041206863827597,-0.2107507749390819,30.039119619233645,20.46199130806872,14.87851707704607,27.75612413883209,1.871486107137432,500155768.0,0.07495580334216356,0.0009017437696456909,0.3654932001585601,28.59068530917684,6.054834580543525
Hemavathi_Dam,2023,1,0.1767756731666839,1.429471451230515,0.014572144719984,-0.1908561722547989,29.64448525272917,20.43101840685773,10.692163885793375,0.5746917426586151,1.88986222612682,663728514.0,0.062358359806239605,3.324449062347412e-05,0.2646031943700647,28.59068530917684,6.054834580543525
Hemavathi_Dam,2023,2,0.158250255772065,1.376003097968778,0.0240387277833956,-0.1815981596729723,33.91311440446253,22.48148323694869,8.500462718237031,5.270744800567627,1.944642646777473,686306532.0,0.043306573294103146,2.1606683731079102e-07,0.2360492887951079,28.59068530917684,6.054834580543525
Hemavathi_Dam,2023,3,0.1650134375144354,1.3952481271632158,0.0298594109843528,-0.1939173780087532,42.73574376129056,24.217458179432867,10.271741198467964,5.395489454269409,0.4024089707913807,751159119.1289062,0.0411064475774765,1.913309097290039e-05,0.2354813237344065,28.59068530917684,6.054834580543525
Hemavathi_Dam,2023,4,0.1637636319815642,1.3916682848167012,0.032845259656569,-0.1955570180089208,45.1469934475673,25.79426032172313,15.85660427941218,22.27791506052017,0.2643955031350991,710732928.0,0.04089617822319269,0.0003069564700126648,0.2548039330376519,28.59068530917684,6.054834580543525
Hemavathi_Dam,2023,5,0.2013405434109793,1.504196229694395,0.0152750487967389,-0.2159514364531782,38.83099752759267,24.00700286947273,20.123991041286047,134.82115364074707,1.618813825511574,664102946.0,0.10324430279433727,0.007187582552433014,0.4145845187607632,28.59068530917684,6.054834580543525
Hemavathi_Dam,2023,6,0.213144926823658,1.5417641293542,0.0188686073607287,-0.2310841718932254,40.42541864450999,22.6437233818902,20.067763286166723,174.93036460876465,2.77922446942876,522264600.0,0.08411914203315973,0.0026101022958755493,0.4275677151150173,28.59068530917684,6.054834580543525
Hemavathi_Dam,2023,10,0.2467201161900639,1.6550556346791152,-0.0050746466147892,-0.2419483931740171,32.900528088893736,22.563906441965457,18.50806513960645,159.18414652347565,0.3525668300825201,605674784.7539062,0.1066835829988122,0.006256133317947388,0.4215274523663264,28.59068530917684,6.054834580543525
Hemavathi_Dam,2023,12,0.2128871878837537,1.540931832405018,-0.0031537369825325,-0.2098743584882244,20.932041197881404,22.01202526707806,15.982493049867742,29.14266300201416,1.8279988858350245,507796732.0,0.07562754768878222,0.00014521926641464233,0.3316021785941175,28.59068530917684,6.054834580543525
Hemavathi_Dam,2024,1,0.2058610919964268,1.5184510919228265,0.0104804474606513,-0.2158757839217849,28.679384259317487,21.776047499461868,15.403249707786015,1.3336466401815414,1.1522602755812883,549857240.0,0.0657390533015132,0.00025357306003570557,0.3098445400114982,28.59068530917684,6.054834580543525
Hemavathi_Dam,2024,2,0.1778395837203226,1.432615290638917,0.0320455006977863,-0.2086957360781951,36.289325315321776,23.932074921706658,12.263171877806258,5.332248747348785,1.239447505903929,675421258.0,0.047383351251482964,2.8312206268310547e-07,0.2343003283972027,28.59068530917684,6.054834580543525
Hemavathi_Dam,2024,3,0.1718845145301595,1.4151220875495136,0.0352624772798257,-0.2058990226408052,43.43478960026482,25.904111644785928,15.508098466934712,4.428828597068787,0.1385599161313649,740665793.1640625,0.04045488592237234,2.2649765014648438e-06,0.2308626482563634,28.59068530917684,6.054834580543525
Hemavathi_Dam,2024,4,0.1735545643884883,1.4200024754449037,0.0421508216065046,-0.2141388601269871,46.41868084397117,27.38828877343076,17.564930958218042,27.416213631629944,0.4267797105395278,756006280.0,0.04353126138448715,7.870793342590332e-05,0.2500887976752387,28.59068530917684,6.054834580543525
Hemavathi_Dam,2024,5,0.1697303319390037,1.4088559138511956,0.0406614670693681,-0.2089497356874484,47.64439929771152,24.79751515952489,20.685389127013536,237.7296895980835,1.4293905614195308,580734300.0,0.07230288162827492,0.011057108640670776,0.3797820306593372,28.59068530917684,6.054834580543525
Hemavathi_Dam,2024,10,0.2520211953161919,1.6738725582544507,-0.0255884133792079,-0.2279024846135075,30.31594491724502,21.85133413909585,19.43364060104534,314.2960033416748,0.3848494154440741,454356193.7487793,0.0868369359523058,0.03701852262020111,0.4644978841145833,28.59068530917684,6.054834580543525
Hemavathi_Dam,2024,12,0.2418008909376665,1.6378295306537678,-0.0134088616887132,-0.2291349476933847,27.059197863842485,20.97550271967407,16.862345898535978,46.994720458984375,1.4017534516527337,492545220.0,0.07889716885983944,0.0045268237590789795,0.4040672343264344,28.59068530917684,6.054834580543525
Hemavathi_Dam,2025,1,0.1843520301658716,1.4520382247830808,0.0167267482034164,-0.2004606359497971,29.34135189329368,20.62173686283893,12.700424284576115,0.8957617580890656,2.1703643784508846,644791260.0,0.06719078589230776,3.8877129554748535e-05,0.275923349524057,28.59068530917684,6.054834580543525
Hemavathi_Dam,2025,2,0.1610758962753984,1.3840058845854208,0.0240114203441568,-0.1843742196311511,34.77661022239886,23.256679176148964,9.585801674070808,5.332248687744141,1.885509972563484,690265306.0,0.046430218033492565,7.897615432739258e-07,0.2338344710213797,28.59068530917684,6.054834580543525
Hemavathi_Dam,2025,3,0.1749908860662388,1.4242156434657,0.0230912463527021,-0.1972849517390709,36.37358530561778,25.254512795068933,15.302155082456522,52.09386348724365,0.4612698650209875,743847164.0930176,0.053674119524657726,0.00010423362255096436,0.2594512406215873,28.59068530917684,6.054834580543525
Hemavathi_Dam,2025,4,0.2015853177109055,1.5049639546531144,0.0147741221090763,-0.2157169815611039,37.93026561216453,24.559859148661303,19.315532218085423,118.704598903656,0.9692042419521378,660341328.0,0.08289011847227812,0.0006012320518493652,0.3469072765774197,28.59068530917684,6.054834580543525
Hemavathi_Dam,2025,5,0.1948131514115889,1.4838955125834947,0.0193157026529172,-0.213326117929216,35.472606158410656,23.020885475733,19.79583177053803,212.46842074394223,2.32430699557744,529139650.0,0.07708656322211027,0.015972256660461426,0.3983052776705834,28.59068530917684,6.054834580543525
Hemavathi_Dam,2025,11,0.2170965189765208,1.554593316388665,-0.022080488207206,-0.1959553618288146,27.749208684210203,20.835190306769505,16.167271296183287,17.0976100564003,1.3690074685186735,524472496.0,0.08422623202204704,0.00011536478996276855,0.3634814792209201,28.59068530917684,6.054834580543525
Hemavathi_Dam,2025,12,0.2163741208690814,1.552238323494501,0.0035131784445103,-0.2197202765509947,27.46845821768801,19.509038605228568,12.53446163464622,15.287720024585724,2.134526534729764,600130252.0,0.07061841152608395,0.00012397021055221558,0.3034149498067876,28.59068530917684,6.054834580543525
Hemavathi_Dam,2026,1,0.1870427629704944,1.460154001836399,0.0159637719483354,-0.2024021806259216,30.836560007372213,20.6377048369377,11.90043275894658,0.657514538615942,1.9728873563230835,619020324.0,0.04654376581311226,9.08970832824707e-06,0.2391760016000399,28.59068530917684,6.054834580543525
Hemavathi_Dam,2026,2,0.1689819128214789,1.406686485958946,0.0165227206319335,-0.1849881389964013,32.77186028071185,22.33087864830384,11.185854984465095,6.367304742336273,1.3430509345418442,639180114.0,0.03769600857049227,2.7865171432495117e-06,0.2315539405459449,28.59068530917684,6.054834580543525
Hemavathi_Dam,2026,3,0.1738982690693186,1.4210093322850343,0.0139479022518045,-0.1873916498651021,36.57259290542902,24.400229205880123,15.074647029753692,41.652414441108704,0.3200685508858545,739384458.6914062,0.046306146308779716,7.596611976623535e-05,0.2504047680926579,28.59068530917684,6.054834580543525
Hemavathi_Dam,2026,4,0.1761518072074584,1.4276317135815246,0.0256654027937219,-0.2009088994433931,42.97646433936103,26.28714317745636,17.65807452731667,43.0969318151474,0.9214575103410092,720360076.0,0.03960837796330452,5.061924457550049e-05,0.2419515397813585,28.59068530917684,6.054834580543525
Hemavathi_Dam,2026,5,0.1761556910641676,1.4276431581877638,0.0281192833822816,-0.2032681119137809,42.71860390102575,,,,,,,,,28.59068530917684,6.054834580543525
Idukki_Dam,2016,1,0.149898711003447,1.3526608251126997,-0.0116272451268992,-0.1385128812317637,27.70892454457271,22.74913747643916,15.999207904774664,10.423132900148632,0.7614506025107046,630489760.0,0.08936297800391912,4.10228967666626e-05,0.3094024453111874,32.59754851889684,5.0336874361593456
Idukki_Dam,2016,3,0.1439872517359498,1.336413802312988,-0.0140476219549358,-0.1302029885638467,32.735996772762405,26.05273536764168,17.999855972618207,35.23562482744455,0.2865780180405171,715907624.5644531,0.06694700941443443,0.00011965632438659668,0.305894790157195,32.59754851889684,5.0336874361593456
Idukki_Dam,2016,4,0.109988520172894,1.2471620258072638,-0.0048959710465203,-0.10514917201967,27.281003142210352,25.9544569651286,20.509658643934472,67.09303106367588,0.450904477865572,646593232.0,0.08483503572642803,0.00033758580684661865,0.3637455198499891,32.59754851889684,5.0336874361593456
Idukki_Dam,2016,12,0.1352915785760484,1.3129183785518317,-0.013041246591102,-0.1224664081440993,29.223248788813407,21.6353793687718,17.73419824005458,46.30912563204765,0.4083860691373619,537964568.0,0.09962045401334763,0.0021850988268852234,0.402209005048198,32.59754851889684,5.0336874361593456
Idukki_Dam,2017,1,0.123754786817439,1.28246610641776,-0.008199761602195,-0.1156724049158265,27.75108871670352,21.6813151533886,16.15066976239609,25.09336008131504,0.7922349416844712,552499092.0,0.08191601186990738,0.021309539675712585,0.338497079828734,32.59754851889684,5.0336874361593456
Idukki_Dam,2017,2,0.1214859182323798,1.276571362380312,0.0012407460151274,-0.1227081680564812,28.93520667340465,22.29968241737004,14.642159239451132,5.909542769193649,0.7627453596169611,662123986.0,0.10112782754004002,5.8904290199279785e-05,0.3378275008428664,32.59754851889684,5.0336874361593456
Idukki_Dam,2017,3,0.1504080292997015,1.354071211797644,-0.0228396267657282,-0.1280081442076977,30.071385330898806,23.208333177464,19.3137790187713,118.38553139567377,0.362984285558712,626455904.2438965,0.12796737533062696,0.020433105528354645,0.4382648262926327,32.59754851889684,5.0336874361593456
Idukki_Dam,2017,4,0.1882005422370707,1.4636626458354476,-0.0241207179743203,-0.164828066578764,34.658493766812285,23.85324476030138,21.21375168694391,57.80047103017568,0.5727018281704898,627793582.0,0.12736116349697113,0.008768022060394287,0.4601419024997287,32.59754851889684,5.0336874361593456
Idukki_Dam,2017,5,0.1788993867961492,1.4357550924194349,-0.0201416777440071,-0.159331834837622,22.72327886566165,23.07018775119576,21.285989687519702,210.79418796300888,0.6276773385631356,531430236.0,0.11606727819889784,0.02545773983001709,0.4752353750249391,32.59754851889684,5.0336874361593456
Idukki_Dam,2017,10,0.0115404243689826,1.0233503213555606,-0.007904472447211,-0.0036362836270783,-123.14852014,21.756895934894544,20.111523954329986,199.67506194114685,0.4389272915551499,448744336.92749023,0.09361242223531008,0.026921287178993225,0.4790113305532804,32.59754851889684,5.0336874361593456
Idukki_Dam,2017,11,0.1654920750441474,1.396621937539784,-0.0179287963953105,-0.1480024127178872,27.326606663103007,21.90542551676436,19.432108434041368,170.4028139412403,0.4917232671584403,441596376.0,0.09950442798435688,0.015938512980937958,0.4616726345486111,32.59754851889684,5.0336874361593456
Idukki_Dam,2017,12,0.15645675814641,1.3709513641591489,-0.0169003429880556,-0.1399264047623896,28.77648728105862,21.56720759073897,17.619874367662703,54.91771273314952,0.8503843922239763,545480952.0,0.11122485063970089,0.002377927303314209,0.4208457905759094,32.59754851889684,5.0336874361593456
Idukki_Dam,2018,1,0.1325629197410351,1.305642732499883,-0.0117573556772179,-0.1209941442541514,26.43514113371509,21.92012348790325,15.622568343788087,10.800731632858517,0.4775622884026927,610304520.0,0.08743075095117092,0.00013630837202072144,0.3212185521279612,32.59754851889684,5.0336874361593456
Idukki_Dam,2018,2,0.1487235012828542,1.3494129146216938,-0.0034945442697896,-0.1453044747795412,24.834278993274552,22.89645894822621,15.167686807541656,10.579543305560946,0.7599023705421604,640174832.0,0.09380162879824638,0.0009492486715316772,0.3536270459493001,32.59754851889684,5.0336874361593456
Idukki_Dam,2018,11,0.1640181449488482,1.3923964233381894,-0.0221029270070657,-0.142431572427301,27.249664046341422,21.802015749613474,19.708680174085828,154.5052192658186,0.6529594432563348,446153764.0,0.09918424393981695,0.02787073701620102,0.4705454296535916,32.59754851889684,5.0336874361593456
Idukki_Dam,2018,12,0.1570109084691771,1.3725099412236847,-0.0141232859659701,-0.1432051814193404,25.15697635507115,21.70299231416436,18.808328390634188,40.00742249190807,0.69557272847542,526552508.0,0.11010977905243635,0.004180260002613068,0.4466903030231435,32.59754851889684,5.0336874361593456
Idukki_Dam,2019,1,0.1305393659357594,1.3002766561737502,-0.0075042761303027,-0.1231557335867014,27.24354036672377,21.19225835082352,14.252474413635923,12.22871797531843,0.8008931238709607,670757808.0,0.09687073063105345,1.9595026969909668e-05,0.3213997707572034,32.59754851889684,5.0336874361593456
Idukki_Dam,2019,2,0.1221267441969612,1.278233203687804,-0.0041688374537222,-0.1180179928362161,30.035209344199416,24.006212397984143,16.089633196876207,12.754106162115932,0.6494629363433195,593431728.0,0.07067249156534672,0.0001358911395072937,0.3126337187630789,32.59754851889684,5.0336874361593456
Idukki_Dam,2019,3,0.1339159485031983,1.3092446934492312,-0.0091751921653954,-0.12489421442878,32.03220573430224,25.758312910346604,16.334401948990376,22.622643576934934,0.2467407624829739,741372020.7844238,0.06954423431307077,0.00010675936937332153,0.3073216920257896,32.59754851889684,5.0336874361593456
Idukki_Dam,2019,4,0.1602535442006308,1.3816712606380284,-0.0117049201179,-0.1488277885413258,31.01589888122419,25.57488765716556,19.461104011535667,108.52550107240675,0.2468021088564616,632893206.0,0.08693505637347698,0.0030149221420288086,0.3776791466606988,32.59754851889684,5.0336874361593456
Idukki_Dam,2019,6,0.1843463294313773,1.4520210870941404,-0.0059208316935071,-0.1786204590377265,30.023258264463607,22.17261558108862,20.83436003790962,219.4203150868416,1.4572605303692483,460250076.0,0.10485959611833096,0.01612839102745056,0.4834906260172526,32.59754851889684,5.0336874361593456
Idukki_Dam,2019,9,0.1951417998575184,1.4849097637893809,-0.0198880621672377,-0.1759365460615081,26.689267551366925,21.394353209601547,20.06184183756511,321.6573556661605,0.8477955391950212,429855072.9375,0.0946126151829958,0.013298571109771729,0.4830189598931206,32.59754851889684,5.0336874361593456
Idukki_Dam,2019,12,0.154337059273393,1.3650084492073973,-0.0101839871598709,-0.1443800037855016,27.276623581751664,22.168566640218103,18.86289550206999,94.3385775834322,1.2864920498627717,478570092.0,0.1101449066773057,0.0014941096305847168,0.4447669367636404,32.59754851889684,5.0336874361593456
Idukki_Dam,2020,1,0.1328587751772281,1.3064293828364164,-0.0051035101112829,-0.1278419478003859,27.59769496555299,23.393935386083456,16.123811606950653,20.62261133641005,0.7616536699056005,640683044.0,0.08947453275322914,3.355741500854492e-05,0.3143119196737966,32.59754851889684,5.0336874361593456
Idukki_Dam,2020,2,0.1251612052004488,1.2861354707735075,-0.0024558131711392,-0.122743119893378,29.64381307906297,24.41188158057201,15.561587335871591,6.530870717018843,0.7493267034730499,643386930.0,0.05894533172249794,2.4594366550445557e-05,0.2840232191414669,32.59754851889684,5.0336874361593456
Idukki_Dam,2020,3,0.1356491100867393,1.3138750978791771,-0.0098173825417123,-0.1259995235303539,31.17381210599342,25.16099910120812,18.17560323899795,53.3061980046332,0.4397128239168349,671192844.5170898,0.08551161643117666,0.00035012513399124146,0.3494563564177482,32.59754851889684,5.0336874361593456
Idukki_Dam,2020,4,0.1713217977648626,1.4134820906421046,-0.0230527223173631,-0.1488569762253522,33.418523784937065,25.42488820817738,19.16091403961184,124.7737949937582,0.2946336360315331,629623402.0,0.08513146825134754,0.0009044855833053589,0.3727464463975694,32.59754851889684,5.0336874361593456
Idukki_Dam,2020,7,0.2141675395219073,1.5450717558590288,-0.022862137107494,-0.1922467052735509,31.3797620537307,21.48168798467168,20.073627931328247,527.0182460546494,1.1245095987787666,418310360.0,0.08841206133365631,0.013562902808189392,0.4826212647140667,32.59754851889684,5.0336874361593456
Idukki_Dam,2020,10,0.2001906420081312,1.500595898279466,-0.0157337304832304,-0.1850397396318565,12.720607164392902,21.39895577379457,19.39847713183332,173.70073693990707,0.8624287988503951,519869893.3293457,0.1041554557159543,0.018346719443798065,0.4652555117043115,32.59754851889684,5.0336874361593456
Idukki_Dam,2020,12,0.1536130289680598,1.3629853346649945,-0.0178124702678501,-0.1361731594453776,29.329013210860467,21.215738017584727,18.726074062880684,94.5617834404111,0.8709756831930283,449615588.0,0.10053763166069984,0.017626211047172546,0.4620120345905263,32.59754851889684,5.0336874361593456
Idukki_Dam,2021,1,0.1421706546213811,1.3314660553111095,-0.015809010611437,-0.1266462913506,25.09099447879123,21.284097208002606,18.5021152988557,84.00378103554249,1.0494518253044134,489492932.0,0.11343637108802795,0.017325669527053833,0.4547596593056955,32.59754851889684,5.0336874361593456
Idukki_Dam,2021,2,0.1378516607691346,1.319786409127956,-0.007871788663513,-0.1301210715733882,28.26150550043917,22.83314455577306,15.667294257027775,9.176722198724748,0.5286568120069055,617108912.0,0.09665387775748968,6.753206253051758e-05,0.3234373955499558,32.59754851889684,5.0336874361593456
Idukki_Dam,2021,3,0.1318962103168971,1.3038719837061077,-0.0093428870423144,-0.1227045310121906,30.65887691660544,25.195955038583406,15.093877185288306,98.54323814809322,0.3842150474062147,736486809.0380859,0.08084095176309347,0.00013118982315063477,0.300969482750021,32.59754851889684,5.0336874361593456
Idukki_Dam,2021,12,0.1495371839289876,1.3516607219109775,-0.0211925595094449,-0.1287526513141789,28.574047183154107,21.58425703151255,18.192133060578385,104.4389417245984,0.8770655112174172,564348560.0,0.11037968751043081,0.004225187003612518,0.4280438782066427,32.59754851889684,5.0336874361593456
Idukki_Dam,2022,1,0.1345250423396949,1.3108698666530232,-0.0103056563556485,-0.1243918389557119,28.52669090384626,22.869239159040603,16.85081942158365,22.064962930977345,0.5349606763785107,583666788.0,0.07657585106790066,5.708634853363037e-05,0.3100784465830813,32.59754851889684,5.0336874361593456
Idukki_Dam,2022,2,0.127377816287137,1.291942649784963,-0.01257529814338,-0.1149867054602932,28.27445354693521,23.34841926211402,16.539004148755794,10.81086327880621,0.3996245275316487,578861414.0,0.07188456133008003,0.00020382553339004517,0.3296739033290318,32.59754851889684,5.0336874361593456
Idukki_Dam,2022,3,0.1484807254739362,1.3487430758548058,-0.0148779267152227,-0.1338985921773759,28.975205819584573,24.48483295645769,16.77710433467746,43.55840460211039,0.1451442103011158,686100474.0039062,0.07539639621973038,0.00029958784580230713,0.3330399297898815,32.59754851889684,5.0336874361593456
Idukki_Dam,2022,10,0.1891516195372821,1.4665523767324813,-0.0216015407216518,-0.1682374915553647,31.895941806155065,21.27977091061172,19.70477494680756,219.8456585407257,0.3153644439849501,456722871.3046875,0.0939298253506422,0.04304290562868118,0.4765631152737525,32.59754851889684,5.0336874361593456
Idukki_Dam,2022,11,0.1587509827171031,1.3774173388751028,-0.0162260033030518,-0.1428930567773489,29.56560279565417,21.25746489630808,19.236048571268725,161.83501960337162,0.3487988153282468,457656960.0,0.09739469271153212,0.025587007403373718,0.4702196968926324,32.59754851889684,5.0336874361593456
Idukki_Dam,2023,1,0.1370680076222524,1.31767974494623,-0.0099013200861303,-0.1273395068848862,24.813586151374693,21.293470103766367,14.873156094294757,20.59336879104376,0.8372092780484979,630165054.0,0.09548098593950272,0.000606834888458252,0.3372862415928994,32.59754851889684,5.0336874361593456
Idukki_Dam,2023,2,0.1322588907407718,1.3048349083142514,-0.0087063912576583,-0.1236949339088379,27.78621706841625,22.0223796980722,14.015454115186458,15.067543479613958,0.7514135996925326,637244128.0,0.10026168171316385,0.0009273737668991089,0.3610422497703915,32.59754851889684,5.0336874361593456
Idukki_Dam,2023,3,0.1352255204501201,1.3127417000568884,-0.0095087406043034,-0.1258786376691982,29.684356276784115,24.27145000991004,16.556663808514998,75.40359080955386,0.4390471201798835,680653755.1289062,0.07541473954916,0.00021717697381973267,0.3189958141696069,32.59754851889684,5.0336874361593456
Idukki_Dam,2023,4,0.1558727087011895,1.369310909167164,-0.0193299157194279,-0.1369554405901128,31.865751574738283,24.689618937174487,19.12051758236356,93.00646993890405,0.3227853133325106,630913880.0,0.10019210260361433,0.0012741908431053162,0.3906711578369141,32.59754851889684,5.0336874361593456
Idukki_Dam,2023,5,0.2122480296447259,1.5388701967930405,-0.0221814010069259,-0.1909656871983178,33.443044241590655,23.31039353647543,21.27810940486131,250.9793351590633,0.5499600596156506,538557406.0,0.1109231160953641,0.020538128912448883,0.4743282564224735,32.59754851889684,5.0336874361593456
Idukki_Dam,2023,8,0.2064828032506069,1.520424268299299,-0.0176434357644619,-0.189529837206389,30.43937796483965,22.18923087581516,19.865789298601044,161.17333382368088,1.2476190203509825,588095232.0,0.10278507601469755,0.0033374950289726257,0.4583380299229775,32.59754851889684,5.0336874361593456
Idukki_Dam,2023,10,0.193248547854423,1.4790782770591198,-0.0269918020204872,-0.1671285092875621,30.924542725337343,21.988432861656293,20.32561596285916,224.0954166948796,0.0827097425774822,469563414.75390625,0.10266056656837463,0.06638234108686447,0.4745077933034589,32.59754851889684,5.0336874361593456
Idukki_Dam,2023,11,0.1628494914855361,1.3890566626412617,-0.0178799446656682,-0.1453928931074098,27.200165882903264,22.089841609531,20.42849945492219,266.39755910634995,0.6704204532727466,396424022.0,0.09118876699358225,0.121235191822052,0.4781046125623915,32.59754851889684,5.0336874361593456
Idukki_Dam,2024,1,0.1475316482758066,1.3461281535611516,-0.0130339891486918,-0.1347567864423314,27.19745176934714,22.21605453491213,18.615557545487604,38.83267414569855,0.906521238243256,544869066.0,0.11731640435755253,0.0023331940174102783,0.427291254843435,32.59754851889684,5.0336874361593456
Idukki_Dam,2024,2,0.1407648111906025,1.327651411450348,-0.0098040013380778,-0.1311417931854429,28.52780173226188,24.094243227202355,16.563737049322015,3.4667260963469744,0.9829643590277088,635049598.0,0.08911064453423023,5.62816858291626e-05,0.3078747014889771,32.59754851889684,5.0336874361593456
Idukki_Dam,2024,3,0.1490454074121478,1.3503016699372488,-0.0155923151163138,-0.1337639547719747,30.771639264410624,25.99961525701707,16.851299806820464,23.97202874347568,0.2402493832508605,743062035.1640625,0.0718115046620369,7.173418998718262e-05,0.2932320871660786,32.59754851889684,5.0336874361593456
Idukki_Dam,2024,4,0.1714428111222291,1.4138345872164544,-0.0172483901905812,-0.1546517435358529,32.17855291659225,26.842178747389084,19.391298145718054,37.17037977650761,0.3374607445161826,685792296.0,0.07675580121576786,0.00023431330919265747,0.3343107647365994,32.59754851889684,5.0336874361593456
Idukki_Dam,2024,9,0.1947700006225388,1.483762405208746,-0.0101871030561514,-0.1849498643728694,26.167829093835167,21.730340343051523,19.96412001715771,83.73822804540396,1.2372908475894928,522119403.0625,0.10594925656914711,0.007387518882751465,0.4642916361490885,32.59754851889684,5.0336874361593456
Idukki_Dam,2024,12,0.1547839524379223,1.366258905955176,-0.0152587553467574,-0.1398555092961685,26.537880553154537,21.86283575898858,19.24342841281685,82.85718151554467,0.2934481139053985,490234120.0,0.10191226191818714,0.0052511319518089294,0.4402632764590684,32.59754851889684,5.0336874361593456
Idukki_Dam,2025,1,0.1536723293186194,1.3631509039398355,-0.0185342481090846,-0.1355240810434055,27.69934069753413,21.816511203396715,17.181281559441686,29.049346640706062,1.0721478886783014,574549824.0,0.11234392691403627,0.0009045004844665527,0.3912626286988617,32.59754851889684,5.0336874361593456
Idukki_Dam,2025,2,0.1315004850830893,1.3028222418654316,-0.0060479224582074,-0.125552415055317,28.018104368185902,23.412283947354297,14.15088549568543,3.998530618846416,0.814650090087979,666151188.0,0.08452544640749693,3.381073474884033e-05,0.3076353981381371,32.59754851889684,5.0336874361593456
Idukki_Dam,2025,3,0.1390084924874887,1.3229032836551382,-0.0114526402471996,-0.1277592467824725,30.977377261879155,24.654761660996314,18.16582485732215,154.81024707853794,0.3751997620523425,665421340.0930176,0.10245628096163273,0.0014643669128417969,0.370814456734606,32.59754851889684,5.0336874361593456
Idukki_Dam,2025,4,0.1760415439859962,1.4273068446620911,-0.0236630329843547,-0.1530159259036894,31.39981592307646,23.413130633036303,20.85834092034236,223.49792537093165,0.1360710895868145,583743864.0,0.11407747864723206,0.020708411931991577,0.4640845616658529,32.59754851889684,5.0336874361593456
Idukki_Dam,2025,10,0.1707755884097165,1.4118923322148795,-0.0274446600369485,-0.1440058662945527,27.30131230712584,21.66556437092447,20.03774231531287,276.3716769218445,0.2457476187704445,452207180.6101074,0.09369552880525589,0.03199244290590286,0.4802934995261572,32.59754851889684,5.0336874361593456
Idukki_Dam,2025,11,0.1594438457777358,1.3793770231217053,-0.0242445673326787,-0.1357239392912358,29.51130182843019,21.321993149651465,19.165849855211093,199.8101830780506,0.304371946847265,439252604.0,0.0927117457613349,0.018587663769721985,0.4643946965535482,32.59754851889684,5.0336874361593456
Idukki_Dam,2025,12,0.1404258214334463,1.326733456948704,-0.0105652152298877,-0.1300535574364721,26.823260719150937,21.05751758288312,17.264484106084353,31.168097119778395,0.8469436174877172,565557392.0,0.10744628217071295,0.0061216577887535095,0.404338877688172,32.59754851889684,5.0336874361593456
Idukki_Dam,2026,1,0.1405770311237349,1.3271428300492034,-0.0140785027720926,-0.1267493798392835,26.212338256685484,21.23063578451837,16.28694937100977,24.49949375540018,0.8599446111353708,591862536.0,0.09466568939387798,0.0004073977470397949,0.362477312805832,32.59754851889684,5.0336874361593456
Idukki_Dam,2026,2,0.1343372379140121,1.3103685264000489,-0.0052750020074754,-0.129153758030725,28.01694290020106,22.34839283171158,16.810078966049957,33.800734711810954,0.6793406282671981,580356090.0,0.07857687585055828,0.0016028881072998047,0.3420188540504092,32.59754851889684,5.0336874361593456
Idukki_Dam,2026,3,0.1432435076820586,1.334385578554568,-0.016802121280831,-0.1267464390702765,31.09988572458008,24.10916632785592,17.521503128543998,45.9185985699296,0.2640967895288966,723167536.6914062,0.09749252069741488,0.00014925003051757812,0.3483476331157069,32.59754851889684,5.0336874361593456
Idukki_Dam,2026,4,0.1686013023041567,1.4055847159044683,-0.0173874754887211,-0.1516584212134979,31.0239719397174,25.524035538567432,19.335936397976354,71.69693066179752,0.345491485445247,684438756.0,0.08244770392775536,0.001476094126701355,0.3520828247070312,32.59754851889684,5.0336874361593456
KRS_Dam,2016,1,0.0733045625059768,1.158206374047136,-0.0173551946615739,-0.0560206381378553,25.46388764167392,22.48175623903996,12.882779078329804,0.3062868844717741,2.045321961810993,603227656.0,0.09115799237042665,1.3634562492370605e-05,0.1526705423990885,34.273415765069544,6.597156105100464
KRS_Dam,2016,3,0.0867387743199039,1.1899539187274937,-0.0065030135453144,-0.0802810443753868,34.665028295542754,27.677866626042203,15.142649361395115,9.09850561618805,0.6919239061605807,745586078.5644531,0.07350185513496399,1.2382864952087402e-05,0.1212095650293493,34.273415765069544,6.597156105100464
KRS_Dam,2016,4,0.0867177143550267,1.1899034191685554,-0.000837290068906,-0.0858866603345362,34.97314617855466,28.796066665649448,18.36346181233728,12.05088472366333,0.7828063877211644,722476158.0,0.06556414254009724,2.9742717742919922e-05,0.1279556062486436,34.273415765069544,6.597156105100464
KRS_Dam,2016,5,0.1153943719527193,1.260894500993502,0.0044474957432593,-0.1197803944836718,34.87926433329949,26.5690056462442,20.33926607767745,209.0282353162765,1.8170353987017225,661383034.0,0.09995582792907953,0.00041018426418304443,0.2311163051154023,34.273415765069544,6.597156105100464
KRS_Dam,2016,12,0.037449305557336,1.0778126404636172,0.0107675772182874,-0.0481974477192536,20.31245889206599,22.41781856988069,12.979068661761572,9.569938719272614,1.7436274489349215,559213660.0,0.07973325066268444,0.00025004148483276367,0.2012724927676621,34.273415765069544,6.597156105100464
KRS_Dam,2017,1,0.0729546704879795,1.157391808502787,-0.0019554460556599,-0.0710093545503376,28.3770287915479,22.733619000834835,12.201028360346356,0.3131219055503607,2.109859896952722,609378642.0,0.05292394291609526,6.633996963500977e-05,0.1384314875448903,34.273415765069544,6.597156105100464
KRS_Dam,2017,2,0.076699933935606,1.1661430270714543,0.0023592511000906,-0.079044881516311,28.5289822552528,24.389407003493545,8.55659376326065,3.099308803677559,2.256048733751116,682925876.0,0.05427073314785957,2.086162567138672e-07,0.128608226776123,34.273415765069544,6.597156105100464
KRS_Dam,2017,3,0.0871168917673872,1.1908610006730214,0.0005514962519175,-0.0876641762255795,35.733466686209795,27.036290166711296,14.005618421493068,15.981432795524595,0.6030378034596736,728093998.2438965,0.05223189853131771,2.4341046810150146e-05,0.1268749852334299,34.273415765069544,6.597156105100464
KRS_Dam,2017,4,0.0963724100877372,1.2133011677899177,0.0042851054028161,-0.1006159645246725,34.87994002875439,27.74236422644725,18.529024039374463,42.56094038486481,1.311724899647082,687602166.0,0.055065796710550785,6.720423698425293e-05,0.1412735197279188,34.273415765069544,6.597156105100464
KRS_Dam,2017,5,0.1321645394248736,1.3045843260133352,0.0019340915047845,-0.1340643616237151,35.03043725140594,26.027394887452488,20.530618593769702,236.8757076263428,1.867899721881037,661798462.0,0.11465022061020136,0.0029783248901367188,0.2926382659583963,34.273415765069544,6.597156105100464
KRS_Dam,2017,12,0.0833164445704302,1.1817779845115408,-0.0140549664321325,-0.0693426790972757,26.66490207037498,21.701813080490297,14.633183969477216,5.399397164583206,1.9273938421547567,563305884.0,0.09584571328014135,0.00015048682689666748,0.2126363528672085,34.273415765069544,6.597156105100464
KRS_Dam,2018,1,0.0718871315301332,1.154910321734144,-0.0149138722011614,-0.0570344068001105,25.81385877256952,22.09705718665998,12.071377567578397,0.2746008690446615,1.731696110841585,647138120.0,0.06883580796420574,2.302229404449463e-06,0.1244076964675739,34.273415765069544,6.597156105100464
KRS_Dam,2018,2,0.0742772365943919,1.1604740415394692,-0.0073724739152421,-0.0669414202687618,29.139337897593123,23.53835115432741,10.626127679007425,2.142127186059952,2.150003603877162,663206102.0,0.06574708875268698,3.7260353565216064e-05,0.1345386505126953,34.273415765069544,6.597156105100464
KRS_Dam,2018,3,0.0767895947686807,1.1663533996877784,-0.0057294239696166,-0.0710914482029155,30.057939744599366,25.86108569483605,12.855280627999264,33.55346244573593,1.1814217659275708,736595753.7617188,0.07444226089864969,0.0001480579376220703,0.1550829282370946,34.273415765069544,6.597156105100464
KRS_Dam,2018,4,0.1270583159792397,1.2911037891878654,-0.0108692967867409,-0.1163497021505391,20.0029154409757,27.21033327314592,17.995156542460165,52.4149432182312,0.1847685270844965,694847252.0,0.08729840163141489,0.0001319199800491333,0.183035045199924,34.273415765069544,6.597156105100464
KRS_Dam,2018,5,0.1639206865402315,1.392117551292864,-0.0045269986511199,-0.1595120567980183,25.921350567912896,25.5118679005613,20.75922491012085,381.73536682128906,0.9881107172245628,655124088.0,0.12206473294645548,0.017161019146442413,0.3241358110981603,34.273415765069544,6.597156105100464
KRS_Dam,2018,11,0.1188641408582311,1.2697975337742025,-0.0182315022569608,-0.1008511903772105,25.629008029998545,22.977864816453742,16.072129609849753,10.07142287492752,2.214093705022056,522127724.0,0.10670790262520313,0.0003576204180717468,0.2364693959554036,34.273415765069544,6.597156105100464
KRS_Dam,2019,1,0.0626502653501943,1.133675325301288,-0.0160882159812696,-0.0466090280531904,25.9771139020246,21.771128898538564,9.67742348537655,0.2814169861376285,1.9291877206371224,660881168.0,0.06998936459422112,8.17328691482544e-06,0.1266915721278037,34.273415765069544,6.597156105100464
KRS_Dam,2019,2,0.0754091968977025,1.1631190720147346,-0.008315479156821,-0.0671358161677946,29.286611687492385,25.04089489891419,12.72994720822294,2.894419029355049,1.3665097528005172,638748954.0,0.057595521211624146,6.988644599914551e-06,0.1218845049540201,34.273415765069544,6.597156105100464
KRS_Dam,2019,3,0.0817504404909484,1.1780571297734286,-0.0109169638987585,-0.0708967495737681,31.64365979541748,27.30728279441917,13.740665074830416,5.315137684345245,0.5872433556477857,761944494.7844238,0.058392769657075405,2.4959444999694824e-06,0.1172401879423408,34.273415765069544,6.597156105100464
KRS_Dam,2019,4,0.089881905966171,1.1975170179680663,-0.0071801810689449,-0.082755132441303,34.07190170568009,27.827603043450267,17.69562549591069,53.50194263458252,0.4502270325416725,707008656.0,0.07855849899351597,0.00019866228103637695,0.1669205559624565,34.273415765069544,6.597156105100464
KRS_Dam,2019,5,0.1190573828451633,1.27029543247591,-0.0070690609959141,-0.1120826532891837,30.810693470947623,26.849179532451046,20.34656650584236,193.92120695114136,1.936829971031489,692615888.0,0.10404511354863644,0.0004247725009918213,0.2299305085212953,34.273415765069544,6.597156105100464
KRS_Dam,2019,6,0.1606229855416207,1.382719523586824,-0.0168823675997586,-0.1441314586831966,1.899408042998061,24.63562827640112,20.294988293117967,102.13649129867554,3.4916196225128053,523059120.0,0.10806840565055609,0.0005848109722137451,0.312632327609592,34.273415765069544,6.597156105100464
KRS_Dam,2019,11,0.0864350797241066,1.1892259166387509,-0.02179779169682,-0.0647593006281803,27.644169314782403,22.67298967573379,18.8000156614516,49.43130373954773,1.8095713270419944,503459196.0,0.1090210722759366,0.0012125223875045776,0.3707825978597005,34.273415765069544,6.597156105100464
KRS_Dam,2019,12,0.0743755621129964,1.1607035403749266,-0.0132163464405788,-0.061219392694487,26.27490929692067,21.662103476575624,17.193454032815907,7.452611953020096,2.6554603069024325,449202756.0,0.09353742934763432,0.009471781551837921,0.3274718664025747,34.273415765069544,6.597156105100464
KRS_Dam,2020,1,0.0652843232444998,1.139688088833834,-0.0133926956005902,-0.051937037913648,27.01653068567157,22.86339418144638,14.742246061755791,0.2752849627286196,1.7157598141952537,625123460.0,0.09788072947412729,6.556510925292969e-06,0.178352048320155,34.273415765069544,6.597156105100464
KRS_Dam,2020,2,0.0839782527156579,1.1833542772638783,-0.0109684170740192,-0.0730771476235385,19.55537616707068,24.200161146843584,12.88147609754543,1.9680662602186203,2.123775438754937,670282782.0,0.07865764200687408,3.471970558166504e-06,0.1213699209279027,34.273415765069544,6.597156105100464
KRS_Dam,2020,3,0.0834397101758255,1.1820714056722488,-0.0176729855587428,-0.0658638493457433,32.02829549913395,26.83201829643661,15.133419414233174,5.360082626342773,0.6974973776374068,726101094.5170898,0.07871379517018795,2.4281442165374756e-05,0.1268820403724588,34.273415765069544,6.597156105100464
KRS_Dam,2020,4,0.0933141675455943,1.205835724361088,-0.017857165339989,-0.0755829480763255,32.84893878452232,27.526426294114856,16.945242924160425,47.42212054133415,0.3376921495345124,705004762.0,0.08115521632134914,0.00012903660535812378,0.1593570497300889,34.273415765069544,6.597156105100464
KRS_Dam,2020,5,0.1051331565348085,1.2349693863451272,-0.0146430299848988,-0.090629647989537,32.10910938451934,27.57637678987237,19.481561361333377,200.60672569274905,1.3157655076697,687436622.0,0.08886705338954926,0.00028414279222488403,0.1839337912938928,34.273415765069544,6.597156105100464
KRS_Dam,2020,7,0.1462669892158886,1.3426527670086217,-0.0243322109728381,-0.1223702940264847,28.64176755315964,22.81761760916765,19.93198961647613,156.4146499633789,2.925705371145725,420581870.0,0.09608487319201231,0.024625487625598907,0.3899326939736643,34.273415765069544,6.597156105100464
KRS_Dam,2020,11,0.0979343457158022,1.217133520715883,-0.0202807508660315,-0.077808135974085,26.43226716536504,22.31341398027212,17.654046588473875,39.558828473091125,2.2179372770879127,479834420.0,0.10435344651341438,0.0005982369184494019,0.3154528299967448,34.273415765069544,6.597156105100464
KRS_Dam,2020,12,0.0883936784342166,1.1939294986072295,-0.0151214533698837,-0.0733702948002273,25.063201626814248,21.140130553707024,16.135831287343024,7.476940751075745,2.50062574253529,495029376.0,0.0975866038352251,0.0020240843296051025,0.3037308723695816,34.273415765069544,6.597156105100464
KRS_Dam,2021,1,0.0741729117456139,1.1602305931347596,-0.0230804703842533,-0.0511800588426564,24.584537213790213,21.83984527587893,15.721878613707872,0.7203885801136494,2.359323775002443,525386152.0,0.09755228273570538,0.0007088631391525269,0.2795470863260249,34.273415765069544,6.597156105100464
KRS_Dam,2021,2,0.0636186659912054,1.1358819610784936,-0.0207442355857662,-0.0429310874457059,26.210582334431365,22.956110050564742,12.196283049810518,2.4250687807798386,1.710164559346555,618588716.0,0.0892553934827447,5.649775266647339e-05,0.1537316640218099,34.273415765069544,6.597156105100464
KRS_Dam,2021,3,0.0728477666547287,1.157143053825984,-0.0212219618831272,-0.0517057404257991,28.95695418213677,26.39059287040465,10.88417088908534,6.162987232208252,1.262743248265919,789669887.0380859,0.08763203956186771,3.427267074584961e-07,0.1199965118080057,34.273415765069544,6.597156105100464
KRS_Dam,2021,4,0.096259525129841,1.2130247074386498,-0.0129243170302605,-0.0834390136268944,31.669767859899423,26.51335279676653,17.934675216674805,66.18710416555405,0.3997582822816875,684230136.0,0.09515494015067816,0.0010404139757156372,0.200587526957194,34.273415765069544,6.597156105100464
KRS_Dam,2021,5,0.1056997915792717,1.2363854790237163,-0.0198316529264063,-0.0860485136832904,39.30580082145207,24.93339619380174,19.917486034926583,246.67609405517572,1.75488914186863,576930648.0,0.1088982904329896,0.0006941705942153931,0.2817060409053679,34.273415765069544,6.597156105100464
KRS_Dam,2021,12,0.0183940443968114,1.0374774506854096,0.0077133457735448,-0.0261036865891022,18.23291370341985,21.075145073347244,16.344702575027327,7.953278064727783,1.976810195274561,539943384.0,0.10053482744842768,9.970366954803467e-05,0.3018671056275727,34.273415765069544,6.597156105100464
KRS_Dam,2022,1,0.0763414243833666,1.1653022586455202,-0.0144094894977821,-0.0620001375760034,26.34324852048644,21.74104170440347,14.601068812544668,0.3706196285784244,1.0851491025726898,603721744.0,0.0895789610221982,1.2949109077453613e-05,0.1696921727990591,34.273415765069544,6.597156105100464
KRS_Dam,2022,2,0.077189519534508,1.1672922472566012,-0.0181709083812548,-0.059101507145109,28.197449346866502,23.42767195928667,12.611269773755794,1.6277395263314247,1.6433956886135983,648540752.0,0.07939619850367308,5.21540641784668e-07,0.1232994624546596,34.273415765069544,6.597156105100464
KRS_Dam,2022,3,0.091132016849111,1.2005396130979815,-0.0161650976622338,-0.0750775202328639,30.6092630196365,25.85208608565796,13.454623445900552,14.008694529533386,0.8940512256667534,727627520.0039062,0.08296172507107258,2.215057611465454e-05,0.1248745661909862,34.273415765069544,6.597156105100464
KRS_Dam,2022,4,0.0953249851334289,1.2107386267266114,-0.0193573685531667,-0.076108054272508,31.18362217230936,26.84258051978219,17.966397433810812,93.44670081138612,0.2231811131996086,683577736.0,0.09559144638478756,0.0002267584204673767,0.1804903454250759,34.273415765069544,6.597156105100464
KRS_Dam,2022,5,0.1276757621753441,1.2927254721105388,-0.0148111238436898,-0.1130784721565635,30.65385071646915,24.370420997373515,20.140719370688203,310.792307972908,2.370721841412087,541097870.0,0.10578899923712015,0.018461689352989197,0.3082085271035471,34.273415765069544,6.597156105100464
KRS_Dam,2022,6,0.07029309100641,1.1512155934874195,0.0024643910395568,-0.0727448804747922,18.5757793254698,23.5937906265259,19.849784427218992,136.8296766281128,3.093833552084451,528633942.0,0.1143749263137579,0.0016154199838638306,0.3458876927693685,34.273415765069544,6.597156105100464
KRS_Dam,2022,10,0.1046944457104713,1.233874223629835,-0.04136587204767,-0.0636040285295495,29.02320924541096,22.290709985712567,18.607239454536057,201.1871343851089,0.5408751854120607,536087083.3046875,0.1137925935909152,0.013853713870048523,0.3707956088486538,34.273415765069544,6.597156105100464
KRS_Dam,2022,11,0.1096629819585037,1.2463403851268209,-0.0265592502839139,-0.0833464838584293,29.902279971286987,21.348559188842785,17.009008640713205,33.07988566160202,1.8060534957191725,484771448.0,0.09911008551716805,0.0006310343742370605,0.3262281417846679,34.273415765069544,6.597156105100464
KRS_Dam,2023,1,0.0719084544714595,1.1549598308871745,-0.0133175729266812,-0.0586470446575775,25.70170063834371,20.97628680403517,12.006417498024575,0.2864322606474161,2.341308031782635,654111848.0,0.09970799274742603,1.1958181858062744e-05,0.1743674534623341,34.273415765069544,6.597156105100464
KRS_Dam,2023,2,0.0715379667111649,1.1540999290143514,-0.0157220148896874,-0.0558787998799174,27.64023204324048,23.209586148034987,9.579584625789096,2.088822916150093,2.378537916369208,676095384.0,0.08309167623519897,7.450580596923828e-08,0.1233868144807361,34.273415765069544,6.597156105100464
KRS_Dam,2023,3,0.0858105165777687,1.1877302640947924,-0.010510603698158,-0.0753678887108855,27.49633216318693,25.323572720763536,11.808832197291906,9.482714533805847,0.7587016268820678,747578491.1289062,0.079691581428051,1.8909573554992676e-05,0.1232271091912382,34.273415765069544,6.597156105100464
KRS_Dam,2023,4,0.0899724418934424,1.1977356423812988,-0.0121932805994606,-0.0778645833538578,33.24240376980276,27.213775295681444,15.74204264746777,21.38166415691376,0.565695520607355,723646812.0,0.07604921516031027,0.00012033432722091675,0.1377156151665581,34.273415765069544,6.597156105100464
KRS_Dam,2023,5,0.1245931644734052,1.284652025588667,-0.0093358499296618,-0.1153915360266924,35.305069831253604,25.653550248504985,20.341192192159724,215.2465915679932,1.6392719252668135,664237454.0,0.1328484881669283,0.008409097790718079,0.3116667142478369,34.273415765069544,6.597156105100464
KRS_Dam,2023,8,0.0890836161609433,1.1955912040696877,-0.0314833966341732,-0.0577622226229329,30.608797134299152,24.04407746099656,18.940950483916936,29.81447124481201,2.871371813707592,620034750.0,0.1211297931149602,0.00017303228378295898,0.2660569631925193,34.273415765069544,6.597156105100464
KRS_Dam,2023,10,0.1070390556011815,1.239739612964249,-0.0178480693093613,-0.0893617065135896,30.39479676792797,24.10020989038611,18.241967609364508,101.62923491001128,0.0910869292385716,621637754.7539062,0.1280430918559432,0.006697051227092743,0.301454605594758,34.273415765069544,6.597156105100464
KRS_Dam,2023,11,0.1095341963398861,1.246015503098859,-0.0123323438678129,-0.0973333316382395,29.90056331481992,23.11808325449629,18.654432614644406,65.09827995300293,2.0464358766273856,472373928.0,0.10560803394764662,0.014944665133953094,0.3411516189575195,34.273415765069544,6.597156105100464
KRS_Dam,2024,1,0.0779876921335932,1.1691684405256184,-0.0143975476180298,-0.0636616257950547,27.49513920639248,23.23754416024815,15.114591483659638,0.6493605487048626,1.8375330123780127,555392228.0,0.08715091180056334,0.00020187348127365112,0.196749041157384,34.273415765069544,6.597156105100464
KRS_Dam,2024,2,0.0794791041074937,1.1726828895729378,-0.0015041872920089,-0.0779842399451007,29.512601293792727,25.5999230045012,12.834177512684107,1.5651756525039673,1.8820665095839584,678471122.0,0.07270669098943472,4.172325134277344e-07,0.1191520033211543,34.273415765069544,6.597156105100464
KRS_Dam,2024,3,0.090584820976775,1.1992155465759202,-0.0087602954342656,-0.0818895089454324,32.908782680953834,27.6849731199203,14.551101344118877,3.1707291901111603,0.726430067171848,758821555.1640625,0.06433089356869459,2.5331974029541016e-07,0.1167584491032426,34.273415765069544,6.597156105100464
KRS_Dam,2024,4,0.0956591012257497,1.2115554020732815,-0.0004918560888034,-0.0951717230151838,34.48670325586147,29.50560376909044,15.99370699988475,18.505211353302,0.5993275092427223,773543806.0,0.06108969822525978,5.900859832763672e-06,0.1185175365871853,34.273415765069544,6.597156105100464
KRS_Dam,2024,5,0.1006302121808774,1.2237793920671831,0.0030661494065909,-0.1036643762276677,32.82478870983874,26.49106354662172,20.771515639110305,281.6870107650757,1.2838984291697852,589487634.0,0.101285963319242,0.015141919255256653,0.2912001455983808,34.273415765069544,6.597156105100464
KRS_Dam,2024,9,0.1075851261499533,1.241110114370485,-0.0193760589545793,-0.0883933297868368,30.318767395130067,23.575910547044543,19.243747838338265,63.92829406261444,2.963329221772515,534592627.0625,0.11495651118457317,0.0003332197666168213,0.3072682274712456,34.273415765069544,6.597156105100464
KRS_Dam,2024,10,0.1093043291421124,1.2454358603468552,-0.0304452198369497,-0.0791224124205808,30.0272325517488,22.98842041261736,20.01042151502384,324.3523406982422,0.5658738239946635,458862539.7487793,0.09788422286510468,0.013798967003822327,0.3889131443474882,34.273415765069544,6.597156105100464
KRS_Dam,2024,11,0.1159083949953984,1.2622090162134163,-0.026895379451618,-0.0892913724920519,29.136280422337336,22.05590773688425,17.94684925079349,25.813751876354218,1.9087805050592028,467012696.0,0.10433841217309237,0.0030628591775894165,0.359028074476454,34.273415765069544,6.597156105100464
KRS_Dam,2024,12,0.0829402559979647,1.1808829938080474,-0.0175525058597961,-0.0654830810184342,24.87835944911956,21.67383678805448,17.71825567676177,30.27834713459015,1.5079845486687884,473117932.0,0.093079405836761,0.007751151919364929,0.3474406990953671,34.273415765069544,6.597156105100464
KRS_Dam,2025,1,0.0817413999826024,1.1780356862022392,-0.013522428814502,-0.068294459920943,26.02591704235624,21.16232196028517,14.125564993581463,0.3228556830435991,2.4040888798180533,629062680.0,0.10402698814868927,3.16128134727478e-05,0.2114857294226205,34.273415765069544,6.597156105100464
KRS_Dam,2025,2,0.0769130804721492,1.1666432030290053,-0.011093251164591,-0.0658760358031955,26.7464453204002,24.005063197726315,10.84363161268692,1.5651760324835775,2.306456493488139,685584562.0,0.09007254242897034,1.341104507446289e-07,0.1257672082810174,34.273415765069544,6.597156105100464
KRS_Dam,2025,3,0.0892558272543729,1.1960063647408092,-0.016517714765154,-0.0728455087900606,30.96661473146662,26.41624414587534,15.235208047846356,35.897194623947144,0.9468526957190564,744399372.0930176,0.08603972289711237,5.30928373336792e-05,0.1353030666228263,34.273415765069544,6.597156105100464
KRS_Dam,2025,4,0.1109073853093536,1.2494844372269207,-0.0211212284401747,-0.089996974802527,31.22161121426041,26.44602180057103,18.831290139092346,69.3897932767868,0.5999577133348049,691002320.0,0.11291640810668468,0.0003827810287475586,0.2147076288859049,34.273415765069544,6.597156105100464
KRS_Dam,2025,5,0.1187384297575023,1.2694737493768824,-0.0111225206573426,-0.1077582222202272,30.85476258658264,24.95039971464428,19.716121169059534,349.2723445892334,2.845727374856542,556607020.0,0.10268387570977211,0.0060335323214530945,0.2753372397474063,34.273415765069544,6.597156105100464
KRS_Dam,2025,10,0.051401707920786,1.1083740258653,0.0019773642709532,-0.0533736472995273,14.145995857309458,22.73855191712738,19.360456844042744,282.2544040679932,0.5297225795026522,490015308.6101074,0.10772007703781128,0.005607537925243378,0.3722057752711799,34.273415765069544,6.597156105100464
KRS_Dam,2025,11,0.1017109720581257,1.2264548912306366,-0.0283673039437886,-0.0735558964457759,27.52665476033269,21.99105510711672,16.792683622572156,6.443091750144959,1.5301381283054436,505619440.0,0.10505981557071209,0.00022729486227035522,0.2849508921305339,34.273415765069544,6.597156105100464
KRS_Dam,2025,12,0.1052801386493381,1.2353365409602244,-0.008070206632146,-0.0972925949652726,19.46631106583333,20.72500067680113,13.329926919424452,5.223756730556488,2.3130838017684487,591832944.0,0.10005782078951597,0.0001452714204788208,0.2207218088129515,34.273415765069544,6.597156105100464
KRS_Dam,2026,1,0.0735331312772395,1.158738825444699,-0.0163920520608165,-0.0572100378456301,25.544874799638023,21.75230129611112,12.449132250714058,0.3833849187940359,2.364773999522567,602461888.0,0.07255385909229517,7.554888725280762e-06,0.130563243742912,34.273415765069544,6.597156105100464
KRS_Dam,2026,2,0.0721408817712398,1.1554996450516184,-0.0090829841869579,-0.0630992436468937,25.705907352220493,23.656884856451143,11.832696851094568,2.111031085252762,1.7891648293317697,635791884.0,0.06163330469280481,4.082918167114258e-06,0.1185440108889625,34.273415765069544,6.597156105100464
KRS_Dam,2026,3,0.0857876633776511,1.1876755758833937,-0.0222028318981244,-0.0637061744819312,29.409416627594624,26.139298006283354,14.325368950956658,15.272283911705015,0.4780845787444234,748674100.6914062,0.07330438029021025,2.4668872356414795e-05,0.1266525432627688,34.273415765069544,6.597156105100464
KRS_Dam,2026,4,0.1042452677099962,1.232754042936491,-0.0192797391485749,-0.0851366380128049,28.29962901392849,28.04822716183133,17.149101003011083,56.1980984210968,0.6913201506157407,734680312.0,0.06504033505916595,2.7991831302642822e-05,0.1216599570380316,34.273415765069544,6.597156105100464
KRS_Dam,2026,5,0.1197521061837684,1.272087231392499,-0.0062855898739937,-0.1135519883250964,23.245667403143443,,,,,,,,,34.273415765069544,6.597156105100464
Kabini_Dam,2016,1,0.0877361038066231,1.1923480786047138,0.0066991074661026,-0.0943797392423461,27.04662238239655,22.37195596182221,13.391586517005862,5.515665789445242,1.384242107362337,615676400.0,0.06533139012753963,2.2739171981811523e-05,0.2554021855836274,35.37566023498975,6.549164600625201
Kabini_Dam,2016,2,0.0987540691439552,1.219150102680972,0.0076221693186862,-0.1062962271414697,32.29804960353323,24.758286631792487,13.778865871210256,2.579366832068472,0.8989037929133539,640733308.0,0.04867249261587858,2.0757317543029785e-05,0.2127069275954674,35.37566023498975,6.549164600625201
Kabini_Dam,2016,3,0.1106482154685862,1.2488289052613415,0.0140228562027624,-0.1244779312135476,38.4637827932371,26.699532137634947,16.457275747483777,15.929480182402065,0.1169242887363278,727539574.5644531,0.04775718413293362,3.6776065826416016e-05,0.2090347249020812,35.37566023498975,6.549164600625201
Kabini_Dam,2016,4,0.1191035544464055,1.2704144285008565,0.0198434411028406,-0.1386193791307597,41.06648037972968,27.4061171213786,19.44227854410809,14.758874960017929,1.009829159928441,692540384.0,0.04359966702759266,3.604590892791748e-05,0.2083751466539171,35.37566023498975,6.549164600625201
Kabini_Dam,2016,5,0.1876421004319148,1.461969042294487,0.0042807703775999,-0.1917688319688074,38.42905111594519,25.24621498764202,20.735272672099484,167.55176726977032,1.7265001834221674,611680080.0,0.07083332352340221,0.0004882961511611938,0.3182229688090662,35.37566023498975,6.549164600625201
Kabini_Dam,2016,10,0.122367013811714,1.2788569156753675,-0.0096869537492508,-0.1128137854176396,35.792091713983496,22.856054724416424,18.20135831115067,47.559307004466206,1.2487174030637676,575556136.4282227,0.078699991106987,0.00025085359811782837,0.310166266656691,35.37566023498975,6.549164600625201
Kabini_Dam,2016,11,0.1415010438090981,1.3296475616858712,-0.0049824747024042,-0.1366148860674472,32.47676356426524,23.438010300530323,14.967547480265296,18.279976716547303,0.5725711406499818,577994896.0,0.061709802597761154,4.163384437561035e-05,0.2535724427964952,35.37566023498975,6.549164600625201
Kabini_Dam,2016,12,0.1337271092015295,1.3087412999344104,-0.0084603643302742,-0.1254086296948308,29.52160979453049,21.75479826158096,14.322073114046532,12.3801538420446,1.0030249919103236,570715448.0,0.05754836741834879,0.0002704635262489319,0.2875286840623425,35.37566023498975,6.549164600625201
Kabini_Dam,2017,1,0.1264134351215252,1.2894124983231874,-0.000454845799295,-0.1259658321837403,30.56696589712016,22.14884970059961,12.818551881851704,7.617033571907968,1.3699598464247755,604779342.0,0.038925264962017536,0.00012483447790145874,0.226279556110341,35.37566023498975,6.549164600625201
Kabini_Dam,2017,2,0.111708813026552,1.2515139509762832,0.0072256137495662,-0.1188385045260628,32.86168183672737,23.65243074326293,10.23985908599127,3.210803788719756,1.2956106366420328,683366924.0,0.03731615096330643,4.023313522338867e-06,0.2225516410101027,35.37566023498975,6.549164600625201
Kabini_Dam,2017,3,0.1202301735946361,1.2733218848522745,0.0159408289115843,-0.135910520666194,39.271679025363824,25.288910084386032,15.80997515032368,17.054020764249746,0.3524527092144179,697510538.2438965,0.04024050943553448,7.668882608413696e-05,0.2268817860593077,35.37566023498975,6.549164600625201
Kabini_Dam,2017,4,0.1179466644282679,1.2674365816026691,0.0176473555974681,-0.1353123745264253,42.41842332372471,26.22229315439864,19.571054204305028,45.47725176088738,1.3958720141206789,647904440.0,0.041408056393265724,0.0001270100474357605,0.2359252717759874,35.37566023498975,6.549164600625201
Kabini_Dam,2017,5,0.1532172746146434,1.3618809643168308,0.0125331192399247,-0.1654327150046711,45.27126535588127,24.94743489501297,20.61508074934767,203.696456677986,1.8245775054725988,603841158.0,0.07052727788686752,0.0005180239677429199,0.337033200007613,35.37566023498975,6.549164600625201
Kabini_Dam,2017,9,0.1625588323678652,1.3882274687486416,-0.0281771762022175,-0.1350000168392647,28.20990480693797,22.389835018581834,19.92531988355853,289.89761734008795,1.6998080908118511,470824927.1813965,0.08754556532949209,0.011785559356212616,0.4367746141221788,35.37566023498975,6.549164600625201
Kabini_Dam,2017,10,0.0532773844065671,1.112551202493819,-0.0285540660629638,-0.024760986885159,26.64318329570688,22.37730714121176,19.213191461050428,253.70436780380484,0.9559549906237648,489797990.92749023,0.08764101751148701,0.001223251223564148,0.4181431185814642,35.37566023498975,6.549164600625201
Kabini_Dam,2017,11,0.1436319262011788,1.3354443739688526,-0.0094023815094593,-0.1344110644373006,29.343016097626787,22.32852935791016,17.674776077270508,23.911461754278704,1.3686774092291485,485476320.0,0.07852542866021395,0.0016722753643989563,0.3687630123562283,35.37566023498975,6.549164600625201
Kabini_Dam,2017,12,0.1049118440122229,1.2344167852303825,-0.0065343123761728,-0.0984450183305768,27.192880173911306,21.209683334186536,15.135961397232563,7.126263199430524,1.3898567197266984,566045828.0,0.07234373781830072,0.00029061734676361084,0.3199849897815335,35.37566023498975,6.549164600625201
Kabini_Dam,2018,1,0.10127357936089,1.22537131886892,-0.0008221151275882,-0.1004598283721032,26.460105475670105,21.62410429267476,12.560719385454776,4.145798386949481,1.0518581301812997,637037084.0,0.04854083713144064,3.851950168609619e-06,0.2191223021476499,35.37566023498975,6.549164600625201
Kabini_Dam,2018,2,0.10342463193236,1.230710402306206,0.0114883146534283,-0.1147765719651562,31.316860182665664,23.0378134636652,11.128470266432998,3.405582248261481,1.350344004480709,658511520.0,0.04408980347216129,7.131695747375488e-05,0.2288980484008789,35.37566023498975,6.549164600625201
Kabini_Dam,2018,3,0.10157777329038,1.226124800278814,0.017282639521103,-0.1186521152217003,33.00342100933369,24.94187261519897,14.242471908241214,32.06430919423248,0.4683892123108188,710085777.7617188,0.048649782314896584,0.00016418099403381348,0.2377635791737546,35.37566023498975,6.549164600625201
Kabini_Dam,2018,4,0.1454964043391991,1.340540180469772,0.0018076829871961,-0.1472653548629491,32.39491000430809,25.903188090854258,19.04089221954348,69.39966157710914,0.4682906209072391,663284460.0,0.06197586748749018,0.0035187751054763794,0.2758623758951823,35.37566023498975,6.549164600625201
Kabini_Dam,2018,5,0.1283616812907739,1.2945296886003348,6.153133704783233e-05,-0.1284221983151551,28.32131133524684,24.23925207814864,20.765533188850668,355.0854948795203,1.1951536966920349,580120378.0,0.09207437187433243,0.013089761137962341,0.4038398701657531,35.37566023498975,6.549164600625201
Kabini_Dam,2018,9,0.1398013605687841,1.3250443657088882,-0.0231078049743638,-0.1170717562043184,29.07722877892104,22.591732576158336,18.770403628879137,117.58373160615112,1.4940019992579971,593653014.5625,0.09092502761632204,0.003002256155014038,0.3783304002549913,35.37566023498975,6.549164600625201
Kabini_Dam,2018,10,0.158822482188219,1.3776194176025438,-0.0194876056075493,-0.1397674666589557,28.689944882208067,22.60003921344719,18.175928862376907,170.32159896330404,0.3862171968828314,579205398.9016113,0.09847443737089634,0.006568737328052521,0.4148547264837449,35.37566023498975,6.549164600625201
Kabini_Dam,2018,11,0.1656985345444293,1.3972150149681195,-0.0153995719927921,-0.1506834595028044,23.84928457250396,22.46384571923153,17.06507665846084,16.181427968270853,1.3969867251300443,518916544.0,0.07869661971926689,0.00024824589490890503,0.3259109285142686,35.37566023498975,6.549164600625201
Kabini_Dam,2018,12,0.1558918490492801,1.3693646338415262,-0.0033315469119778,-0.1526395771820144,28.12368696210615,22.406744729318973,16.000640323597906,12.73094582286748,1.0376521780282777,525912440.0,0.06151805259287357,9.179115295410156e-05,0.277331793180076,35.37566023498975,6.549164600625201
Kabini_Dam,2019,1,0.105799098723938,1.2366338449736705,-0.003922813475393,-0.1019185845319488,29.14081027177116,21.24499010065552,10.127912816693708,4.19931781653202,1.325769050186067,666069304.0,0.04729380086064339,1.1175870895385742e-05,0.2159523707564159,35.37566023498975,6.549164600625201
Kabini_Dam,2019,2,0.1050206377311781,1.234688401003896,0.003144221362513,-0.1081291539676735,32.507686756750104,24.210046568371013,13.48541130792529,2.914532626217062,0.8250447693996222,631354646.0,0.036309256218373775,1.592189073562622e-05,0.2049581663949149,35.37566023498975,6.549164600625201
Kabini_Dam,2019,3,0.1113010177443712,1.250480803886768,0.0058038835419458,-0.1170293029142995,36.378363091783626,26.122082441596604,15.097215394050863,6.280269277818276,0.2405199642711107,752538750.7844238,0.0371575141325593,9.24617052078247e-06,0.1969940021473874,35.37566023498975,6.549164600625201
Kabini_Dam,2019,4,0.1098599342420244,1.2468374101293287,0.0083148289144022,-0.1180669129798405,36.30117106964394,26.394739002651647,18.898772197299536,52.627973251270525,0.7197887472969717,668619786.0,0.0515078017488122,0.0002579614520072937,0.2487690183851454,35.37566023498975,6.549164600625201
Kabini_Dam,2019,5,0.1810224241357983,1.4420693056089595,-0.0089373039838779,-0.1723639796356321,29.7272298638851,25.29186686444029,20.999537670996915,168.8733717672753,1.8503086910595752,641178988.0,0.07315839268267155,0.00039383769035339355,0.3162405362693212,35.37566023498975,6.549164600625201
Kabini_Dam,2019,9,0.1125601050059904,1.2536737544501542,-0.0266086145997277,-0.086209694342165,22.08349232579644,22.26235722435848,19.66425882975261,135.12239925789112,2.099881418606942,453480030.9375,0.08401031047105789,0.0035753846168518066,0.4325485441419813,35.37566023498975,6.549164600625201
Kabini_Dam,2019,10,0.1649863932172708,1.3951705502212264,-0.0246365954330659,-0.1409226063279656,33.10649886452302,21.93632280493296,19.639118736020976,237.37992413838705,0.1566442851251323,458303638.16015625,0.08928760699927807,0.023138009011745453,0.4471231275989163,35.37566023498975,6.549164600625201
Kabini_Dam,2019,11,0.1943727643655229,1.4825377191039062,-0.0208231914827193,-0.1742548626943988,27.79421284288071,22.28297502729629,18.804152488708496,47.823278470472864,1.486373568044935,507040060.0,0.08589174784719944,0.0029809102416038513,0.4124688466389974,35.37566023498975,6.549164600625201
Kabini_Dam,2019,12,0.1571701869389265,1.3729582995364156,-0.0200879957536448,-0.137516362527186,26.326134478778613,21.4409488226778,17.287547929825337,17.21835006367077,2.1788929229041583,491752520.0,0.07437139470130205,0.0072310492396354675,0.3780603716450353,35.37566023498975,6.549164600625201
Kabini_Dam,2020,1,0.1301806859983821,1.2993281107992043,-0.0109587635042242,-0.1193922497880259,30.357936690415045,22.619080295357666,15.193428437427826,4.806213117007053,1.1362804133178557,627966000.0,0.06393925379961729,1.055002212524414e-05,0.2636991521363617,35.37566023498975,6.549164600625201
Kabini_Dam,2020,2,0.1028796889287405,1.229355388924125,0.0002328806027388,-0.1031100991492,31.27672867390117,23.933113396304805,12.939682590002349,2.9194641673203674,1.293965364592735,670054224.0,0.04750017821788788,1.154094934463501e-05,0.2079373502183234,35.37566023498975,6.549164600625201
Kabini_Dam,2020,3,0.1048541354676207,1.234272736147636,0.004614848393911,-0.1094160389788063,35.31054630047356,25.699953969319665,17.056604373070513,10.43632657600172,0.3007541365127389,699273980.5170898,0.0543992817401886,8.103996515274048e-05,0.2291447424119518,35.37566023498975,6.549164600625201
Kabini_Dam,2020,4,0.1505350466346382,1.3544232073101006,-0.0054415322172614,-0.145212463944753,32.916470360145695,26.20182234446208,18.51120429568823,76.05938184983803,0.5628262041508595,673777842.0,0.05767599027603865,0.00023850053548812866,0.2511310789320204,35.37566023498975,6.549164600625201
Kabini_Dam,2020,5,0.1566391574354437,1.371464145665391,-0.011049424916303,-0.145842152121275,35.73294106478875,25.973281191754097,20.6204983783025,156.71016213388154,1.5191968255745458,631709144.0,0.06800215505063534,0.000581689178943634,0.2947726916241389,35.37566023498975,6.549164600625201
Kabini_Dam,2020,7,0.1990624344555864,1.4970735373618782,-0.0301187867568845,-0.1699626620709328,30.95078009968848,22.139011678388044,19.926783908310767,344.7724246400776,2.3399168973943723,403061406.0,0.07933938410133123,0.012780725955963135,0.4395723240349882,35.37566023498975,6.549164600625201
Kabini_Dam,2020,11,0.1553599772431052,1.3678726393665606,-0.0287310711058617,-0.1271966686351323,30.01250551259517,22.288194253709605,17.529583697848864,49.99130787632682,1.7174010338125518,498418176.0,0.0759996073320508,0.0002931356430053711,0.3475386301676432,35.37566023498975,6.549164600625201
Kabini_Dam,2020,12,0.1379214395929092,1.3199741785198325,-0.0152009065474588,-0.1229783609810177,28.27916199604305,21.161008514896537,16.257528825985503,13.429004613197211,2.0106664831708763,506289240.0,0.07329199463129044,0.003724433481693268,0.3611611191944409,35.37566023498975,6.549164600625201
Kabini_Dam,2021,1,0.1069608332705176,1.2395434315881868,-0.008349764715144,-0.0986992166077531,29.49743872822711,21.58491783552273,16.33917112042832,28.27469596357057,1.6687341051300213,529647660.0,0.07335736695677042,0.003685884177684784,0.3784859975179036,35.37566023498975,6.549164600625201
Kabini_Dam,2021,2,0.0977503115697496,1.2166812863960472,-0.0011244191298362,-0.0966365139833888,30.6464682009817,22.34344205856325,13.734400958106676,3.845143605362286,1.0688818609408268,605478598.0,0.06198194809257984,9.882450103759766e-05,0.2729087557111467,35.37566023498975,6.549164600625201
Kabini_Dam,2021,3,0.0962232053863333,1.212935773433894,-0.0006585752851197,-0.0955706864371091,32.83565007064294,25.31984984285089,13.75375254231119,13.578578558835115,0.4277900973169729,770724679.0380859,0.056984405033290386,7.778406143188477e-06,0.2120944197459887,35.37566023498975,6.549164600625201
Kabini_Dam,2021,4,0.0918491356456393,1.2022772630645204,0.0007380547186832,-0.0925809143330279,33.625295623823376,25.399149237738754,18.98720614115399,81.74223545103362,0.7932147868495966,634054946.0,0.06245970819145441,0.0002856403589248657,0.2709112167358398,35.37566023498975,6.549164600625201
Kabini_Dam,2021,6,0.163044684713492,1.3896138341810478,-0.01542576737098,-0.1479911282571506,29.161960524059623,22.57585692935521,19.621917703416614,135.33011130130654,2.592079695659597,492792320.0,0.08616981841623783,0.005869477987289429,0.4148013432820638,35.37566023498975,6.549164600625201
Kabini_Dam,2021,9,0.1451616371766249,1.3396235908205676,-0.0295386484398392,-0.1161209010596796,30.821138902202563,22.261144955953,19.562292374504977,104.97942819017354,2.3539277019505995,477990425.3000488,0.08551174681633711,0.016555026173591614,0.4114739523993598,35.37566023498975,6.549164600625201
Kabini_Dam,2021,12,0.1506732502945761,1.3548063224120397,-0.0001031066646088,-0.150572482836169,24.811864125724355,21.25664918961064,16.18659395607574,10.185319403807323,1.597926941658158,559985780.0,0.07580436486750841,7.560104131698608e-05,0.3472228921869749,35.37566023498975,6.549164600625201
Kabini_Dam,2022,1,0.1159793703039401,1.2623906420460247,-0.0094263084002562,-0.1066696793106178,30.307603241540164,22.09210542248144,14.62619954591156,7.55911950270335,0.8107594432287212,606574748.0,0.05654823035001755,1.0497868061065674e-05,0.2435488547048261,35.37566023498975,6.549164600625201
Kabini_Dam,2022,2,0.1052498116331252,1.2352607755807918,-0.0053918172397643,-0.099914694758566,30.44341995739569,23.37932920910066,12.74281216121858,2.309173586242127,0.8799629523147863,637156310.0,0.04425544943660498,8.501112461090088e-06,0.2069435573759533,35.37566023498975,6.549164600625201
Kabini_Dam,2022,3,0.1060273670804256,1.237204950523277,0.0007276947814333,-0.106746825750557,32.77141636408601,25.27622135531521,14.165870715725816,23.225261283643324,0.3010758327483704,715643626.0039062,0.04668624047189951,3.2275915145874023e-05,0.2064858918548912,35.37566023498975,6.549164600625201
Kabini_Dam,2022,4,0.1254157613370495,1.2868008724437636,-0.0061949218667118,-0.1193135390318552,35.26787027017701,25.856914287143297,18.963578965928832,152.07710237214062,0.5675198738803117,638961078.0,0.05865747947245836,0.00022327899932861328,0.2615121417575412,35.37566023498975,6.549164600625201
Kabini_Dam,2022,5,0.1912999913420918,1.473104956829584,-0.0172238324841041,-0.1746516218059453,33.05079407579996,23.48175174754158,20.43827166403497,272.4396519733198,2.129554398748194,499786214.0,0.08301172684878111,0.023025251924991608,0.3963836751958375,35.37566023498975,6.549164600625201
Kabini_Dam,2022,6,0.1980777985525618,1.4940075189215094,-0.017096668864693,-0.1815960995275179,31.8598683301492,22.734065691630065,19.92782262166344,157.64363901542896,2.531994183620377,503507696.0,0.08759680483490229,0.0020982176065444946,0.4063596513536241,35.37566023498975,6.549164600625201
Kabini_Dam,2022,9,0.0975868601157892,1.2162797853947709,0.003960707343038,-0.1015083331691145,4.214908700370074,22.45889818403458,19.260799301995178,125.453448454539,2.121584777427416,532439561.875,0.09117098804563284,0.0017664730548858643,0.4102848900689019,35.37566023498975,6.549164600625201
Kabini_Dam,2022,10,0.181452623573608,1.4433527705281826,0.0036654200340498,-0.1849950034157761,-80.70219904060383,22.221623439173584,18.808051681518577,155.9561692909761,0.3121223163936057,517020865.3046875,0.08881243132054806,0.00925503671169281,0.4028281960436093,35.37566023498975,6.549164600625201
Kabini_Dam,2022,12,0.1740407451975782,1.4214269509921786,-0.0189120344713645,-0.1556409975557122,22.42802177148656,21.07407548145585,15.879325628793367,26.73060672572165,1.4852764393144535,506804036.0,0.07338195107877254,0.0053422823548316956,0.3644330834829679,35.37566023498975,6.549164600625201
Kabini_Dam,2023,1,0.1352314882103344,1.312757660267876,-0.0125762345288678,-0.122864209199762,28.08090448796532,20.91186780621933,11.819232518185856,4.826529567891901,1.720454336805553,662972270.0,0.06502291839569807,1.2785196304321289e-05,0.2585009503108199,35.37566023498975,6.549164600625201
Kabini_Dam,2023,2,0.1056560645479263,1.2362761357452918,0.0071226115652723,-0.1126938686683229,31.16822052106022,23.05464113780431,9.862424446287603,2.926592247955728,1.460684412064169,679907386.0,0.046572825871407986,3.2335519790649414e-06,0.2099721999395461,35.37566023498975,6.549164600625201
Kabini_Dam,2023,3,0.1050553370160513,1.2347750455671147,0.0076896800900794,-0.1126540104725044,35.34587174011057,24.50171137163716,12.92571255263465,11.650922397772472,0.3962029761998702,728198941.1289062,0.049144260585308075,6.045401096343994e-05,0.2178720658825289,35.37566023498975,6.549164600625201
Kabini_Dam,2023,4,0.1135089750740845,1.2560860107603922,0.0117534793812535,-0.1250955612898291,39.14757330990824,26.124612426757835,17.06509766048856,23.03869026538097,0.3391962439157656,690585728.0,0.047623890452086926,0.0001806020736694336,0.2221025254991319,35.37566023498975,6.549164600625201
Kabini_Dam,2023,5,0.197984631210672,1.4937177987238257,-0.0123064287814676,-0.1861317093168869,35.28872146757618,24.992259925924373,20.56105526339627,173.77895528619942,1.6109157863941488,617687414.0,0.08484690356999636,0.0007140859961509705,0.3586997780748593,35.37566023498975,6.549164600625201
Kabini_Dam,2023,6,0.1841488132502189,1.451427456970034,0.0001823160243208,-0.184324940881778,-122.29774776474228,23.567480977376302,20.301161723666723,140.7630954511238,2.642268202283601,505484024.0,0.07398765347898006,0.0011392533779144287,0.375333743625217,35.37566023498975,6.549164600625201
Kabini_Dam,2023,8,0.188497438464028,1.464564001146834,-0.0387462737808583,-0.150852930124561,30.34107543386915,23.338618686635016,19.36010580985777,58.14061281175324,2.297273051625159,613518410.0,0.0905801635235548,0.0003168061375617981,0.3651551277406754,35.37566023498975,6.549164600625201
Kabini_Dam,2023,10,0.1517511614057805,1.357798689491338,-0.0188889726473371,-0.1332441228483421,32.46210189489858,23.47288399152859,19.02842069236181,135.8157177441048,0.5085721707734083,589068286.7539062,0.09910805337131023,0.0017748326063156128,0.3921875287127751,35.37566023498975,6.549164600625201
Kabini_Dam,2023,11,0.1806018007472765,1.4408157130732828,-0.0260233891265358,-0.1553083407779609,30.86129916055461,22.98252281612821,18.627563582526363,141.28210104234293,1.4265628354814937,471973084.0,0.08090402837842703,0.005720406770706177,0.3897769504123264,35.37566023498975,6.549164600625201
Kabini_Dam,2023,12,0.1082492306149977,1.2427791134728194,0.0154729730608163,-0.1235153232378481,15.15151575379116,23.24223412544501,17.07321623115132,27.79997091040467,1.6928534602218603,511752008.0,0.0718941343948245,0.00015404820442199707,0.311512444608955,35.37566023498975,6.549164600625201
Kabini_Dam,2024,1,0.119809907026227,1.272236436157654,-0.0123759046394813,-0.1075935373481122,29.12288024641765,22.861596474596297,16.32694394921748,18.508100607178427,1.0203372214973476,553299010.0,0.06913039181381464,0.0004962682723999023,0.3275114490139869,35.37566023498975,6.549164600625201
Kabini_Dam,2024,2,0.1082625617328205,1.2428126421229906,0.0031751413085166,-0.1113994096132657,33.36437835853144,24.934420916677936,13.4262044972387,1.9930300369407192,1.2081897829294208,669467736.0,0.048699479550123215,2.2649765014648438e-06,0.2161899435109105,35.37566023498975,6.549164600625201
Kabini_Dam,2024,3,0.1041599773453944,1.232541468814357,0.00533764331377,-0.1094367772247283,35.97529048573017,26.717060548515747,16.106794283466968,2.9879603611700465,0.2212295711980247,748218157.1640625,0.04098316840827465,7.763504981994629e-06,0.1980829751619728,35.37566023498975,6.549164600625201
Kabini_Dam,2024,4,0.1079842999826994,1.242113003124508,0.0155616985899906,-0.1233387377983738,39.86863489459688,28.4194085650974,17.440581999884728,18.51816598754941,0.4337697108255791,760708092.0,0.03640569746494293,8.650124073028564e-06,0.1965525309244791,35.37566023498975,6.549164600625201
Kabini_Dam,2024,5,0.1233988483435281,1.281539325177356,0.0218746990376338,-0.1448824643097196,31.771972658481445,25.35079556947113,21.24567348521248,251.0614100947525,1.3734205400403632,528816672.0,0.0708054294809699,0.015917301177978516,0.365559813796833,35.37566023498975,6.549164600625201
Kabini_Dam,2024,9,0.1667318129019493,1.4001876358261354,-0.0301652872287669,-0.1372568608427483,32.13632075568819,22.87027089860709,19.51013781229659,51.683081160892144,2.360755521626836,536843153.0625,0.08817240875214338,0.000436440110206604,0.3803877512613932,35.37566023498975,6.549164600625201
Kabini_Dam,2024,10,0.1856442576792936,1.4559291425888514,-0.0291756661163214,-0.1573206867931261,27.006331080781024,22.61962105945878,19.82896990212066,253.8686655795936,0.8820029923445505,452103073.7487793,0.07923468016088009,0.003264188766479492,0.415532717140772,35.37566023498975,6.549164600625201
Kabini_Dam,2024,11,0.187302177864398,1.4609392882884973,-0.0199443460351235,-0.1679853612116733,29.976167191057584,22.039167828030088,18.048379198710165,48.47080627354709,1.453362141207418,475109804.0,0.08116836566478014,0.011847294867038727,0.404415406121148,35.37566023498975,6.549164600625201
Kabini_Dam,2024,12,0.1498678460764755,1.352575409328553,-0.0181451230153728,-0.1320819026912754,28.63687985644259,21.634354261172746,17.85618200404673,38.69275014147614,1.0072441699763133,490441120.0,0.07465870678424835,0.01869262009859085,0.3984845274238176,35.37566023498975,6.549164600625201
Kabini_Dam,2025,1,0.1247608835181228,1.2850898255544458,-0.0157579107849559,-0.1092176915334211,28.53524579692521,21.218836577220657,14.13638068578581,5.710258249080543,1.971389855055588,637429936.0,0.07103900797665119,1.977384090423584e-05,0.2867467736685148,35.37566023498975,6.549164600625201
Kabini_Dam,2025,2,0.103874569482724,1.2318304245037748,-0.0036383804154965,-0.1002740861739676,30.93744473526669,23.77008365903584,11.035302348363984,1.97862443598834,1.5421710624356464,688462722.0,0.05301135126501322,1.8328428268432617e-06,0.2145753360929943,35.37566023498975,6.549164600625201
Kabini_Dam,2025,3,0.1235189260060466,1.2818518954281464,-0.0031934950875598,-0.120372912866619,34.26193642818282,25.78411418955818,16.632314587664894,78.99339104782452,0.3051114795176106,721939648.0930176,0.05565942823886871,8.219480514526367e-05,0.2222278553952452,35.37566023498975,6.549164600625201
Kabini_Dam,2025,4,0.1693932586183756,1.4078783621154056,-0.0144366373469519,-0.1553364918536073,32.84441859619204,25.62056607140437,19.541910256279834,99.68352426904622,0.9231662263784244,650580068.0,0.07228335924446583,0.00032955408096313477,0.2927531348334418,35.37566023498975,6.549164600625201
Kabini_Dam,2025,5,0.1877522961619017,1.462303051826972,-0.0114915142418758,-0.1766418970909594,37.1245788432376,24.01440656108241,20.169718699301484,303.2407595244321,2.4417723621142366,528363648.0,0.07667361665517092,0.007182948291301727,0.3416051967169649,35.37566023498975,6.549164600625201
Kabini_Dam,2025,10,0.1652571256631501,1.3959473767163006,-0.0233877249765591,-0.1424198517337605,32.51846089464419,22.39892080573628,19.40536296803464,281.57911144603383,0.6649888278150289,490749058.6101074,0.08586760424077511,0.003588378429412842,0.416724625454154,35.37566023498975,6.549164600625201
Kabini_Dam,2025,11,0.1543910718672571,1.3651595122302704,-0.0289377624492223,-0.1260163165685015,29.880923113828203,21.988762897915308,17.06333249409994,33.83394091960156,0.9786019770669744,508143828.0,0.07706772070378065,0.00011044740676879883,0.3377120123969184,35.37566023498975,6.549164600625201
Kabini_Dam,2025,12,0.1370718631584312,1.3176901002675203,-0.0153248194751141,-0.1220033240559125,27.18967078128549,20.92821755768153,13.286283501245691,8.443005796634791,1.83665909694676,600545016.0,0.06549412105232477,5.80325722694397e-05,0.27130126953125,35.37566023498975,6.549164600625201
Kabini_Dam,2026,1,0.123384292678987,1.2815014416204251,-0.0129449026514563,-0.1106160657486205,27.552674387161915,21.735636729578857,12.702896741641496,8.303705721190482,1.7392361312853009,602233636.0,0.043523864820599556,8.881092071533203e-06,0.2112668765488491,35.37566023498975,6.549164600625201
Kabini_Dam,2026,2,0.1037541823303488,1.231530636539253,-0.0046357996107104,-0.0991660799775911,29.63409558756632,23.29541431608658,13.09526137397404,4.382290813055906,1.0163952731006969,623512558.0,0.036944533698260784,3.254413604736328e-05,0.2043207940601167,35.37566023498975,6.549164600625201
Kabini_Dam,2026,3,0.1077398618948911,1.241498767665892,-0.0004968548152562,-0.107248748219795,34.5141833550598,25.1315905130038,16.14565257410851,24.96760856382775,0.1624647159407716,737883582.6914062,0.046166143380105495,6.401538848876953e-05,0.222373777820218,35.37566023498975,6.549164600625201
Kabini_Dam,2026,4,0.1138333324422795,1.2569117900947566,0.0069021219014859,-0.12064066799191,37.09801816971924,26.863841311136923,18.39982528686528,47.73780710769423,0.91236211964215,718142752.0,0.03957741241902113,2.6784837245941162e-05,0.2055774476793077,35.37566023498975,6.549164600625201
Kabini_Dam,2026,5,0.1302429658910989,1.2994927566743688,0.0096890677438116,-0.1397556713525198,37.80803071340222,,,,,,,,,35.37566023498975,6.549164600625201
Kandaleru_Dam,2016,1,-0.0194352310943879,0.9618705916735412,-0.0419303954988539,0.0613156588118661,24.01911082045598,23.63231487479265,18.17226423037954,6.003653834263485,1.0699943738262896,550398412.0,0.09198449365794659,7.756054401397705e-05,0.2169986437725764,30.67709637046308,6.508760951188988
Kandaleru_Dam,2016,2,0.0162492730833589,1.0330353465339517,-0.0155813913433675,-0.0006680508813108,24.65621166840788,25.9732117620008,19.060873549011944,2.659221470355988,1.9082311677369097,620984230.0,0.08556748926639557,2.2202730178833008e-06,0.1468160782737293,30.67709637046308,6.508760951188988
Kandaleru_Dam,2016,4,-0.0091161406686577,0.9819324252159572,-0.0312519502781574,0.0403565934673475,32.47877360306802,32.11556536356608,21.74018707275394,3.6691006620725,2.3947904619306963,777060354.0,0.07589222304522991,1.9371509552001953e-07,0.1233073128594292,30.67709637046308,6.508760951188988
Kandaleru_Dam,2016,8,0.0087426570169252,1.0176395303980603,-0.0149409257316353,0.0061990784593482,26.16734080517256,30.702978367959304,20.19039989594495,66.2727230389913,3.75584425870828,539192778.0,0.13264338858425617,0.0001742839813232422,0.2281688772222047,30.67709637046308,6.508760951188988
Kandaleru_Dam,2016,10,-0.022400826372575,0.9561799525298664,-0.0371624681526391,0.0595137511130236,29.63381855507879,30.05022002599577,18.695380803590183,56.30035324891409,0.6979316783530067,599969834.4282227,0.09308536909520626,5.5983662605285645e-05,0.1627338778588079,30.67709637046308,6.508760951188988
Kandaleru_Dam,2016,11,0.0031216159985413,1.0062627819975616,-0.0279072862408059,0.0247878296546486,28.116068833383626,26.666083759731748,18.67826525370282,26.591328064600628,1.181732871263078,549328072.0,0.07071559224277735,6.702542304992676e-05,0.1859389199150933,30.67709637046308,6.508760951188988
Kandaleru_Dam,2016,12,-0.0153864095240766,0.9696934893361662,-0.0332626144223725,0.0486241384912805,26.699948033292685,24.004651252172323,18.86616543595511,116.4083644549052,1.0936294345519797,485434888.0,0.08142236061394215,0.006587229669094086,0.2762234800605364,30.67709637046308,6.508760951188988
Kandaleru_Dam,2017,1,0.0157951890189115,1.0320973619366205,-0.0279887493290116,0.012198953315924,27.33813248372701,24.22740785332138,17.953333257859754,4.240979701280594,1.2898658900650255,546813992.0,0.06932523008435965,6.194412708282471e-05,0.1722220554146715,30.67709637046308,6.508760951188988
Kandaleru_Dam,2017,2,0.0308683313467024,1.0637030701712535,-0.0222922165578445,-0.0085820202789223,25.68970921994878,25.56114249456499,16.420685908907956,1.5786094665527346,1.6372587868671058,638081624.0,0.06176756788045168,4.470348358154297e-08,0.1416144143967401,30.67709637046308,6.508760951188988
Kandaleru_Dam,2017,3,0.0521700559369593,1.110083156295576,-0.0228422194414308,-0.029362827585971,32.34622936904009,29.394344707201924,20.152108046829085,6.925298601388932,2.297507913999188,713701646.2438965,0.06522958911955357,2.057105302810669e-05,0.1344450058475617,30.67709637046308,6.508760951188988
Kandaleru_Dam,2017,4,0.0525381216457347,1.1109028718643394,-0.0002889589531052,-0.052249955918053,34.610719374545624,32.531310081481934,21.266008631388388,8.183138698339464,1.6756334341107202,748213788.0,0.06175394728779793,2.4959444999694824e-05,0.1298947440253363,30.67709637046308,6.508760951188988
Kandaleru_Dam,2017,5,0.0833489845049518,1.1818554348296626,0.0058691109463868,-0.0891744726870932,22.76950644046883,33.98325793768771,21.14866977404523,21.124292552471164,0.7913578236738515,751871492.0,0.0862819217145443,6.480515003204346e-05,0.152505382414787,30.67709637046308,6.508760951188988
Kandaleru_Dam,2017,12,-0.0130244832026808,0.9742859458608466,-0.0318661483186463,0.0448720078381006,27.886817427194103,23.783846955658305,18.78841015395301,31.67048120498657,1.1608506154753826,497143904.0,0.09210958890616894,2.4400651454925537e-05,0.2634923176098895,30.67709637046308,6.508760951188988
Kandaleru_Dam,2018,1,0.0538262226925053,1.1137766105623377,-0.0340968314370183,-0.0197656672565903,25.95214928082544,23.8875136508737,17.308810888310916,5.186693708101909,1.1492350702967815,601537192.0,0.08303271513432264,2.555549144744873e-06,0.1582908015097341,30.67709637046308,6.508760951188988
Kandaleru_Dam,2018,3,0.0329210535225665,1.0680834871702685,-0.012894923929638,-0.0200346345854286,29.463327364752217,28.285003075548445,18.67094658062024,14.06765949726105,1.930889536172602,738201969.7617188,0.08214796055108309,9.359419345855713e-05,0.1523279579736853,30.67709637046308,6.508760951188988
Kandaleru_Dam,2018,4,0.0618285807394395,1.131806574939516,-0.0090242427656799,-0.0528338169253855,33.44137394582606,31.160116259256995,21.8573011822171,7.885410636663437,2.4339016924122445,736624236.0,0.06943287514150143,4.425644874572754e-06,0.1288403617011176,30.67709637046308,6.508760951188988
Kandaleru_Dam,2018,5,0.0706663859374956,1.1520796942415188,0.0050912302470857,-0.0757303699997936,23.859144543315665,32.80216422952634,22.44411286795014,19.33709198236465,1.761562914496019,743562622.0,0.0702166948467493,2.3670494556427002e-05,0.1327528389551306,30.67709637046308,6.508760951188988
Kandaleru_Dam,2018,9,0.0165992185931869,1.0337588070032664,-0.0346047696182802,0.0180158995764376,35.26405575926032,29.83302489386665,21.33614256117079,71.60080758730571,1.2472252799025465,578101358.5625,0.10667432378977537,0.0006242617964744568,0.2526367399427626,30.67709637046308,6.508760951188988
Kandaleru_Dam,2018,10,0.0009654889064577,1.0019328439523094,-0.0334752972202766,0.0325108590656976,33.33505535736151,28.23058619345392,20.86805703357988,60.51227700710297,1.073696276907809,585995910.9016113,0.10414362698793411,0.0002084970474243164,0.2269588798604985,30.67709637046308,6.508760951188988
Kandaleru_Dam,2018,11,0.0119354117458218,1.0241591731708768,-0.0278206871060266,0.0158905518394852,29.82261658822165,25.345887819925963,21.2121361202664,105.2798155148824,1.1433582287298092,431823900.0,0.0836139153689146,0.009953543543815613,0.3191668192545573,30.67709637046308,6.508760951188988
Kandaleru_Dam,2019,1,0.0087669327485635,1.0176889432731964,-0.0390643150120715,0.0303077618906995,26.890016712000147,22.959138181132687,17.468360355336188,11.574883858362837,1.1444008360048603,571983500.0,0.07713395450264215,4.128366708755493e-05,0.1769629447690902,30.67709637046308,6.508760951188988
Kandaleru_Dam,2019,2,0.0120234850720651,1.0243396171678072,-0.026825150883673,0.0148064413598092,28.17653714812434,26.36495379493352,19.0728165581113,1.8093137443065643,1.842007865006764,581815864.0,0.06971547845751047,1.35079026222229e-05,0.1495287531898135,30.67709637046308,6.508760951188988
Kandaleru_Dam,2019,3,0.0376624321117989,1.0782728085622746,-0.0087587895817613,-0.0289131803324207,33.60264160247186,29.41772886296758,19.324074538036086,4.700327257315318,2.456217288517306,757039822.7844238,0.07542466185986996,4.425644874572754e-06,0.1273034618746849,30.67709637046308,6.508760951188988
Kandaleru_Dam,2019,4,0.0423035328795572,1.0883443436034668,-0.0033208632252914,-0.0389881468747073,35.02402296928142,31.44569386376276,21.047326342264853,14.30206600824992,2.3999636581433146,749703750.0,0.06410285830497742,6.77257776260376e-06,0.1263213475545247,30.67709637046308,6.508760951188988
Kandaleru_Dam,2019,5,0.0605746546168181,1.1289610822499374,0.0108436717782181,-0.0713714459413836,38.59961825478325,34.57859033974273,21.02618575147403,21.929465572039287,0.9556650220622244,741285202.0,0.06712009757757187,1.5094876289367676e-05,0.1283268056890016,30.67709637046308,6.508760951188988
Kandaleru_Dam,2019,9,0.0763791874417848,1.1653907889542512,-0.0225615968820916,-0.0539104910822758,21.46939801248203,28.45454201168485,22.76693081325959,129.94176260630292,1.5977202185541877,483491434.9375,0.1175551051273942,0.005134135484695435,0.3446091757880317,30.67709637046308,6.508760951188988
Kandaleru_Dam,2019,11,0.0013664684603387,1.0027366765028047,-0.0269829956998901,0.0256174717919233,27.290965593151213,25.91605065663657,22.127454355027965,110.98299455642702,1.1144183403790675,465409982.0,0.09983777347952127,0.004876457154750824,0.3640886094835069,30.67709637046308,6.508760951188988
Kandaleru_Dam,2020,1,0.0033659067019869,1.0067545485843228,-0.0289443976318302,0.025580983135176,27.20171348501458,24.080172680270323,19.839211892568983,14.775254368782043,1.268413436714431,515281908.0,0.0968342749401927,0.00044576823711395264,0.3055768577001428,30.67709637046308,6.508760951188988
Kandaleru_Dam,2020,2,-0.0130880513652755,0.9741620654835726,-0.0253377408056526,0.0384130535706007,26.99375514855853,25.43094138660655,18.62121938508136,1.4378596593936286,1.804158412340488,587448512.0,0.09192576073110104,1.4506280422210693e-05,0.1685146024857444,30.67709637046308,6.508760951188988
Kandaleru_Dam,2020,3,-0.0080242270682821,0.9840792971978072,-0.0294984648606455,0.0375138123202608,28.48570810406005,28.18774168773365,19.799608300321893,3.4232206841309867,2.422349214773193,730936508.5170898,0.09275884833186865,1.3850629329681396e-05,0.1344563268846081,30.67709637046308,6.508760951188988
Kandaleru_Dam,2020,4,0.012982385002642,1.0263062883688794,-0.0195077035042549,0.0065269714996841,23.03251689586012,30.57195852067736,21.772819964091013,37.61571391423544,2.251019281580295,742152728.0,0.07622900977730751,1.5407800674438477e-05,0.130077510409885,30.67709637046308,6.508760951188988
Kandaleru_Dam,2020,5,0.0040121030894261,1.008056529806981,-0.0199558358371077,0.0159450093827947,29.87820472699849,32.71493315747989,22.376583517751385,16.492779354254406,0.9930206473153012,755780956.0,0.07662521488964558,2.0295381546020508e-05,0.1325526493851856,30.67709637046308,6.508760951188988
Kandaleru_Dam,2020,12,0.0543828262319787,1.1150208091405074,-0.0545889414594341,0.0002067289438607,25.308225052777857,23.17072688687233,19.86402926701373,112.43158125877382,1.408856616511203,415515916.0,0.08597277570515871,0.03358694911003113,0.3732713473740444,30.67709637046308,6.508760951188988
Kandaleru_Dam,2021,1,-0.0093475657098118,0.9814780041536272,-0.0440165960280014,0.0533422141892057,28.82058406020264,23.50340374362088,19.66797603894309,42.8113893767198,0.9188720788020244,501805880.0,0.09460486937314272,0.00803682953119278,0.3229706056656376,30.67709637046308,6.508760951188988
Kandaleru_Dam,2021,2,-0.0168547815917833,0.9668491865369432,-0.0246811439017089,0.0415186539290148,27.50505523433185,23.88827383404692,17.12736854553225,3.3215379118919373,1.0860052581606658,596891094.0,0.10082834679633379,9.050965309143066e-05,0.2131035441444033,30.67709637046308,6.508760951188988
Kandaleru_Dam,2021,3,-0.0148855938022825,0.9706654742304236,-0.0306614839374864,0.045526298881596,28.97805411577167,27.729053156863017,18.02190820427353,3.583896021048228,1.7800736858334305,788686695.0380859,0.10757062956690788,1.6391277313232422e-07,0.1384549704931115,30.67709637046308,6.508760951188988
Kandaleru_Dam,2021,4,0.0046656994688302,1.009375140525832,-0.0393028045878383,0.0346434578656748,28.791110917288226,30.730209350585938,21.34015210469568,15.285864114761354,1.84888996580247,730855392.0,0.09205563180148602,4.739314317703247e-05,0.1424461788601345,30.67709637046308,6.508760951188988
Kandaleru_Dam,2021,5,0.0027175973007281,1.005450005521751,-0.0030516772134169,0.0003340826833132,31.945124855045265,31.82536265465524,21.906599463185955,23.21059088905653,1.0220389890732695,688433452.0,0.1022700984030962,0.00014396756887435913,0.1740403739354943,30.67709637046308,6.508760951188988
Kandaleru_Dam,2021,9,0.0361105763289919,1.074926802685444,-0.0529190452096088,0.0168406503061177,20.085458406243163,29.107252269321062,22.06262332068553,78.25525212287903,2.146386282492069,519207889.3000488,0.1283932300284505,0.0008309036493301392,0.3044360690646701,30.67709637046308,6.508760951188988
Kandaleru_Dam,2021,12,-0.0065414464827781,0.9870021318930554,-0.0224518168279285,0.0289890057720115,26.77416454150205,23.51639906360259,19.78831921649237,49.57611544926962,0.9184763499595248,485241648.0,0.0942570623010397,0.000513024628162384,0.3522794990129368,30.67709637046308,6.508760951188988
Kandaleru_Dam,2022,2,0.0316780784970034,1.0654288161685606,-0.0278588508679541,-0.0038226011313692,25.891152881461267,24.59069395519441,18.373808138711127,1.3847664843002956,1.398124707604443,595312968.0,0.09689731523394585,1.3366341590881348e-05,0.19940033413115,30.67709637046308,6.508760951188988
Kandaleru_Dam,2022,3,-0.0136096739149117,0.9731461246569472,-0.0414776813406485,0.055056276113344,29.02470831875246,28.41694348653158,19.274571047547056,3.0123616059621177,1.479030450654859,745879158.0039062,0.10378044564276934,1.6510486602783203e-05,0.1380072562925277,30.67709637046308,6.508760951188988
Kandaleru_Dam,2022,4,-0.0104848560391138,0.9792478710067714,-0.0466467724513528,0.0571036999448619,29.96197151802,30.91501704321968,22.060741509331592,3.651179532210032,2.1918646523213834,744858378.0,0.08778525609523058,5.237758159637451e-06,0.1270170635647244,30.67709637046308,6.508760951188988
Kandaleru_Dam,2022,5,-0.0038721856335495,0.9922855007062362,-0.0316030084885115,0.0354708534574042,30.264686820953045,31.05351859061949,22.126656345654567,67.90600432952245,1.547364403211739,667315350.0,0.12826830241829157,0.0026238933205604553,0.2290611472181094,30.67709637046308,6.508760951188988
Kandaleru_Dam,2022,6,0.0618053789527321,1.1317538548318289,-0.0060904515467217,-0.0557359076649565,5.328683042467389,31.73081319597037,21.24008119371205,72.7732261021932,2.257121279457903,633945052.0,0.11526722647249699,0.00020609050989151,0.1933033837212456,30.67709637046308,6.508760951188988
Kandaleru_Dam,2022,7,0.0075269187350065,1.015168005817171,-0.0075821473413713,5.5231758452720056e-05,32.84754960318412,29.17874103259016,21.76062385805193,112.06407467524213,2.8802166814666443,478479056.0,0.11495631374418736,0.0004817694425582886,0.2709375401978852,30.67709637046308,6.508760951188988
Kandaleru_Dam,2022,9,-0.0079847718991618,0.9841569592681096,-0.0663460022105811,0.0742914176596342,33.445184661428414,28.843194516499864,21.710788451300743,94.42840735117596,1.7155556784249928,562347609.875,0.1321199480444193,0.002083227038383484,0.2988087336222331,30.67709637046308,6.508760951188988
Kandaleru_Dam,2022,10,0.0212821309879084,1.0434898179786791,-0.0190599419385254,-0.0022230908154513,25.219234833135147,26.5629687852757,21.971182246874776,191.66186730066937,0.606866221350515,489051269.3046875,0.10920106060802937,0.010813958942890167,0.3600634503108199,30.67709637046308,6.508760951188988
Kandaleru_Dam,2022,11,0.0357640678066242,1.074181155488099,-0.0182867854745547,-0.017488720127046,25.799998156404968,24.260966957940013,21.085053020053465,328.1738629341126,1.0315915368159958,405623928.0,0.08616808243095875,0.03347890079021454,0.3903423097398546,30.67709637046308,6.508760951188988
Kandaleru_Dam,2023,1,-0.0076289954942651,0.98485753084046,-0.0387858149562602,0.0464010805189332,27.043680096598564,22.82173003740212,18.09668390007431,4.57120035092036,0.9422051627179124,563445742.0,0.10101831145584583,8.505582809448242e-05,0.2822132930960706,30.67709637046308,6.508760951188988
Kandaleru_Dam,2023,2,-0.0137622411419578,0.9728491739316404,-0.0460419373976377,0.0597663082014175,27.23161885309048,25.00383663631624,16.738572488512318,1.3531940877437594,1.212435405956642,637896024.0,0.10211962834000587,1.5422701835632324e-06,0.1715168952941894,30.67709637046308,6.508760951188988
Kandaleru_Dam,2023,3,-0.0179150435424668,0.9648005132528146,-0.0544608848745176,0.0723053822879952,26.789163677750025,27.81632988222185,19.69055000223142,37.03892330328624,1.675772174537724,703871133.1289062,0.10305121913552284,0.00010930001735687256,0.1673113094863071,30.67709637046308,6.508760951188988
Kandaleru_Dam,2023,4,-0.0192022411093206,0.9623190759698084,-0.0415036856352977,0.0606575848466046,31.16721164977423,30.95740322536892,20.02816189659967,14.085782150427502,2.217624794964752,730681642.0,0.09690959006547928,4.372745752334595e-05,0.140808614095052,30.67709637046308,6.508760951188988
Kandaleru_Dam,2023,5,0.0142379283519645,1.0288871498741294,-0.0269959172033871,0.0127628944732892,32.8762532065432,32.747730776058745,21.399885698544097,56.628081798553474,0.3629164124095714,686034310.0,0.11200107634067535,0.00018998980522155762,0.1867834316786899,30.67709637046308,6.508760951188988
Kandaleru_Dam,2023,6,0.0032270333954777,1.0064749617086235,-0.0072517011069709,0.0040247618968848,30.039232335786323,33.482208082411034,20.179221619500083,75.47960420449576,2.944038940714672,634737516.0,0.10814599134027958,0.0001292899250984192,0.1785905838012695,30.67709637046308,6.508760951188988
Kandaleru_Dam,2023,9,0.0124530862343783,1.025220242321235,-0.0073766503796846,-0.0050769022294076,30.774143317383164,29.98504706488717,22.17708712683788,80.62350495656332,2.134396241280299,566122775.0625,0.13953484408557415,0.0033216625452041626,0.30106201171875,30.67709637046308,6.508760951188988
Kandaleru_Dam,2023,10,0.0533528528811125,1.112719619012198,-0.0399419625985831,-0.0134395301585629,31.625752041722592,29.27507233158235,20.97493814447876,18.74104924996693,0.650848637970369,605017054.7539062,0.11592330876737833,3.5800039768218994e-05,0.2098528133925571,30.67709637046308,6.508760951188988
Kandaleru_Dam,2024,1,0.0087864942024188,1.0177287620699818,-0.0330241490557129,0.0242446898499512,27.8219487429011,24.353844353460545,19.656121641589777,5.450282831986745,1.3197503137974262,520109234.0,0.09594104252755642,0.00011217594146728516,0.2591000013453986,30.67709637046308,6.508760951188988
Kandaleru_Dam,2024,2,0.0324505846454809,1.0670778859053742,-0.0139248401971478,-0.0185341194461617,24.6512033529508,26.81868142314346,19.8595007885462,1.7868526627620065,1.9275457123868007,614652008.0,0.09639619942754507,5.364418029785156e-06,0.1553515510997553,30.67709637046308,6.508760951188988
Kandaleru_Dam,2024,3,0.0302012183281245,1.0622834734357152,-0.0081132527623113,-0.0220933791091038,30.940490047058688,29.02528677499424,20.05907135419949,2.8992069562276206,2.524647914112927,752398601.1640625,0.0949944406747818,4.559755325317383e-06,0.1278898177608367,30.67709637046308,6.508760951188988
Kandaleru_Dam,2024,4,0.0310602063399507,1.0641117364426218,-0.0008752794742203,-0.0301857475063613,35.3514016059878,32.128300709194605,20.84777058495416,3.0203136901060743,2.616096990922137,777302312.0,0.08590364921838045,1.1324882507324219e-06,0.1238996505737304,30.67709637046308,6.508760951188988
Kandaleru_Dam,2024,5,0.0431600630661823,1.0902137575998097,0.0084943103902198,-0.0516354431298573,33.28050478778613,32.977281414565255,23.07551271992349,39.95596392949423,0.9113370079519632,661507878.0,0.1136779049411416,0.00028802454471588135,0.2145094922793808,30.67709637046308,6.508760951188988
Kandaleru_Dam,2024,10,-0.0097249824330451,0.980737363931292,-0.0539337641657847,0.0636253747774182,31.18252175489107,27.98051865690502,22.926930671609853,295.3818081219991,0.1467164006689323,522283459.7487793,0.1120662884786725,0.006994143128395081,0.3229556340043262,30.67709637046308,6.508760951188988
Kandaleru_Dam,2025,1,0.0741793568630576,1.1602456316197851,-0.0368052688770412,-0.0374764057382136,24.93320927177905,23.04543635460641,18.551816148655405,7.15111631155014,0.9945742787475051,521845620.0,0.0905213039368391,3.931671380996704e-05,0.2717537828671035,30.67709637046308,6.508760951188988
Kandaleru_Dam,2025,2,-0.0083844786702968,0.9833704725773784,-0.0361569158097929,0.0445278955417862,27.41191195191601,25.492830008552232,18.196005008334225,1.3847676912943525,1.3341221210142362,630856764.0,0.08971728757023811,7.152557373046875e-07,0.1552432832263764,30.67709637046308,6.508760951188988
Kandaleru_Dam,2025,3,0.0013050154247663,1.0026134414309118,-0.0364171592741898,0.0351138126317739,28.343362198236605,28.73750170635924,19.36073308144848,4.500702401002248,1.938077924061048,757945814.0930176,0.09070605784654617,7.3015689849853516e-06,0.1288211986582766,30.67709637046308,6.508760951188988
Kandaleru_Dam,2025,4,-0.0119247848743688,0.9764314797846376,-0.0445887322442353,0.0564834842264727,30.972116722467888,31.205244890848803,22.01955240037711,6.374169488747915,1.8569896556062573,719922654.0,0.08535188529640436,5.492568016052246e-05,0.1483688142564561,30.67709637046308,6.508760951188988
Kandaleru_Dam,2025,5,0.001264506920763,1.0025322158459882,-0.0298008519175174,0.0285374203833106,29.61303065477261,31.39723218692251,22.525964499032625,126.54810174306236,0.8750943691654919,622229244.0,0.10099398531019688,0.0023213550448417664,0.2268148647841587,30.67709637046308,6.508760951188988
Kandaleru_Dam,2025,6,0.0031860023934154,1.006392370895805,-0.0031788864771336,-7.115988352113812e-06,30.496001524712256,31.96217645009364,20.526605033874542,40.40098335345586,3.448241464225416,583730866.0,0.12229861505329609,0.00010636448860168457,0.2044316821628146,30.67709637046308,6.508760951188988
Kandaleru_Dam,2025,9,0.0001174268522817,1.0002348812859336,-0.0179213450670332,0.0178039556822351,31.36897430554665,29.6329476674398,20.811218600802988,100.39755980173749,2.8024974954428346,562256102.125,0.12441812921315432,0.0002685263752937317,0.2328772015041775,30.67709637046308,6.508760951188988
Kandaleru_Dam,2025,11,0.0024269773262711,1.0048657637508405,-0.0371462506737318,0.0347224036800746,29.250725655843667,25.35247003767228,20.74285994635693,159.56754589080813,1.409200852501148,440528980.0,0.09979711100459099,0.0033147484064102173,0.3303635279337565,30.67709637046308,6.508760951188988
Kandaleru_Dam,2025,12,-0.0019308216875303,0.9961457984009748,-0.0384024434378409,0.0403302747052473,25.64866147014476,22.249275605396576,18.471153082898866,94.00027267138164,1.1951822041315765,435610448.0,0.08402216993272305,0.02182833105325699,0.336734382055139,30.67709637046308,6.508760951188988
Kandaleru_Dam,2026,1,0.0160308224252973,1.0325839930572018,-0.0498277389748983,0.0338239344196031,25.57156451162428,22.81039626418908,17.79053535051247,13.162482976913456,1.1810223991612778,503522408.0,0.08911025803536177,0.00010744482278823853,0.244236094977266,30.67709637046308,6.508760951188988
Kandaleru_Dam,2026,2,-0.0106357227385735,0.9789524108454164,-0.0322199910243363,0.0428410328739038,25.36289550350864,24.57172918773836,17.24036519186842,1.3685281177361808,1.271059485134607,605199248.0,0.08448839839547873,2.4139881134033203e-06,0.1523926371619814,30.67709637046308,6.508760951188988
Kandaleru_Dam,2026,3,-0.0247853198189894,0.9516282691805784,-0.0334947742797783,0.0582317513395619,28.585026460766016,28.35320982163956,18.895111789498287,4.684996187686921,2.1287351337837146,752767400.6914062,0.08942265808582306,4.06801700592041e-06,0.1277225863549017,30.67709637046308,6.508760951188988
Kandaleru_Dam,2026,4,-0.0069045606414976,0.9862855708249076,-0.0283042764762378,0.0352019576486693,30.9629880845265,31.61332590315078,21.1004980299208,6.957363724708558,2.303898874253424,761561710.0,0.07711165864020586,1.691281795501709e-06,0.1242835574679904,30.67709637046308,6.508760951188988
Kandaleru_Dam,2026,5,0.0013162998882959,1.0026360696347576,-0.0194687062409007,0.0181528715499967,31.973518928545104,,,,,,,,,30.67709637046308,6.508760951188988
Krishnagiri_Dam,2016,1,0.2024369089234767,1.5076386086277749,0.0198782676644956,-0.221424144780629,23.245031143284223,21.80526094334101,14.509456560688648,9.063832452220302,1.4005938259343227,577955464.0,0.07501084078103304,1.4260411262512207e-05,0.1657998690041162,29.68510965756061,6.330365525201999
Krishnagiri_Dam,2016,2,0.1654036504875764,1.3963680181064924,0.0329284610783975,-0.1972577496651423,39.5650234084203,24.956966588689,14.78344561258956,5.035275442946342,1.6405367383018243,654889564.0,0.05591867957264185,1.6167759895324707e-06,0.1255586996845815,29.68510965756061,6.330365525201999
Krishnagiri_Dam,2016,3,0.1431042498430917,1.3340062074456258,0.0326146104592569,-0.1749025395398707,46.1789676394186,27.77472219979893,16.425054435319794,5.55050387113325,1.5103315613531203,759449670.5644531,0.04680849704891443,6.6533684730529785e-06,0.1232756747994371,29.68510965756061,6.330365525201999
Krishnagiri_Dam,2016,4,0.1362340441159126,1.315442031925126,0.0414481038358486,-0.1766844738385417,49.12173447629624,30.51873647901749,17.711652459038646,5.227666162675427,1.3800009248705007,744816674.0,0.03627683036029339,1.1205673217773438e-05,0.1246088451809353,29.68510965756061,6.330365525201999
Krishnagiri_Dam,2016,6,0.1910060249511035,1.4722062978023016,0.0199653094757443,-0.2101698528699047,39.42060865471859,25.994325192769395,20.24267516665992,162.11725928706508,3.543927602116639,518502852.0,0.11705189850181341,0.009677067399024963,0.3454176584879557,29.68510965756061,6.330365525201999
Krishnagiri_Dam,2016,8,0.2249894518616371,1.5806100378945285,0.0047506067434261,-0.229494766243637,7.426253953333003,26.51460943734776,18.649421023297062,74.51403584787923,4.08678929296382,569319508.0,0.10320568643510342,0.00011651217937469482,0.2243465505620484,29.68510965756061,6.330365525201999
Krishnagiri_Dam,2016,11,0.1888012099829099,1.4654869122251335,0.0423922251051913,-0.2293577238949852,36.67315790822016,25.026779831780345,14.042919116550024,9.21251581368908,1.5883847928406818,586546480.0,0.03943504951894283,1.2569129467010498e-05,0.1341880798339843,29.68510965756061,6.330365525201999
Krishnagiri_Dam,2016,12,0.1809920681204578,1.4419787918417322,0.0234595467685723,-0.2035871853517676,33.222493210476955,22.42266463002852,15.163150693011572,71.26251284537776,1.4128749973973116,530793444.0,0.0695596132427454,0.0027376189827919006,0.2336241814397996,29.68510965756061,6.330365525201999
Krishnagiri_Dam,2017,1,0.161576148595813,1.3854283208312983,0.0111452525937905,-0.1724109223955337,29.45362781415957,22.47515545916815,14.288118309103083,13.545050059595416,1.6902591999502887,568238480.0,0.03922981582581997,0.00014426559209823608,0.1566362688618321,29.68510965756061,6.330365525201999
Krishnagiri_Dam,2017,2,0.1341458730409817,1.309857905308179,0.0425862314249018,-0.1757282101120915,36.3615825292174,24.019254938761435,11.087817605336513,5.648686728169841,1.600198577083841,674846640.0,0.03932101558893919,7.301568984985352e-07,0.1421811694190615,29.68510965756061,6.330365525201999
Krishnagiri_Dam,2017,3,0.1638286176257749,1.3918541607118866,0.0260758920128771,-0.1890966928513762,29.8685676520314,27.50310804305542,15.926913259362664,21.94111581963877,1.3642605499548632,712802330.2438965,0.043198373168706894,9.227544069290161e-05,0.1613077553369665,29.68510965756061,6.330365525201999
Krishnagiri_Dam,2017,4,0.1658601515408521,1.3976794822768264,0.0297431271884629,-0.1946430656391137,41.93658622857015,30.65403414832224,15.897231504652268,28.01042691546101,0.4748711588001533,730722788.0,0.030757339671254158,4.699826240539551e-05,0.1386737823486328,29.68510965756061,6.330365525201999
Krishnagiri_Dam,2017,5,0.1815283454559843,1.4435788202271145,0.0168848854235257,-0.1978069357457196,33.43580024091256,28.68675571154523,20.37643722616218,116.07903244033936,1.4687596208178633,724301978.0,0.1057237908244133,0.0044990479946136475,0.2745679834837554,29.68510965756061,6.330365525201999
Krishnagiri_Dam,2017,6,0.2190844227247069,1.5610963056701173,0.0164293653722522,-0.2346691158506779,44.14775543933968,26.810043991936595,19.85392714606394,92.1149607473804,3.824121600029084,527881522.0,0.08710629679262638,0.00018739700317382812,0.2365258746676974,29.68510965756061,6.330365525201999
Krishnagiri_Dam,2017,7,0.1915704807202596,1.473932423672349,0.0337990611490938,-0.2239196837732239,39.01267751833086,27.140426500381977,18.67229971116592,99.68787476324266,4.192201932861131,522054166.0,0.05147741734981537,0.00014259666204452515,0.1726766196630334,29.68510965756061,6.330365525201999
Krishnagiri_Dam,2017,12,0.2278909452049308,1.5903076613067746,0.014206874610705,-0.2413165290573265,31.779738065148702,21.92713650118924,16.022622393536324,23.8212027319016,1.6508750581649636,520526028.0,0.08288118150085211,0.0007334277033805847,0.2407766567763462,29.68510965756061,6.330365525201999
Krishnagiri_Dam,2018,1,0.1958530584382491,1.4871076374620755,0.025911718977764,-0.2206450282982711,31.88449353556581,22.38355227234547,13.179445233909064,7.893069001936143,1.4337677853441482,632612872.0,0.05628033168613911,3.5241246223449707e-06,0.1316533652685022,29.68510965756061,6.330365525201999
Krishnagiri_Dam,2018,3,0.1372347152781178,1.3181275781682762,0.0389054101486181,-0.1752046773641117,40.99281721776731,26.853139311267512,13.4452267595517,28.744313543842686,1.2591525520810951,748114053.7617188,0.04516587220132351,5.967170000076294e-05,0.1437776832170383,29.68510965756061,6.330365525201999
Krishnagiri_Dam,2018,4,0.1517787228996959,1.3578753021111678,0.0250588111997243,-0.176167499624707,36.423523551645246,29.362932014465343,17.491852506001806,20.18947826277825,1.5138058081291683,714600242.0,0.03058619610965252,1.849234104156494e-05,0.1274651209513346,29.68510965756061,6.330365525201999
Krishnagiri_Dam,2018,5,0.2002884501564655,1.5009017318698283,0.0167109202808014,-0.2162754954189827,43.61250138720527,28.83062105076289,20.028611775880226,167.0597458501016,0.6525871137681775,688696122.0,0.0679979408159852,0.00020796805620193481,0.1955744425455729,29.68510965756061,6.330365525201999
Krishnagiri_Dam,2018,9,0.1988021513779136,1.4962623195252382,0.0252044951725872,-0.2228898108224503,39.62663528146413,26.3860820770264,18.94563691880973,144.899619594697,1.585671499632261,609354776.5625,0.08220834005624056,0.00048339366912841797,0.245369890001085,29.68510965756061,6.330365525201999
Krishnagiri_Dam,2018,10,0.2715447628949785,1.7455358931157767,-0.0103953344862967,-0.2618886874389695,37.65793649686151,24.721156589959264,18.29966353139571,172.91262438989455,0.7661879774733011,599072178.9016113,0.10618758574128151,0.0008892565965652466,0.292563715288716,29.68510965756061,6.330365525201999
Krishnagiri_Dam,2018,11,0.2376278629632167,1.6233907337874065,0.0118623954938077,-0.2487889632479396,32.12258373557995,23.692220285203742,17.601255586412265,19.86102279540032,1.7234644490045286,465691152.0,0.074111832305789,0.002455487847328186,0.2548614713880751,29.68510965756061,6.330365525201999
Krishnagiri_Dam,2019,1,0.1847042276031708,1.4530974742090768,0.0316032421362009,-0.2150521560193885,32.27208602340022,22.12841163963401,11.9811816759007,9.929057628877702,1.6749294432936246,642692220.0,0.031130453571677208,6.988644599914551e-06,0.1333280788954868,29.68510965756061,6.330365525201999
Krishnagiri_Dam,2019,2,0.1667289691488227,1.4001794445644196,0.0344028409755593,-0.1999847077973658,37.6397085304003,25.87625111171178,14.234882336571104,8.971410186060014,1.6734529281576758,622574750.0,0.021107173524796963,6.563961505889893e-06,0.1267376173110235,29.68510965756061,6.330365525201999
Krishnagiri_Dam,2019,3,0.1394801204001027,1.3241764047681377,0.0410352148743389,-0.1794880182435023,43.37691435747468,28.4791682950912,13.762724361624803,4.643859993065557,1.7007546312876374,777066724.7844238,0.021262286230921745,3.4347176551818848e-06,0.1221351008261403,29.68510965756061,6.330365525201999
Krishnagiri_Dam,2019,4,0.1225658376667063,1.2793732975720395,0.0413184918203568,-0.1630585625162287,48.10331282747711,29.731541845533627,16.12950950198706,40.953235505088685,1.1229951386187853,735323236.0,0.032520437613129616,7.18533992767334e-05,0.1442559772067599,29.68510965756061,6.330365525201999
Krishnagiri_Dam,2019,5,0.1480754485811986,1.3476257336042088,0.0324338900358603,-0.1796465567787426,43.67041421593967,29.982178419379807,19.41939129162864,111.73826614502936,1.5376066573063998,718980398.0,0.05485338065773249,0.0016433298587799072,0.1758971470658497,29.68510965756061,6.330365525201999
Krishnagiri_Dam,2019,8,0.1940971059039187,1.4816885689971928,0.0205542258906083,-0.2137983797890113,39.2725168651258,25.90311674712808,19.39688867958648,206.286740949077,4.154535581467305,455724918.0,0.0829238872975111,0.0014430582523345947,0.2583961076633904,29.68510965756061,6.330365525201999
Krishnagiri_Dam,2019,11,0.256108892324161,1.6885655432132525,-0.0050454180820716,-0.2513883122956019,31.37479861020188,24.21163984934492,19.222077835930747,42.41981380601083,1.6967755634525357,481293342.0,0.09389664139598608,0.00039102137088775635,0.2807099448310004,29.68510965756061,6.330365525201999
Krishnagiri_Dam,2020,1,0.2159606118576659,1.5508922513940346,0.0220908588971459,-0.2369211777656904,35.029257385597475,23.73715772731333,15.486444440452033,14.53889190766119,1.7061873829582337,606867972.0,0.06684930995106697,3.032386302947998e-05,0.1610706288327452,29.68510965756061,6.330365525201999
Krishnagiri_Dam,2020,2,0.1782502868897668,1.4338310900410514,0.0447588746943912,-0.221244014390094,35.74478786677247,24.6705359447962,14.548389711051186,5.482820833882977,2.082451950967533,640699248.0,0.037026011385023594,4.410743713378906e-06,0.1235280749441563,29.68510965756061,6.330365525201999
Krishnagiri_Dam,2020,3,0.1458453881729252,1.341496460133735,0.0347258891298941,-0.1796613624299432,41.73175782720159,27.353329410347897,15.734110358453565,8.266821092174899,1.848368012816864,734533670.5170898,0.036480287089943886,2.110004425048828e-05,0.1297076030444073,29.68510965756061,6.330365525201999
Krishnagiri_Dam,2020,4,0.1472088679272946,1.3452401470674398,0.0370143437987713,-0.1832248489049111,48.31597327046313,29.114053789774573,17.110827234056273,61.33377818715187,1.2853201567714585,729564498.0,0.03234677668660879,4.461407661437988e-05,0.1370125452677409,29.68510965756061,6.330365525201999
Krishnagiri_Dam,2020,7,0.2695854116762882,1.7381709401368388,-0.0073841325826172,-0.2627242723281891,32.861406537027506,25.556686409570887,20.52101168888873,160.66244353017498,2.5065994313854705,519277298.0,0.10730375815182924,0.0009696036577224731,0.3439357306367607,29.68510965756061,6.330365525201999
Krishnagiri_Dam,2020,10,0.3121210543316753,1.907488319847984,-0.0176890945441747,-0.2960665845062369,33.821784798442195,25.01227115097868,19.064064854447565,199.656261028782,1.902005028734073,540916169.3293457,0.1121762041002512,0.0004817098379135132,0.3049593074347383,29.68510965756061,6.330365525201999
Krishnagiri_Dam,2021,2,0.15955064232157,1.379679372383117,0.0248707285416514,-0.1836924533602202,36.31699662600943,23.080383441561764,12.805535979498018,9.063728274837615,1.6012799256582475,628135616.0,0.07477233279496431,2.5875866413116455e-05,0.1543929917471749,29.68510965756061,6.330365525201999
Krishnagiri_Dam,2021,3,0.1605877264179084,1.3826194385569786,0.0301392610978536,-0.1898083161358181,42.77106523397322,26.904296247420803,12.278657511229198,10.477761276306644,1.502668304643058,807614633.0380859,0.05684660840779543,3.948807716369629e-07,0.1226977891819451,29.68510965756061,6.330365525201999
Krishnagiri_Dam,2021,4,0.1891781964053132,1.4666332246286744,0.017062606929831,-0.2055772261154167,41.600772572453934,28.8555918375651,16.96669290330675,59.32733003554806,0.5718156005886251,709724916.0,0.052964868023991585,0.00010482221841812134,0.1564163631863064,29.68510965756061,6.330365525201999
Krishnagiri_Dam,2021,5,0.2060592222345144,1.519079578742535,0.0195627609978336,-0.2247161328794034,43.34417828077892,28.28782275210148,19.567398879348616,101.62837230005572,1.1523683853624798,670154606.0,0.0741370813921094,0.001984730362892151,0.196963382023637,29.68510965756061,6.330365525201999
Krishnagiri_Dam,2021,7,0.2219554719557499,1.5705469647442247,0.0017749295088115,-0.2236422963928324,12.994896044134748,25.721271276986727,19.71545864228284,172.44034897896552,3.600633448252709,496888210.0,0.10231819562613964,0.0007954984903335571,0.3157192763461861,29.68510965756061,6.330365525201999
Krishnagiri_Dam,2021,8,0.2398812169718541,1.6311677130677398,-0.0035663206517958,-0.2365172352391428,27.014527578221987,26.065693278979268,19.4034780563847,172.23340842031664,3.061470364309215,537272894.0,0.08729546517133713,0.0005258470773696899,0.2454172975273542,29.68510965756061,6.330365525201999
Krishnagiri_Dam,2021,9,0.2482677352033502,1.6605216959006244,-0.023454312834576,-0.2261301668265545,26.43652703441421,25.782653745015462,19.57811268700493,144.45420188288534,2.754744253230664,508009675.3000488,0.10301051568239927,0.01264943927526474,0.2804247326321072,29.68510965756061,6.330365525201999
Krishnagiri_Dam,2021,12,0.2464203334925316,1.6539994228734662,0.0028802203362388,-0.24912373953618,30.46993774341485,21.66320108393188,17.224511882823037,27.821280156412435,1.4274220847152406,524241676.0,0.09360869880765676,0.0001768171787261963,0.3098618497130691,29.68510965756061,6.330365525201999
Krishnagiri_Dam,2022,2,0.159982655994278,1.380903220953467,0.0276359842391418,-0.1867927774063035,35.81834642987337,23.78807002476288,14.272510124388193,5.4652333663355925,1.4952779809360268,626253442.0,0.06128848064690828,4.0084123611450195e-06,0.1316133907863072,29.68510965756061,6.330365525201999
Krishnagiri_Dam,2022,3,0.1443511593237863,1.3374074794741886,0.0251392866230383,-0.1688776084980361,43.861775322563744,26.69101627719021,13.801515772009452,14.38190729579618,1.053806802299324,717724896.0039062,0.05405352171510458,1.2308359146118164e-05,0.1255563920544039,29.68510965756061,6.330365525201999
Krishnagiri_Dam,2022,4,0.1537195521821157,1.3632827689177465,0.0305858133268334,-0.1834428835633931,44.69320236144495,28.31034853193495,18.4088290744358,61.2098031274734,0.9952822242525696,711141582.0,0.05971076060086489,0.00010035932064056396,0.1606869803534613,29.68510965756061,6.330365525201999
Krishnagiri_Dam,2022,5,0.1706213892129707,1.411443909919648,0.0190337619107978,-0.1890412270920859,41.631425104147866,27.167196240989146,20.29364590798656,221.41522469828203,2.294175953433267,617429234.0,0.10098472330719233,0.00867956131696701,0.2691453092841692,29.68510965756061,6.330365525201999
Krishnagiri_Dam,2022,6,0.2303825358840901,1.5986936280058035,0.0035242162649358,-0.233716993143405,27.75693191133132,26.42831482357451,20.25675328572595,148.57414627075195,2.7914044832948486,630556338.0,0.12540341448038816,0.032798051834106445,0.307583491007487,29.68510965756061,6.330365525201999
Krishnagiri_Dam,2022,8,0.29442238676359,1.8345570529459,-0.0083494663688724,-0.2867778978450368,40.15727819796109,25.08399640155096,20.02843051623273,253.08177883394305,2.6642820145606856,530496410.0,0.1197287505492568,0.03576333820819855,0.347135748914493,29.68510965756061,6.330365525201999
Krishnagiri_Dam,2022,9,0.299092272648742,1.853442645807364,-0.0106927138906439,-0.2893248509068329,34.02332439052452,25.303882450527624,19.679793442620166,123.09932899475098,2.244114306308217,582400235.875,0.12341540306806564,0.0016566067934036255,0.3043646918402777,29.68510965756061,6.330365525201999
Krishnagiri_Dam,2022,11,0.2753045949008189,1.7597801585705954,-0.0126200092950284,-0.2636004248314892,29.575504970679845,22.34750124613447,17.93677014244929,54.79815436370911,1.4607038932498675,440997556.0,0.08992484025657177,0.004106886684894562,0.3311314264933268,29.68510965756061,6.330365525201999
Krishnagiri_Dam,2022,12,0.2399292301743491,1.631333922311959,-0.004414630048783,-0.2357643214093179,28.69715475729044,21.886339216334875,17.223432651642838,89.02054735922044,1.365088540113962,445489812.0,0.08728920388966799,0.009197838604450226,0.31571654863255,29.68510965756061,6.330365525201999
Krishnagiri_Dam,2023,1,0.2208494674417941,1.5668980722291832,0.0114358923778476,-0.2317001753679553,30.75620619224179,21.29653892517092,13.847106552124046,8.849366399549668,1.6506200305506449,602154340.0,0.08361282851547003,1.4506280422210693e-05,0.1849800438009282,29.68510965756061,6.330365525201999
Krishnagiri_Dam,2023,2,0.1794955722681651,1.437524932715731,0.0273658399895749,-0.205850266053377,37.17225710637968,23.71060921351119,10.959676701681984,5.142786985443484,1.6381412187247837,654205850.0,0.06216047611087561,8.791685104370117e-07,0.1277283032735189,29.68510965756061,6.330365525201999
Krishnagiri_Dam,2023,3,0.1398276676510485,1.325115473707945,0.0276753653106077,-0.1668573314998958,40.18516774265754,25.96756843648933,14.94744106825965,28.618931503065173,1.0767553662281664,733453011.1289062,0.06548548117280006,0.00011532008647918701,0.1604182950911983,29.68510965756061,6.330365525201999
Krishnagiri_Dam,2023,4,0.1951241133232003,1.4848551597907491,0.0188673258652276,-0.2132065257111312,43.01830813783511,28.34436882866754,16.337653541564976,16.087818347638652,1.1396564456333744,728327592.0,0.05591280944645405,7.659941911697388e-05,0.1503871705796983,29.68510965756061,6.330365525201999
Krishnagiri_Dam,2023,5,0.2353619505824803,1.6156166326323225,0.002080138512337,-0.2373258977865148,40.83003575464238,27.98185375992972,20.593234572872063,231.46887139351136,1.3373528198592683,674632824.0,0.1179323485121131,0.00793255865573883,0.2709427905339067,29.68510965756061,6.330365525201999
Krishnagiri_Dam,2023,6,0.2479410334179024,1.6593659392021525,0.0028066805644907,-0.2505733421786624,35.79328600155486,27.673999532063817,20.16983848147925,209.7396506955547,3.153628992803849,602202204.0,0.0997044239193201,0.008542753756046295,0.2386225594414605,29.68510965756061,6.330365525201999
Krishnagiri_Dam,2023,7,0.2152437570403838,1.5485620763681147,-0.0037821746017554,-0.211633871345011,30.405517772269263,25.809257166872783,19.68793061779394,93.96116880447634,4.393103935839804,486495690.0,0.10229498613625765,0.0005844607949256897,0.284238056469989,29.68510965756061,6.330365525201999
Krishnagiri_Dam,2023,8,0.2385061014464696,1.6264163163999494,0.0081380254761821,-0.2461663257819801,42.989248375722354,27.69161452836892,18.69306899450163,167.00932997272858,2.830363158932532,657858896.0,0.08579420577734709,0.0002028942108154297,0.1862139958207325,29.68510965756061,6.330365525201999
Krishnagiri_Dam,2023,9,0.256998171646503,1.691783416511948,-0.0033670135782515,-0.2538508193284938,40.14586469473022,26.629760064019138,19.93500542110872,215.14090642621443,2.887017786385998,558321117.0625,0.10347940865904093,0.0005353540182113647,0.2832889980740017,29.68510965756061,6.330365525201999
Krishnagiri_Dam,2023,10,0.2917881290756638,1.824013663297768,-0.0168206870769155,-0.2763236597457369,36.462166123627526,26.14237271380682,18.60387852166292,104.16944176150906,0.3480406227710909,606068768.7539062,0.09410245809704065,0.0002810955047607422,0.2295190134356098,29.68510965756061,6.330365525201999
Krishnagiri_Dam,2023,11,0.2639936819048721,1.717367977460083,-0.0077779424007783,-0.2567429168346922,27.46851986528486,23.78696888817683,19.860226885477744,68.91466258225903,1.5565762130129002,439618234.0,0.08317229896783829,0.0015390366315841675,0.3266516791449653,29.68510965756061,6.330365525201999
Krishnagiri_Dam,2024,1,0.1758814830700324,1.4268354113076642,0.0178448865749094,-0.1931202453173882,34.51733046206073,22.811432139078818,16.907234712826323,19.168826487756547,1.5858843425068183,527198176.0,0.0753557663410902,0.010165393352508545,0.2377270114037298,29.68510965756061,6.330365525201999
Krishnagiri_Dam,2024,2,0.1326104302600882,1.3057690221012266,0.0247119409953121,-0.1568085002148142,24.050968240396173,25.49055642314346,15.617672483948468,4.6412146764416855,1.7298417903746146,636681236.0,0.050917659886181355,1.0952353477478027e-05,0.1321480191987136,29.68510965756061,6.330365525201999
Krishnagiri_Dam,2024,3,0.1362327002911494,1.3154384296258248,0.0324379657174797,-0.1679285709026302,43.04484049105986,28.15707545947004,14.99659498071162,3.770463598351325,1.820464407694125,777638509.1640625,0.038932353258132935,1.862645149230957e-06,0.1220220955469275,29.68510965756061,6.330365525201999
Krishnagiri_Dam,2024,4,0.1280859860839965,1.2938041688508422,0.0404370074332006,-0.1676546407286426,46.84570467164872,30.60787970225016,16.21147772471113,5.151361382776691,1.9982308255189023,787551902.0,0.032343762926757336,3.7550926208496094e-06,0.1216296301947699,29.68510965756061,6.330365525201999
Krishnagiri_Dam,2024,5,0.1766969490713583,1.4292391455905664,0.020498396370398,-0.1964836807446136,38.355193875859015,28.91507543338247,20.90966510567614,160.6867533653013,0.797980397980838,603882648.0,0.08727061934769154,0.0014502108097076416,0.2575691592308782,29.68510965756061,6.330365525201999
Krishnagiri_Dam,2024,6,0.2776338010973935,1.768678826664828,-0.0068690379627109,-0.2712821190568572,31.00052250089186,27.021694776746983,20.814255460103368,266.6018417112289,3.148214155288966,524191896.0,0.10526188928633928,0.0006036609411239624,0.2948892381456163,29.68510965756061,6.330365525201999
Krishnagiri_Dam,2024,8,0.2872721240755163,1.806120074096706,-0.0164927714341878,-0.2720683891301574,35.94771933180709,25.846338034188875,20.866949028097224,180.15120500133884,2.071002022595639,512197916.0,0.10922178346663713,0.039955198764801025,0.3351958490187122,29.68510965756061,6.330365525201999
Krishnagiri_Dam,2024,9,0.3077281288637178,1.889038372622648,-0.006941733204201,-0.3014303009916801,37.870657906479096,26.74831723107235,18.990546883477123,54.03751279077223,3.0912411801645834,565980721.0625,0.10083425790071487,0.00016120821237564087,0.2076448440551757,29.68510965756061,6.330365525201999
Krishnagiri_Dam,2024,10,0.2899823544585125,1.81683140209103,-0.0196125882964855,-0.2719162366065976,25.964723486861203,24.979150944371384,20.72377679476176,358.5887983383671,0.2659849686489335,482651973.7487793,0.09415724314749241,0.008406311273574829,0.3339267853767641,29.68510965756061,6.330365525201999
Krishnagiri_Dam,2024,11,0.2976804992271621,1.8477067741949127,-0.0157789842689161,-0.2832318822753286,30.72332092213492,23.53409512837732,18.47052004072401,50.38119395702116,1.6268672273152605,445601800.0,0.0917120585218072,0.0005067363381385803,0.2813795725504557,29.68510965756061,6.330365525201999
Krishnagiri_Dam,2024,12,0.2732056497406493,1.7518100536779295,-0.0072607407719852,-0.2664735059071394,30.2634221094944,22.68311938214049,18.958655437346465,112.52413145572908,1.322399106026548,421581128.0,0.0824833745136857,0.007494188845157623,0.3464363057126281,29.68510965756061,6.330365525201999
Krishnagiri_Dam,2025,1,0.2607094915102405,1.7052964660477627,-0.0039478183818751,-0.2570262131746373,30.61387749013545,21.429157162738136,15.607018181585545,12.749918137827226,1.6432909126240294,558594980.0,0.07941520772874355,4.556775093078613e-05,0.2161732335244455,29.68510965756061,6.330365525201999
Krishnagiri_Dam,2025,2,0.1669918781215516,1.4009369746479348,0.022257380572877,-0.1885484614366037,37.88959239712278,24.25094768433348,12.949236965179466,4.846767077522893,1.3702617745690444,671964058.0,0.060651677660644054,9.08970832824707e-07,0.1284730775015694,29.68510965756061,6.330365525201999
Krishnagiri_Dam,2025,3,0.153556980057803,1.362828864885174,0.0228291525856851,-0.1757699577458436,41.30045888308632,27.21090612924229,15.607081472745506,21.544086090980034,1.4120176729637717,746264454.0930176,0.055726890452206135,5.157291889190674e-05,0.1406852147912466,29.68510965756061,6.330365525201999
Krishnagiri_Dam,2025,4,0.1877177150389778,1.4621982247168803,0.016143158514579,-0.2032449687742953,41.14213867685055,28.35894769032797,18.72454643249512,26.471774101257324,0.5401163311466652,703883842.0,0.08013175055384636,0.0002631843090057373,0.2060662375556098,29.68510965756061,6.330365525201999
Krishnagiri_Dam,2025,5,0.2260656418393083,1.5841984903643995,0.0058483648845368,-0.2316077947322329,39.68474179374505,27.514438063098567,20.08089088932161,237.12250687999108,2.172928242274758,575048748.0,0.08848166652023792,0.04865322262048721,0.2745970654231245,29.68510965756061,6.330365525201999
Krishnagiri_Dam,2025,6,0.2721441318511934,1.7477967651572326,-0.0057215794190465,-0.2668380444204813,40.3653946134732,26.634604835510288,19.66480219099259,70.54047585302784,3.8753742994955225,556772288.0,0.10669345036149025,0.00023561716079711914,0.2483732647365994,29.68510965756061,6.330365525201999
Krishnagiri_Dam,2025,8,0.2770216414311197,1.766334533109616,-0.0081747797815874,-0.2694570716856318,30.94233940499504,25.46258369363767,19.520120546894702,201.3544699145901,3.1380394393801656,501250588.0,0.10115446988493204,0.0015140995383262634,0.3054718099614625,29.68510965756061,6.330365525201999
Krishnagiri_Dam,2025,9,0.2735868785248901,1.7532542307862606,-0.0091915669113952,-0.2650618605803185,23.30289808280992,25.847758865356468,19.09504292805991,147.9793920670786,3.0109899919954604,534117080.125,0.09746588300913572,0.0008837953209877014,0.262748548719618,29.68510965756061,6.330365525201999
Krishnagiri_Dam,2025,11,0.2929491047901774,1.8286506863222127,-0.0122849184147031,-0.2816779045506476,35.484447089642,23.471664916144505,17.636607233683264,17.453273146383225,1.6454422700787996,453033960.0,0.08112350292503834,0.001176305115222931,0.2399880515204535,29.68510965756061,6.330365525201999
Krishnagiri_Dam,2025,12,0.2297334347770249,1.5965037174124834,0.0054691308598902,-0.2349074180396421,30.730001322387466,20.985144325994725,15.043954242173072,11.940954492938134,1.7216978655278286,552662756.0,0.08234127052128315,0.0002577453851699829,0.25296022558725,29.68510965756061,6.330365525201999
Krishnagiri_Dam,2026,1,0.1746962910991363,1.423350311443035,0.0181609768155939,-0.1922473333949807,33.22411324209827,21.630950279646072,14.04878100323424,20.38188486714517,1.8423836089178915,553576692.0,0.0564447483047843,8.101761341094971e-05,0.170124771774456,29.68510965756061,6.330365525201999
Krishnagiri_Dam,2026,2,0.1566100992052892,1.3713824390302003,0.0325039921217741,-0.1881562904926064,37.22948806414661,23.80388657706129,12.893162345886251,4.976420064126292,1.5917462861659235,635596012.0,0.034790003672242165,1.6391277313232422e-07,0.1233823867071242,29.68510965756061,6.330365525201999
Krishnagiri_Dam,2026,3,0.1483742491987423,1.3484494193820311,0.0232490860477895,-0.1710333444900635,41.12184965467725,27.24456724351456,14.421321466917677,10.440733244342187,1.4546908031965426,763673794.6914062,0.03474811092019081,9.641051292419434e-06,0.1247869512086273,29.68510965756061,6.330365525201999
Krishnagiri_Dam,2026,4,0.1494404101865863,1.3513931580487355,0.0290880771943943,-0.1777557946402381,41.38191761450827,30.12853586408829,16.016855451795834,26.37886146576174,1.17468103043782,772092378.0,0.026978916488587856,1.0207295417785645e-06,0.1206904305352105,29.68510965756061,6.330365525201999
Krishnagiri_Dam,2026,5,0.1562903355817609,1.37048369166075,0.0257022021543047,-0.1812643975995951,44.35729227343302,,,,,,,,,29.68510965756061,6.330365525201999
Malampuzha_Dam,2016,1,0.2079220120339112,1.5250038889928423,-0.0043026846283999,-0.203801653020169,32.57443050638699,24.79430086689615,14.759818833874135,3.4216657876968384,1.847774443230111,646574596.0,0.07762921694666147,1.6242265701293945e-05,0.2974807985367314,30.231269349845206,5.964097007223941
Malampuzha_Dam,2016,3,0.1847233915626242,1.4531551369213938,0.0118908364555096,-0.1961833083133956,42.07758235877304,28.2421176131054,18.728689242947496,12.395079731941223,0.3567185362817479,734974440.5644531,0.058299701660871506,0.00015544891357421875,0.3025153375441028,30.231269349845206,5.964097007223941
Malampuzha_Dam,2016,4,0.1935554308838687,1.4800216612432688,0.01184029783515,-0.2049260885462831,40.156628590104106,28.234630033705,21.739918518066418,21.41457891464233,1.3347264600223654,666793508.0,0.09882915113121271,0.0063196271657943726,0.3833013322618273,30.231269349845206,5.964097007223941
Malampuzha_Dam,2016,5,0.2508565886122044,1.669715797533319,-0.0077719941591905,-0.243559451584902,40.86216162408982,25.963993675478093,22.529315115815848,143.17994379997253,1.5700169481720525,572469278.0,0.11401982605457306,0.01734432578086853,0.4438869927519111,30.231269349845206,5.964097007223941
Malampuzha_Dam,2016,12,0.2014222148305134,1.5044523365692284,-0.0153159233464374,-0.186682199948228,32.37417331156905,23.42954257021671,17.59103732775617,32.59778547286987,0.7684996104000552,565716188.0,0.10056349262595177,0.0010432973504066467,0.3930306588449785,30.231269349845206,5.964097007223941
Malampuzha_Dam,2017,1,0.2037216540770342,1.5116845261964282,0.0003829787607595,-0.2040887096189844,33.24869817265244,24.12592673352969,14.989458194855729,7.196629881858826,1.4359271986965418,591679248.0,0.06531871575862169,0.00011365115642547607,0.2999822144867271,30.231269349845206,5.964097007223941
Malampuzha_Dam,2017,2,0.1884450860122049,1.4644050150253638,0.0100220723393249,-0.1980930378031451,33.93154315562572,25.63045518057692,13.068733946482382,4.147362634539604,1.295486579012424,670525218.0,0.04965849034488201,1.89170241355896e-05,0.2925237928118024,30.231269349845206,5.964097007223941
Malampuzha_Dam,2017,3,0.1388473055290123,1.3224684923370231,-0.0004716235845131,-0.1383847438845612,33.48087223778714,26.16412272299493,18.893001338999795,52.41125273704529,0.2778435652988759,695101922.2438965,0.09477184060961008,0.0008985474705696106,0.3795430993521085,30.231269349845206,5.964097007223941
Malampuzha_Dam,2017,4,0.1991492457687884,1.4973442173004248,-0.0006998607814052,-0.19847704807265,36.181599576127326,26.86857407887777,21.980578401353625,20.16656368970871,1.481925759293149,636941550.0,0.11586150713264942,0.002313651144504547,0.4208557764689127,30.231269349845206,5.964097007223941
Malampuzha_Dam,2017,5,0.2246844788227779,1.5795949460204846,-0.0051720832087179,-0.2197677848603461,37.36172979935759,25.760365422566736,22.424824322936388,178.7265625,1.6865965396604348,592138810.0,0.1214037649333477,0.009632721543312073,0.4507557858702957,30.231269349845206,5.964097007223941
Malampuzha_Dam,2017,10,0.0936828774976038,1.2067331073674077,-0.0081212059861518,-0.0856268179311529,-123.14852014,23.45902862138649,21.182085845291,212.11888933181763,0.8832457514788796,472002512.92749023,0.10711817629635334,0.015821188688278198,0.4789233669157951,30.231269349845206,5.964097007223941
Malampuzha_Dam,2017,11,0.257440632944251,1.6933873421192014,-0.0233590173702695,-0.2354977957496357,30.36681987454358,24.033447435167147,19.77539456685389,90.9486322402954,0.8301176233039926,494697788.0,0.11030431557446718,0.0019456446170806885,0.437305047776964,30.231269349845206,5.964097007223941
Malampuzha_Dam,2017,12,0.244252130945939,1.6463852322909214,-0.012927424355695,-0.2320574397788649,37.07662406917916,23.68661335770804,17.09187695082801,17.50468671321869,1.4341915828192555,567158308.0,0.10607212036848068,0.0034775733947753906,0.3944549150364373,30.231269349845206,5.964097007223941
Malampuzha_Dam,2018,1,0.2074004925830349,1.5233424715565138,-0.0092485128535863,-0.1985327946394757,30.374228105370435,24.344282384072585,14.036145187706095,3.284472525119781,1.1438053820822365,641092908.0,0.06294406112283468,1.887977123260498e-05,0.2889854472170594,30.231269349845206,5.964097007223941
Malampuzha_Dam,2018,2,0.1977011740853342,1.492836752839427,0.0074053406492088,-0.2048066686493772,37.11954940780947,25.27607146217713,13.476783370971702,3.619750112295151,1.4910121817094273,659783404.0,0.060649861581623554,0.0002293810248374939,0.3143328712100074,30.231269349845206,5.964097007223941
Malampuzha_Dam,2018,3,0.1926957401586945,1.4773807094652849,0.0023423967589359,-0.1949501422958406,26.401559506864373,26.910953386368305,16.63614735346971,25.47179269790649,0.3261195801675167,714577019.7617188,0.06960127875208855,0.000447690486907959,0.3313999791299143,30.231269349845206,5.964097007223941
Malampuzha_Dam,2018,11,0.2382944498161868,1.6256865261351503,-0.0193438416082254,-0.2199645413809297,33.3495088520433,23.97805470360652,19.6908958858914,75.17907357215881,1.0482634511378282,491608764.0,0.1099269250407815,0.0036864951252937317,0.4430428398980034,30.231269349845206,5.964097007223941
Malampuzha_Dam,2018,12,0.2189542295791991,1.560669394474114,-0.0132992232870425,-0.2062556063626361,26.933818855156066,24.476154171523262,17.903614113920526,10.835828363895416,1.1265584200640546,555742052.0,0.09818111546337605,0.0002476796507835388,0.3705569441600512,30.231269349845206,5.964097007223941
Malampuzha_Dam,2019,1,0.1911055889892926,1.4725105931947475,-0.0022254912499996,-0.1889604633454499,30.75556719971786,23.993336244808745,12.058238232520353,5.113327354192734,1.5620254856199831,672519324.0,0.062016223557293415,1.043081283569336e-05,0.2900543007799374,30.231269349845206,5.964097007223941
Malampuzha_Dam,2019,2,0.1861471915021881,1.4574468246801868,0.0127434918546505,-0.1984199983380916,36.41895991037052,26.517500995454384,15.228249849591975,2.800767838954925,0.8512446110259215,626305756.0,0.05000929534435272,0.00010754913091659546,0.2992436999366397,30.231269349845206,5.964097007223941
Malampuzha_Dam,2019,3,0.1833614533781609,1.4490639197394393,0.0106354686830098,-0.1936193382139964,39.97513931648416,27.78761766085063,17.487233980240376,15.40411937236786,0.321745314125503,744315170.7844238,0.05362449400126934,0.00015033036470413208,0.3026917980563256,30.231269349845206,5.964097007223941
Malampuzha_Dam,2019,4,0.1916256417854819,1.474101237473023,0.0105918052597657,-0.2018078454348917,39.43737152144308,27.292186376783604,21.457422913445384,54.56996762752533,0.976328358115132,652686438.0,0.11022346094250679,0.0056327879428863525,0.4064782248602973,30.231269349845206,5.964097007223941
Malampuzha_Dam,2019,5,0.2351413581950281,1.6148622643267092,-0.0067026387701158,-0.2287993226205117,32.75518630896488,26.330903112760154,22.6482140612859,62.17341732978821,1.7788320779152147,602949812.0,0.12713151518255472,0.004698589444160461,0.4473521735078545,30.231269349845206,5.964097007223941
Malampuzha_Dam,2019,6,0.2631634778666533,1.714306280868711,-0.0074999031141146,-0.2561691760056367,31.4643557565596,24.13872614966499,22.07273623148604,288.63536071777344,2.1852955138967274,470680200.0,0.11491663660854101,0.01588684320449829,0.4731398264567057,30.231269349845206,5.964097007223941
Malampuzha_Dam,2019,9,0.197879350930833,1.4933904922170127,-0.0218734561120917,-0.1767710137340323,13.300831364812725,23.162530835469568,21.37615932888457,206.90828704833984,1.457956981838767,435779270.9375,0.10268581937998533,0.009667828679084778,0.4830152087741428,30.231269349845206,5.964097007223941
Malampuzha_Dam,2019,12,0.2386059793293596,1.6267608435358978,-0.008133806676962,-0.230920337048249,33.48845219461168,24.09417725429745,18.1526037934006,40.2766250371933,2.3144820555561374,527085488.0,0.09518281649798155,0.00237949937582016,0.3734656713342154,30.231269349845206,5.964097007223941
Malampuzha_Dam,2020,1,0.2018522332418132,1.5058016614183374,0.0005946225613079,-0.2024225598548267,34.174311413339865,25.41949402183616,15.89151836518323,4.993864178657532,1.5722010481774948,651511784.0,0.06408466678112745,2.3886561393737793e-05,0.289897959719422,30.231269349845206,5.964097007223941
Malampuzha_Dam,2020,2,0.1954270839680232,1.4857908589114284,0.0086126226278215,-0.2036968563250104,36.23638258614574,26.41830219838812,14.775331049952058,2.558346629142761,1.6759250987673115,680393936.0,0.0462954118847847,2.6084482669830322e-05,0.2766060445500516,30.231269349845206,5.964097007223941
Malampuzha_Dam,2020,3,0.2222513861599142,1.571524994593206,-0.0015074140918023,-0.2208179515739452,40.62397060542071,27.31499408188688,18.79586743590653,22.460880875587463,0.2498038603252662,712191620.5170898,0.06510840076953173,0.0002684667706489563,0.3288334467077768,30.231269349845206,5.964097007223941
Malampuzha_Dam,2020,4,0.2246249354858945,1.579396851320354,-0.0116281864404043,-0.2135545493917348,39.25007430896847,27.51718150244824,20.30311510297992,49.858147978782654,0.6656848482714965,659739974.0,0.061807384714484215,0.02721177041530609,0.3409048504299588,30.231269349845206,5.964097007223941
Malampuzha_Dam,2020,5,0.1890250348873761,1.466167373887122,-0.0094759698140607,-0.1798712496507109,33.555844361035724,26.276246581539056,22.74674270793957,107.4960207939148,1.33821873362989,586638950.0,0.11067692749202251,0.0033638477325439453,0.4358873880037697,30.231269349845206,5.964097007223941
Malampuzha_Dam,2020,7,0.1877828897620774,1.4623957988451397,-0.0111643789097219,-0.1769895658194412,31.242219086661464,23.17271096014207,21.607579229211296,658.5627174377441,1.747311712895159,411176396.0,0.10115792881697416,0.019995644688606262,0.4811888869090747,30.231269349845206,5.964097007223941
Malampuzha_Dam,2020,10,0.2772215544217362,1.7670996724312753,-0.025631376197284,-0.2533906633076108,19.20105076067728,23.14547480101232,20.93136523667204,96.13242864608765,1.4113663982616105,508710215.3293457,0.10718373768031597,0.012989155948162079,0.4669813955983808,30.231269349845206,5.964097007223941
Malampuzha_Dam,2020,12,0.2375179802623923,1.623012672073577,-0.0195923497218462,-0.2189444964912685,33.57345589697667,23.43905318475544,17.746581875380684,55.1968509554863,1.976486920652352,503638680.0,0.09736375976353884,0.0028758198022842407,0.3941899781586021,30.231269349845206,5.964097007223941
Malampuzha_Dam,2021,1,0.2060480078317758,1.519043997280173,-0.0119003226293156,-0.1946249128397897,31.230385988095577,23.785690684985127,17.578381679904112,37.766407549381256,1.9055393852165967,528799444.0,0.09731728676706553,0.0017907321453094482,0.388620622696415,30.231269349845206,5.964097007223941
Malampuzha_Dam,2021,2,0.199161063638252,1.4973810702637684,-0.0031215144511851,-0.1961614996799552,33.95700151194751,25.43189653214955,14.291846665881964,2.7927702963352203,1.3887569883336432,635277362.0,0.06413341779261827,7.261335849761963e-05,0.297684147244408,30.231269349845206,5.964097007223941
Malampuzha_Dam,2021,3,0.1984536783779567,1.4951770671877265,-0.0030907081897099,-0.1954828720335635,37.12798230038595,27.452313195505496,15.332363198393182,55.91025865077973,0.443570561284959,769403683.0380859,0.05586843844503164,0.00015457719564437866,0.296371336906187,30.231269349845206,5.964097007223941
Malampuzha_Dam,2021,4,0.2416575193399984,1.6373308248001053,-0.0165711287498867,-0.2259913816353416,36.463228203360245,26.024944051106782,21.34843932257764,55.02444586157799,0.9046789732357644,619945714.0,0.0976385036483407,0.008462890982627869,0.4142845153808593,30.231269349845206,5.964097007223941
Malampuzha_Dam,2021,12,0.2222562135074858,1.5715409556913895,-0.0254500188777897,-0.1979257467379362,31.517134050473487,23.31440813618326,17.89757870909989,20.94040811061859,1.71300162043271,589986488.0,0.09792802203446627,0.00028086453676223755,0.3815775020148164,30.231269349845206,5.964097007223941
Malampuzha_Dam,2022,1,0.1677692265468591,1.403179579266797,-0.0038807959056603,-0.1639952043317506,28.717293835189025,24.561719102756967,16.124986718290643,7.918431222438812,1.165008175244799,625046332.0,0.06450027134269476,3.186613321304321e-05,0.2912759678338164,30.231269349845206,5.964097007223941
Malampuzha_Dam,2022,2,0.1999760103382471,1.4999250345550168,-0.0052713639903842,-0.1949101101270507,34.859794572471856,25.69848785400393,14.918192323048912,2.8852599561214447,1.10551087472316,627081036.0,0.04721127822995186,2.3066997528076172e-05,0.2821287654695056,30.231269349845206,5.964097007223941
Malampuzha_Dam,2022,3,0.2086670049919995,1.5273810300046693,-0.0031380541047303,-0.2056636211440016,38.32677129448064,26.8584022398918,16.6324181997648,33.4617919921875,0.132977069417637,702105590.0039062,0.05247177742421627,0.00013725459575653076,0.2985931929721627,30.231269349845206,5.964097007223941
Malampuzha_Dam,2022,4,0.1906059572869034,1.4709843345226274,-0.0247770227763398,-0.1666158023203199,33.88777441290097,26.069851027594723,21.4720614963108,122.71124827861786,0.7073991305886121,616543242.0,0.09690126497298479,0.006992720067501068,0.4126078287760417,30.231269349845206,5.964097007223941
Malampuzha_Dam,2022,5,0.2489156200041496,1.6628166598419338,-0.0221443287387298,-0.2280281985019245,31.45392210146906,24.141096820626217,22.287978170251336,142.46594417095184,1.6615271871412751,433938186.0,0.10594164207577705,0.0507005974650383,0.4666586229878087,30.231269349845206,5.964097007223941
Malampuzha_Dam,2022,6,0.0554362147684855,1.1173795049847228,0.0004092694002912,-0.055844217155835,19.09718762368044,23.5389593548245,21.720639461941232,363.6605777740479,1.9372579177851408,461371970.0,0.11035348009318113,0.021630585193634033,0.4795322206285264,30.231269349845206,5.964097007223941
Malampuzha_Dam,2022,10,0.1754555563540965,1.4255818050953846,-0.0121944328287999,-0.1636111829030344,30.87218117106795,23.552176719583485,20.91238635893791,184.5234102010727,0.6233217064416202,518589493.3046875,0.10763663426041603,0.014924518764019012,0.4605839226835517,30.231269349845206,5.964097007223941
Malampuzha_Dam,2022,11,0.1899781497748748,1.4690691978792303,-0.0305620394263103,-0.1603471048333457,29.686130699205364,23.25850656297473,19.921278063456214,107.16107654571532,0.630156628956789,503766660.0,0.10486248787492514,0.01083856076002121,0.4511136372884115,30.231269349845206,5.964097007223941
Malampuzha_Dam,2023,1,0.2022601606444385,1.507083012947756,-0.0069369765311059,-0.1955976220488594,31.928677759993946,24.094918146441103,13.357790985927808,7.823226034641266,1.853074673167768,656336060.0,0.07432819716632366,3.7088990211486816e-05,0.2965630562074722,30.231269349845206,5.964097007223941
Malampuzha_Dam,2023,2,0.1926954291271538,1.4773797550008032,-0.001200374094009,-0.1915393593513444,35.10236815012871,25.6079829579308,11.625814396994484,4.305735662579536,1.504363977142278,664859196.0,0.04970540013164282,5.811452865600586e-06,0.2833222661699567,30.231269349845206,5.964097007223941
Malampuzha_Dam,2023,3,0.1910075256673732,1.472210883852643,0.0047204287920962,-0.1955516377845835,35.777909360100125,26.896515639110305,15.353541433683006,31.992261290550232,0.3576783407937317,732208149.1289062,0.0540241003036499,0.0001817643642425537,0.3045234269993279,30.231269349845206,5.964097007223941
Malampuzha_Dam,2023,4,0.2150717053178495,1.5480034463656094,-0.0040556711362849,-0.2112002557393374,42.07127791864127,27.651641506618944,19.45585286882192,29.432100147008896,0.4910106882808324,690815632.0,0.0636366754770279,0.0013130232691764832,0.3437437269422743,30.231269349845206,5.964097007223941
Malampuzha_Dam,2023,5,0.2757792360704408,1.7615888684938734,-0.0163772323362978,-0.2605789085367994,40.098545737403015,25.899058586038564,22.690087521460782,115.58694314956664,1.3887997962785972,585751138.0,0.11810073722153902,0.013676412403583527,0.460156512516801,30.231269349845206,5.964097007223941
Malampuzha_Dam,2023,8,0.2946128662240094,1.8353224835472248,-0.0231974604465042,-0.2732830963293186,34.57073556973444,24.77742864547241,21.429741016511,160.94905853271484,2.0043846288440226,636269752.0,0.11463138367980719,0.00458294153213501,0.4264132181803385,30.231269349845206,5.964097007223941
Malampuzha_Dam,2023,10,0.1848129484006858,1.4534246417140744,-0.0281526519842814,-0.1574796590855587,30.69373980156911,24.238900141562223,21.3759535594653,216.32550191879272,0.533167445646842,552414434.7539062,0.1156496461480856,0.021379373967647552,0.4605752883418914,30.231269349845206,5.964097007223941
Malampuzha_Dam,2023,11,0.2575707590307053,1.6938594139811312,-0.0260668419145486,-0.2330687538413042,33.62906566830134,24.15944881439213,20.861097653706903,217.2893388271332,1.112254901037985,473416390.0,0.10557417757809162,0.0404602512717247,0.4528683132595486,30.231269349845206,5.964097007223941
Malampuzha_Dam,2024,1,0.226962393366761,1.587196253893095,-0.0138019225583323,-0.21383029793241,30.0410974741136,24.97625068746589,17.401257205265836,9.565046608448029,1.6647274190150247,581015884.0,0.09729707147926092,0.00119723379611969,0.3594857287663285,30.231269349845206,5.964097007223941
Malampuzha_Dam,2024,2,0.2060538109181635,1.519062409396928,-0.0001745270746033,-0.2058866879342143,34.97366825990139,27.273686586577355,15.392490641276083,1.665854960680008,1.502121600433509,666692722.0,0.0577916381880641,1.068413257598877e-05,0.2833777460558661,30.231269349845206,5.964097007223941
Malampuzha_Dam,2024,3,0.2024691165422073,1.5077398775189186,-0.0019758336105311,-0.2005735214233294,37.062213816106805,28.49092070056548,17.585974075973695,11.049485206604004,0.1705012285921297,759642729.1640625,0.048098296858370304,3.196299076080322e-05,0.2814095815022786,30.231269349845206,5.964097007223941
Malampuzha_Dam,2024,4,0.2227041536499949,1.573022883618278,0.0017929190404532,-0.2244074689160612,40.12285967969626,29.57616040971544,19.900429005093088,13.99869865179062,0.7071512754072383,732625916.0,0.041293274611234665,5.048513412475586e-05,0.2867930942111545,30.231269349845206,5.964097007223941
Malampuzha_Dam,2024,5,0.2143036587376666,1.5455126808745403,0.0036587688728364,-0.2177916598802068,31.293572583462435,26.218001445647246,22.87893226377429,297.1567687988281,1.2092598108223305,476177510.0,0.07836536224931479,0.05301189422607422,0.4191057964037823,30.231269349845206,5.964097007223941
Malampuzha_Dam,2024,9,0.3053734260114518,1.879244870399923,-0.0283706976465147,-0.2794235582702525,34.94355585327787,24.099741384718183,21.46379449632434,61.02790021896362,1.9002944618312816,554615869.0625,0.11035498511046171,0.005198165774345398,0.4584653430514865,30.231269349845206,5.964097007223941
Malampuzha_Dam,2024,10,0.1650626072168066,1.395389184011952,-0.0082106116962709,-0.157064860023883,5.7170533226916405,23.750378052906346,21.733174896240257,397.3346252441406,0.7799093223311652,464332711.7487793,0.10005733650177717,0.028627097606658936,0.476963637977518,30.231269349845206,5.964097007223941
Malampuzha_Dam,2024,11,0.2849857872622939,1.797147195637179,-0.0388658110781143,-0.2488765839409142,32.27968648984893,23.89896600511344,20.230258538987925,97.45451974868774,1.0066368487387574,483611304.0,0.0993387708440423,0.012603826820850372,0.4277885013156467,30.231269349845206,5.964097007223941
Malampuzha_Dam,2024,12,0.2382387260977595,1.625494454128246,-0.019145071650188,-0.2200975407864248,33.45693762879995,23.869879084761465,19.247893823603192,47.63286846876144,0.6786373133437187,516759600.0,0.10001713130623102,0.0032984986901283264,0.4074764456800235,30.231269349845206,5.964097007223941
Malampuzha_Dam,2025,1,0.2079066534234207,1.5249549294208606,-0.0200983008293268,-0.1885964160078144,34.25198712791274,24.61706668894783,15.505500309441686,6.076132237911224,2.266053502416756,631752960.0,0.0729406289756298,4.192441701889038e-05,0.302549075054866,30.231269349845206,5.964097007223941
Malampuzha_Dam,2025,2,0.1921259127200056,1.4756333090639613,-0.0003555126604656,-0.1917834994851832,36.14215274590981,26.57608777454925,12.650019377753893,2.131646692752838,1.6246254544858956,678340908.0,0.0482213506475091,2.734363079071045e-06,0.2779079845973423,30.231269349845206,5.964097007223941
Malampuzha_Dam,2025,3,0.2044923678646991,1.5141179282360897,-0.0009005680402782,-0.2036293000519411,37.30471714897101,27.201767919396843,19.04281998501034,81.44721531867981,0.2251945683204163,700104620.0930176,0.06966393254697323,0.0003767460584640503,0.3382434844970703,30.231269349845206,5.964097007223941
Malampuzha_Dam,2025,4,0.2470125053251423,1.656086607206679,-0.0220409277743383,-0.2262031143458248,34.832019958629985,25.90184319814051,21.99685546027291,89.79071485996246,0.9599503227228258,619378716.0,0.10886506270617247,0.0069197192788124084,0.4345881144205729,30.231269349845206,5.964097007223941
Malampuzha_Dam,2025,5,0.2765860719085057,1.764668915452577,-0.013532025906123,-0.2640422955559655,45.31836437960027,24.77021605789025,22.213461873864617,318.5660696029663,1.9713194591374288,499722514.0,0.10937250405550003,0.040640249848365784,0.4439948297316028,30.231269349845206,5.964097007223941
Malampuzha_Dam,2025,10,0.271609562815801,1.7457801446866472,-0.0278800207934686,-0.2455892618595889,33.11828946858134,23.535017390917744,21.440695104291365,230.9525690078736,0.5978231830137818,474881626.6101074,0.1035451153293252,0.016531959176063538,0.4799713216802125,30.231269349845206,5.964097007223941
Malampuzha_Dam,2025,11,0.2461298825037167,1.6529768902928563,-0.0276973822959381,-0.2199318090989776,35.348823856662534,23.31135133107506,19.632516521877733,116.2489538192749,0.5356094678266274,498286164.0,0.10227427445352077,0.0015499740839004517,0.445396974351671,30.231269349845206,5.964097007223941
Malampuzha_Dam,2025,12,0.2232760399716188,1.5749173489213864,-0.0140515949683189,-0.2098829284455824,25.808153574057258,23.21862414370304,15.897186349027947,17.22270566225052,1.6522744753045144,599443880.0,0.09542753174901009,0.002480737864971161,0.3620237535045993,30.231269349845206,5.964097007223941
Malampuzha_Dam,2026,1,0.2031020684758316,1.5097316994847088,-0.0211564377356062,-0.1827308097287902,32.130996514255685,23.99167986633961,14.485986984417025,9.854639649391174,1.979622687458662,624263104.0,0.05941789783537388,3.849714994430542e-05,0.2904499833301831,30.231269349845206,5.964097007223941
Malampuzha_Dam,2026,2,0.1983656647329808,1.4949031148145784,-0.0013665289641291,-0.1970525512820455,32.91267229995742,25.24195623851961,15.17340962546217,14.744540691375732,1.271333589694256,616721128.0,0.05021590180695057,0.0002152472734451294,0.294969536009289,30.231269349845206,5.964097007223941
Malampuzha_Dam,2026,3,0.213300857718242,1.5422679300236173,-0.0131570417201703,-0.2007070820156873,38.20446591045487,26.87729048780216,17.99620700959241,28.7505521774292,0.1440738065914539,740506246.6914062,0.05460241809487343,0.00011557340621948242,0.3082901534213814,30.231269349845206,5.964097007223941
Malampuzha_Dam,2026,4,0.2192739643617371,1.5617180786919072,-0.0028232744614729,-0.2165847711609562,39.39477876814766,27.73533111148413,20.73122448391388,20.455472350120544,1.0606417103816816,705100648.0,0.0627923272550106,0.00030672550201416016,0.3356150733100043,30.231269349845206,5.964097007223941
Malampuzha_Dam,2026,5,0.2157308311100628,1.5501448728767715,0.000256607568747,-0.2159754826726039,17.945155429810598,,,,,,,,,30.231269349845206,5.964097007223941
Manimuthar_Dam,2016,3,0.346574274659965,2.0607916438539724,-0.0304629510584963,-0.3194843354359786,32.80727000471154,27.7270290224356,19.0914507096814,15.959043741226196,0.651811464672199,752219639.2311198,0.08143290722121796,0.0002068479855855306,0.1640814230860775,31.433548990568248,5.405191363317483
Manimuthar_Dam,2016,4,0.3155199118086792,1.921925757233971,-0.021173284585948,-0.2963262623426527,42.91634699012286,28.62377572236238,21.592871715404385,51.232980251312256,0.6436675216227469,705634363.3333334,0.09360221835474172,0.0017875383297602336,0.216826707345468,31.433548990568248,5.405191363317483
Manimuthar_Dam,2016,8,0.3150172724584705,1.919781652273477,-0.016710009345603,-0.2998858446759544,43.74744528117356,25.56667351944901,20.365743617943167,29.13755738735199,2.7304931012837708,645259403.3333334,0.09705733911444743,0.0014518921573956807,0.2321055422547043,31.433548990568248,5.405191363317483
Manimuthar_Dam,2016,9,0.2840255240161201,1.7933956685420025,-0.0080815919898248,-0.2765787849952146,35.47968145583036,25.804766951666977,20.037422596966792,33.82686471939087,2.6753730432924945,618175317.2291666,0.07158998151620229,0.0007713288068771362,0.2085884730021159,31.433548990568248,5.405191363317483
Manimuthar_Dam,2016,10,0.2507179827960365,1.6692219405761823,0.0054603186004478,-0.2558280727482816,40.52820226277282,25.458233263843,20.01422583467217,56.03088045120239,1.5787141311648905,629469137.761556,0.0901646517838041,0.020147609213987987,0.280649164671539,31.433548990568248,5.405191363317483
Manimuthar_Dam,2016,12,0.2970910301655116,1.845318648403268,-0.0261560638395266,-0.2730568176634846,29.612681777997977,24.22976815965444,18.21680125164727,33.71107840538025,0.8038316925011482,572754536.0,0.10583099443465471,0.001845310131708781,0.2633885551097145,31.433548990568248,5.405191363317483
Manimuthar_Dam,2017,1,0.28632219657234,1.8023850404123216,-0.0207875653194723,-0.2671245408568428,34.498844552914136,24.02397483360812,16.926678176934615,33.95562529563904,1.4967097332503685,585892694.6666667,0.08064577107628186,0.0018797566493352254,0.2263373508248277,31.433548990568248,5.405191363317483
Manimuthar_Dam,2017,2,0.3193813437463115,1.9385030539840733,-0.0332657503286752,-0.2891880604097072,26.841474379611554,24.502323011368105,15.28965117893523,28.460814118385315,1.474397735646534,662143422.0,0.07437107184280951,0.00014194846153259277,0.1872754853869241,31.433548990568248,5.405191363317483
Manimuthar_Dam,2017,4,0.2925355917757594,1.82699733972493,-0.0203457236314105,-0.2738196008710172,36.6108958459389,28.257580516956523,20.492673308761084,28.69797658920288,1.1480438823456731,730693154.6666667,0.08745877041170995,0.0022017608086268106,0.2199674323753074,31.433548990568248,5.405191363317483
Manimuthar_Dam,2017,8,0.2126817055440553,1.5402686741606162,0.0071007696170809,-0.2194510593389806,43.232972708364514,25.389696047382984,20.869845367759808,80.98903369903564,2.2217182847747448,560068476.6666667,0.09717794849226873,0.004424452781677246,0.2960568294730237,31.433548990568248,5.405191363317483
Manimuthar_Dam,2017,10,0.2684132989676839,1.7337839755395648,-0.0145396076483429,-0.2548683466597683,41.4787795323885,25.0502934623363,21.198203501821013,138.48909902572632,1.2407333035870518,545044835.594157,0.11475292841593424,0.05634018778800965,0.3515938447795033,31.433548990568248,5.405191363317483
Manimuthar_Dam,2017,12,0.3234850582277589,1.9563279042450623,-0.0276915861024435,-0.2984670848589086,25.85269414763036,23.004467825393988,19.125547355733943,82.87368679046631,1.2000950699563562,551342504.0,0.11564248086263736,0.017030663788318634,0.3472906680090026,31.433548990568248,5.405191363317483
Manimuthar_Dam,2018,1,0.3298742462027612,1.9845144566778488,-0.0283371109714201,-0.3043824055056954,25.198348981951085,23.3950662592406,16.77927424796593,12.989560008049011,1.3541317570773057,632531168.0,0.10583128407597542,0.0007450381914774578,0.2127212401359312,31.433548990568248,5.405191363317483
Manimuthar_Dam,2018,3,0.3295684499136421,1.9831531641707207,-0.0236220517411146,-0.308346904408773,32.46703414092951,26.025069439795743,18.541348161321423,30.916267335414886,0.7408737345266989,704989729.7617188,0.10316870547831057,0.004635939995447795,0.2401193461537788,31.433548990568248,5.405191363317483
Manimuthar_Dam,2018,4,0.2894243804011979,1.8146195068291529,-0.0307640591933747,-0.2609840892900945,8.214800496321686,27.263107434025528,20.596832974751862,63.49178206920624,0.1285398257825317,680622890.6666666,0.10294883480916421,0.0018616542220115662,0.2354640748765733,31.433548990568248,5.405191363317483
Manimuthar_Dam,2018,7,0.3100812939652442,1.898892264415928,-0.0217606855561915,-0.2902792915969773,20.821789859754915,24.75763988289782,20.68015957357209,139.03560256958008,2.7040698322712644,567222531.3333334,0.12142306286841631,0.006506691376368205,0.3318161776416191,31.433548990568248,5.405191363317483
Manimuthar_Dam,2018,9,0.3441555906963584,2.04950377197474,-0.0312506768172497,-0.316306823863093,34.583859690864244,25.783116220544912,19.916227919967127,177.55149269104004,1.575738639334878,655302241.2291666,0.10824919771403073,0.008669078350067139,0.2353178942645037,31.433548990568248,5.405191363317483
Manimuthar_Dam,2018,11,0.3606658820798633,2.1282547637319,-0.0535239957183299,-0.3131877501091707,29.63126020854856,23.29075453722919,20.613955420034927,262.0874750614166,0.8318699382728165,442520805.3333334,0.10011548766245446,0.026239998638629917,0.4048274570041233,31.433548990568248,5.405191363317483
Manimuthar_Dam,2019,1,0.3093133426873783,1.895669083549056,-0.0360088720103548,-0.2763828294212702,22.47861532015532,23.23541086258428,15.230728396890868,13.049355328083038,1.82383907528798,680385488.0,0.10414583918948968,4.2570134003957115e-05,0.1892603802424605,31.433548990568248,5.405191363317483
Manimuthar_Dam,2019,2,0.2542904101472638,1.6820092261318014,-0.0161446245227396,-0.2391275052302365,23.4485042252428,25.1953177194747,18.47798730153886,21.00628739595413,1.3081939554979904,599538564.6666666,0.09687855901817481,0.002954465647538503,0.2353126889183407,31.433548990568248,5.405191363317483
Manimuthar_Dam,2019,3,0.3356254820270485,2.010350255609029,-0.0253070186878237,-0.312976788133274,34.39198346078933,27.590370412026687,17.344990126633775,10.260251522064207,0.6890366745842951,778127276.1177571,0.0688277299826344,0.00022887686888376874,0.1625372021856274,31.433548990568248,5.405191363317483
Manimuthar_Dam,2019,4,0.3155703223013709,1.922140966658445,-0.0168918390269541,-0.3002791401745265,37.12641765455476,28.09206611492016,20.73370872073707,110.21655368804932,0.4096161164559346,677658552.6666666,0.07704499208678801,0.006720222532749176,0.2269584019978841,31.433548990568248,5.405191363317483
Manimuthar_Dam,2019,5,0.270362430628718,1.7410869230916532,-0.0071840445021458,-0.2636905511590117,44.013314448029575,27.811644880233303,21.92695527572363,91.73580598831175,1.8265268769480056,678296288.6666666,0.10604194427529971,0.004515036940574646,0.263621347352168,31.433548990568248,5.405191363317483
Manimuthar_Dam,2019,7,0.2403075296929082,1.6326442319370846,-0.0056134539811665,-0.235011095164548,27.53048348857033,25.3726249147914,21.00001424837285,93.86466979980467,2.2176834719944414,551827696.0,0.10368154880901179,0.007652332385381063,0.3153733147515191,31.433548990568248,5.405191363317483
Manimuthar_Dam,2020,1,0.349498246739248,2.074549745599694,-0.0318035882245396,-0.3212656217417722,28.792874771801507,23.431659925454028,18.40316098531088,21.68103289604187,1.5963827123070005,636021209.3333334,0.11723945289850235,0.0004680901765823364,0.251487554187843,31.433548990568248,5.405191363317483
Manimuthar_Dam,2020,4,0.3263760921597612,1.969015761944028,-0.0214391187832888,-0.3070857184197607,43.48782119818691,27.859252357482887,20.30063752774845,82.79065275192261,0.1201728390468661,691514974.0,0.08723476404945056,0.003172770142555237,0.2211420836272063,31.433548990568248,5.405191363317483
Manimuthar_Dam,2020,7,0.3003690864718161,1.8586501272709013,-0.0131856674970749,-0.2883253508157912,43.1677185957322,25.400883563188643,20.9152427946795,155.2057065963745,1.93693750979295,559852519.3333333,0.11546621347467105,0.008740407725175222,0.334922373508467,31.433548990568248,5.405191363317483
Manimuthar_Dam,2021,2,0.316356328687156,1.925500642987412,-0.0260234619746031,-0.2927429275745404,27.38271748925456,23.779442337581088,16.92627417549255,18.751771330833435,1.5172991767614532,645982638.0,0.11657850040743749,0.000275959571202596,0.2174561818440755,31.433548990568248,5.405191363317483
Manimuthar_Dam,2021,4,0.3253242753577546,1.9643870780448245,-0.0327196748151735,-0.2957527419347527,29.92862874608329,26.77619368941697,20.775729723329903,125.6219756603241,0.71502764595496,669020340.0,0.11297250539064409,0.017430546383063,0.2862522054601599,31.433548990568248,5.405191363317483
Manimuthar_Dam,2021,7,0.2036786536567431,1.5115488981729417,-0.0112626640513186,-0.19285839988017,25.40077049113989,25.080065239800376,20.842400391554747,117.82671403884888,2.2801096388455213,562066772.0,0.1218571684633692,0.009494923055171967,0.3341526523713142,31.433548990568248,5.405191363317483
Manimuthar_Dam,2021,11,0.4013938116936894,2.3410947615806927,-0.0424132485203871,-0.3651978429883549,33.19582704918798,23.19399165400756,21.142513331660496,450.0488338470459,0.5936521272605598,362903410.6666667,0.08542202226817608,0.1702410231033961,0.4270739025539822,31.433548990568248,5.405191363317483
Manimuthar_Dam,2021,12,0.3091280281021267,1.894892369863929,-0.0269825148884607,-0.2845186983637743,22.8950798776184,22.74417614133557,19.08815715612053,73.79865908622742,1.3786820143324343,575265102.6666667,0.11822352216889462,0.009736321866512299,0.3554793190357933,31.433548990568248,5.405191363317483
Manimuthar_Dam,2022,2,0.3672461455307537,2.160786751236149,-0.035274556926329,-0.3363285381765286,27.079522353217328,24.78174271356493,17.579549899933852,49.331411361694336,1.4205590926673028,583882001.3333333,0.08809313271194696,0.0010280211766560872,0.200464059436132,31.433548990568248,5.405191363317483
Manimuthar_Dam,2022,3,0.3468424299625433,2.0620482587154365,-0.0279734824080421,-0.3219930498992692,32.4779511096649,26.94746106465658,17.869290609599034,16.49047613143921,0.270412695432467,733524359.3372397,0.08638124602536361,0.0007861976822217306,0.1775845626776363,31.433548990568248,5.405191363317483
Manimuthar_Dam,2022,4,0.3535605922438775,2.093870788203131,-0.0310227274376402,-0.3261148272053452,32.53900963641252,26.0261290585554,21.82252174660016,235.8434430360794,0.5229657443818795,614445065.3333333,0.11862607796986897,0.028926019867261253,0.3388925552368164,31.433548990568248,5.405191363317483
Manimuthar_Dam,2022,6,0.3632842638374826,2.141119162617199,-0.0313338399741712,-0.3357725533898949,38.54745501409536,25.64001910598193,21.13028572930233,78.10044956207275,2.182014993699497,592208788.6666666,0.11809360639502606,0.0045901065071423846,0.3015516281127929,31.433548990568248,5.405191363317483
Manimuthar_Dam,2022,9,0.3553170346516714,2.102300056771905,-0.0310761374679709,-0.3278611004437712,39.34524873140174,24.71303229861792,20.74023723602301,72.3569347858429,1.8930392354884664,630187182.5416666,0.13705531073113283,0.018891567985216778,0.3450226253933376,31.433548990568248,5.405191363317483
Manimuthar_Dam,2022,10,0.3018473159938789,1.864702873479843,-0.0184748710447663,-0.2849615587961562,37.240198470333326,24.302391108304448,20.71631168515887,141.60014057159424,1.0084561422214602,541919844.6380209,0.11555764451622963,0.029508324960867565,0.3530002580321391,31.433548990568248,5.405191363317483
Manimuthar_Dam,2022,11,0.3729053872395726,2.1893114042172,-0.0473372469680899,-0.3314184428260142,25.139742438010444,23.0876325395372,20.122579242565,216.3257681131363,0.4745551808523647,488254689.3333333,0.10784418260057767,0.05759289612372716,0.4035326427883572,31.433548990568248,5.405191363317483
Manimuthar_Dam,2023,1,0.266715402935503,1.7274539899057606,-0.0269486741575981,-0.2415025589673009,24.02416597482477,22.781673473782007,16.512319750768768,21.12171196937561,1.7176042609381823,625225238.0,0.1194307922075192,0.0015852302312850952,0.256565921195519,31.433548990568248,5.405191363317483
Manimuthar_Dam,2023,2,0.3228878678154181,1.953720521219072,-0.0298632763765927,-0.2958775880145498,28.031510768872863,23.680443314143588,15.652875253889306,38.39993619918823,1.4872302912662545,644258519.3333333,0.11036047215263049,0.0032356629769007363,0.2397249918135385,31.433548990568248,5.405191363317483
Manimuthar_Dam,2023,3,0.1310890492997771,1.3017318384447505,-0.0073689163659748,-0.1238397601905288,21.221041239940178,26.33085931210536,18.51911865562522,23.06254279613495,0.7956635704760494,719227573.7955729,0.09742835505555074,0.0011711666981379192,0.2037332869772415,31.433548990568248,5.405191363317483
Manimuthar_Dam,2023,4,0.3117711754460207,1.9060102231204,-0.0223705396209234,-0.2914332338348971,36.68251613354983,26.958779455114325,20.4226235213103,139.9372808933258,0.0568595690656129,661414288.0,0.10112746711820364,0.008010253310203552,0.2578966776529948,31.433548990568248,5.405191363317483
Manimuthar_Dam,2023,5,0.3210646521230901,1.94578858834523,-0.0301890172116901,-0.2937225780994366,36.78972515795783,26.55796700617748,22.212990362242635,270.88173389434814,1.4168800588329071,624351496.6666666,0.12832461638996998,0.027901676793893177,0.3307678673857002,31.433548990568248,5.405191363317483
Manimuthar_Dam,2023,6,0.2957854876310967,1.8400437151915705,-0.0186535012630146,-0.2786695273626201,37.75878520377785,26.58917332401984,21.26826422656029,254.2596197128296,2.397969495006488,609346900.0,0.10015497636049986,0.0021378546953201294,0.2528943450362594,31.433548990568248,5.405191363317483
Manimuthar_Dam,2023,7,0.2938171777334648,1.8321277960017248,-0.015926566427888,-0.2791971138645417,42.176474805184455,25.22910641222444,21.075185777124148,89.05195951461792,2.4206143223914527,557053232.6666666,0.11410341008255878,0.009180359542369843,0.3240165163539217,31.433548990568248,5.405191363317483
Manimuthar_Dam,2023,8,0.2558449375530905,1.6876118982832111,-0.0044089579994358,-0.2517199220382075,45.39507109944094,26.48606037290289,20.36173778930447,26.719066739082336,2.0981195396942827,698416828.0,0.10496611675868432,0.006242779393990834,0.2360345505471725,31.433548990568248,5.405191363317483
Manimuthar_Dam,2023,12,0.3665175878582788,2.15715158253291,-0.0403194889968188,-0.3310908944949074,27.93155168017188,23.48569920721025,20.89375887088028,155.37207794189453,1.1828284171892638,426328677.3333334,0.09810632498313984,0.4016362975041071,0.4029938003922876,31.433548990568248,5.405191363317483
Manimuthar_Dam,2024,1,0.3145698381889949,1.917875680748732,-0.033453290788967,-0.2841063106903365,26.47553904156973,23.312082305689444,19.68889161386801,51.604886174201965,1.5299129609883857,546488473.3333334,0.11694503109902145,0.012360679606596628,0.3530643969026518,31.433548990568248,5.405191363317483
Manimuthar_Dam,2024,2,0.325019826792442,1.9630499967070816,-0.0311594442219096,-0.2968668832769789,28.692191318163736,25.12044017104808,18.96414264079715,13.758346319198608,1.619858224837141,643926977.3333334,0.11335476674139498,0.0009276419878005981,0.210732587909333,31.433548990568248,5.405191363317483
Manimuthar_Dam,2024,3,0.3389997995545632,2.025717690633428,-0.0292950650373818,-0.312811269862152,30.41268859914487,27.33162813084101,18.003098396930227,21.67401522397995,0.8011116236326429,776034342.4973959,0.09553710278123617,0.00016314287980397543,0.1611220178638308,31.433548990568248,5.405191363317483
Manimuthar_Dam,2024,4,0.3241965180567782,1.9594402121888324,-0.0327181464131881,-0.294603260582897,25.48233312337288,28.54433080178728,20.743233186227314,86.41285336017609,0.2180374107977556,712567794.0000001,0.08802529952178399,0.000805253783861796,0.1913530137803819,31.433548990568248,5.405191363317483
Manimuthar_Dam,2024,5,0.3191354494514993,1.937441813336898,-0.027449486944811,-0.2942637436081012,39.19695641271056,26.44525523989006,22.817036052416768,262.56670808792114,1.330257205714091,504410571.3333333,0.09560789012660582,0.0785878449678421,0.3476089969758064,31.433548990568248,5.405191363317483
Manimuthar_Dam,2024,9,0.2894790340524569,1.8148360088612183,-0.0140149474498916,-0.2765862060925162,39.70045381590563,25.62697120242649,20.96779568990076,67.87427711486816,2.108993182822577,610554317.0625,0.12389131169766188,0.002405665814876557,0.2706249943485966,31.433548990568248,5.405191363317483
Manimuthar_Dam,2024,11,0.380845385759308,2.230210926317209,-0.0498468805745105,-0.3374037628538861,28.91285360921961,23.40709498370137,20.68756286479811,337.6506977081299,0.7256680452145906,405769150.6666667,0.09393071383237839,0.05508882055679957,0.4101973922164352,31.433548990568248,5.405191363317483
Manimuthar_Dam,2024,12,0.3718156996825122,2.1837790262972017,-0.0363882705905094,-0.3400279150739726,26.2186042061154,23.547122553343456,20.17106215637648,106.58555388450624,0.6678126537128384,521055626.6666666,0.11491049701968829,0.060888051986694336,0.376918703851734,31.433548990568248,5.405191363317483
Manimuthar_Dam,2025,1,0.1128904357511881,1.2545129492472145,-0.007755965821646,-0.1052266036458186,19.32325917111166,22.58728853314585,18.50413259690805,51.48017692565918,1.7521742875843784,519512021.3333333,0.11122350643078487,0.0039086366693178816,0.3283264748084502,31.433548990568248,5.405191363317483
Manimuthar_Dam,2025,2,0.3575631704423005,2.1131465507308267,-0.0309034756397527,-0.330309597598958,28.547102313866446,24.11066176853484,16.886398849790055,29.492255449295044,1.6191848224516443,658415082.6666666,0.11065720363209645,0.0004273752371470133,0.2083296624440995,31.433548990568248,5.405191363317483
Manimuthar_Dam,2025,3,0.3548833114979965,2.1002143265648736,-0.0357340616622544,-0.3232485005257297,29.14486726865084,25.6542060004341,19.47887876777241,97.95370841026306,0.659707949085311,677607032.7596842,0.12738853537787995,0.003152415156364441,0.2664237688946467,31.433548990568248,5.405191363317483
Manimuthar_Dam,2025,4,0.3530310281080082,2.0913383591661487,-0.0322013382332232,-0.324518843302476,33.98930551202659,25.95010075745762,21.946208035504355,184.15948677062988,0.8581947401875417,620041450.0,0.13019733875989914,0.058574738601843514,0.3459554319028501,31.433548990568248,5.405191363317483
Manimuthar_Dam,2025,5,0.3452808605310768,2.054744972970096,-0.0280316315514788,-0.320349826350473,38.29692501297518,26.0216642755762,21.83305752798651,233.00971221923828,1.8505565924212428,583594007.3333333,0.1307728048413992,0.015878304839134216,0.3364754406782034,31.433548990568248,5.405191363317483
Manimuthar_Dam,2025,6,0.3405252366606701,2.0327165058944168,-0.0306618365895572,-0.3131328607144198,37.956750252638585,25.019828902350525,21.5241048530296,79.23464155197144,2.2239850078386656,533540497.3333334,0.12219453789293766,0.01281308134396871,0.357852660285102,31.433548990568248,5.405191363317483
Manimuthar_Dam,2025,7,0.351405422185134,2.0835903789668704,-0.0310328479822934,-0.3239047919274077,33.31697648384068,24.65381866509768,20.858034251496804,74.74729108810425,2.4591562509345244,531928018.00000006,0.11608548338214557,0.0248499388496081,0.3332051854834334,31.433548990568248,5.405191363317483
Manimuthar_Dam,2025,8,0.3388722971613352,2.0251341630560304,-0.0247076529436143,-0.3168172725867799,40.00499632202792,24.84241400277745,20.426756446592265,36.47898507118225,2.2368400657903047,612805717.3333334,0.13140804941455522,0.0034478132923444114,0.3098063588569668,31.433548990568248,5.405191363317483
Manimuthar_Dam,2025,9,0.3176581576971562,1.9310821585412024,-0.0216272086921256,-0.2980787678067749,43.04016410627298,25.25601805227774,20.503694548430303,145.51298999786377,2.1001538372352586,598025640.1250001,0.11260151086996,0.003977939486503601,0.2724645614624023,31.433548990568248,5.405191363317483
Manimuthar_Dam,2025,11,0.3890678753228127,2.273686092471872,-0.0419942585206697,-0.3528385100591124,35.77139103440555,23.075049428586624,19.91212897124109,378.3303791284561,0.6639362153706104,438771578.6666667,0.10056902964909872,0.11790483196576436,0.3941907317550094,31.433548990568248,5.405191363317483
Manimuthar_Dam,2025,12,0.0743358187296333,1.160610770587701,-0.0048388200625378,-0.0695220055691939,16.341948903607886,22.20735517248886,18.328401696810204,32.47478938102722,1.2673068171535204,577053320.0,0.11667339255412419,0.002648130059242249,0.3493940633684931,31.433548990568248,5.405191363317483
Manimuthar_Dam,2026,1,0.3378416795856703,2.020425687241305,-0.0381414664294195,-0.3036124960998093,25.3625972599566,22.939938679903666,16.60955626785119,17.488909602165222,1.677275225935296,610040821.3333334,0.10086707708736262,0.0003296410044034322,0.2061399644420993,31.433548990568248,5.405191363317483
Manimuthar_Dam,2026,3,0.3395715235146498,2.028337013333441,-0.0324376825835977,-0.3105545726215953,28.63999509544425,25.895456650436643,18.089171209301185,28.77236795425415,0.5689674394117106,746528550.0247395,0.12120156300564608,0.0056843484441439305,0.2219389501865619,31.433548990568248,5.405191363317483
Manimuthar_Dam,2026,4,0.3435201546721715,2.046552021717062,-0.0297325356563956,-0.317025631714517,32.96168306275706,28.13574434209756,20.02672596684215,79.33258080482483,0.4574574894596427,717519848.6666666,0.08545143157243729,0.0023210495710372925,0.1960551721078378,31.433548990568248,5.405191363317483
Mattupetty_Dam,2016,1,0.3469298610686311,2.0624581967147333,-0.0110786937754323,-0.3371470018053185,23.221019620599577,18.326222909906903,12.325025382093202,11.45880138489508,0.9510806296312516,626576884.0,0.10820985585451126,0.00022007524967193604,0.2321239594490297,29.78081037823267,4.9974896807345655
Mattupetty_Dam,2016,3,0.3259462434480389,1.9671224001936487,-0.0106325250858924,-0.3164102798296891,30.60872903363077,21.68432978968468,13.022589927591298,35.46115087309191,0.2868462187077765,727408078.5644531,0.08740814961493015,0.0004029497504234314,0.1714519787860173,29.78081037823267,4.9974896807345655
Mattupetty_Dam,2016,4,0.3362600872092626,2.013228467142907,-0.0108669730316054,-0.3265865034888143,31.112924235371565,22.21466746860085,15.92487945556644,78.01978853056507,0.2766420840055247,655521976.0,0.08940037526190281,0.0008366554975509644,0.2143902248806423,29.78081037823267,4.9974896807345655
Mattupetty_Dam,2016,12,0.3348423621813884,2.0068060355722768,-0.0163202482887413,-0.3202723093406413,24.27797133563047,17.897683531238215,13.55991333582068,47.01758599281311,0.520572204951513,538879376.0,0.10651522036641836,0.008450068533420563,0.3209402433005712,29.78081037823267,4.9974896807345655
Mattupetty_Dam,2017,1,0.3278140143757443,1.9753670007603776,-0.0072046600818697,-0.3213683584010379,23.48593362245037,17.43373293312652,11.966747866394712,27.726809570866244,0.9471180421736466,550386952.0,0.09639811515808105,0.02249845862388611,0.2487140778572328,29.78081037823267,4.9974896807345655
Mattupetty_Dam,2017,2,0.3190826472178939,1.9372140272653635,-0.0032757463980102,-0.3161373382614851,25.446913314350127,18.205537142072444,9.54638054711478,7.996566105273462,1.003660098075238,676750118.0,0.10827368777245283,6.172806024551392e-05,0.2288489114670526,29.78081037823267,4.9974896807345655
Mattupetty_Dam,2017,3,0.3225746514863023,1.9523548305183616,-0.0109351898959082,-0.3127426346728484,28.669100117722223,19.300392569265057,14.729343114873416,142.5152712752742,0.4376254274595015,633600282.2438965,0.13149755261838436,0.02918493002653122,0.3488742049022387,29.78081037823267,4.9974896807345655
Mattupetty_Dam,2017,4,0.3109007531201778,1.902339552765172,-0.0084063700356522,-0.3032870379444722,31.057771706067346,20.675483258565293,16.971895133124463,52.519734886384775,0.507320231473462,641690076.0,0.13714796863496304,0.02011040598154068,0.3546501795450846,29.78081037823267,4.9974896807345655
Mattupetty_Dam,2017,5,0.3118849847890441,1.9064908566002712,-0.0131071208118142,-0.3000042556263714,21.113684672399017,19.963159651397405,17.890277111914884,224.9266508779218,0.7697611807302771,549897026.0,0.12747061531990767,0.09871591627597809,0.4090565712221207,29.78081037823267,4.9974896807345655
Mattupetty_Dam,2017,10,0.0526365892032424,1.1111222759996051,-0.0034887419904733,-0.0491568741589008,-32.01992746799357,18.428616049981883,16.60828187183671,195.85452802719607,0.585023936500834,447696334.92749023,0.10428883042186499,0.05785365402698517,0.4091448424964822,29.78081037823267,4.9974896807345655
Mattupetty_Dam,2017,11,0.3300148716344545,1.9851408864538185,-0.0177771482628515,-0.3140803458553299,24.658066216414568,18.297352600097668,15.493078486124716,181.3826688335788,0.692105598559508,440085760.0,0.1015362124890089,0.052329257130622864,0.3831410302056207,29.78081037823267,4.9974896807345655
Mattupetty_Dam,2017,12,0.3591699201524222,2.120952125836076,-0.0214083397250791,-0.3403788321229826,24.968607331929206,17.805105566209363,13.873045570619697,64.28808359945974,0.918616978087776,539076216.0,0.11004901584237814,0.005906186997890472,0.3387358060447119,29.78081037823267,4.9974896807345655
Mattupetty_Dam,2018,1,0.3268870135532372,1.9712693712204616,-0.0095307364485508,-0.3183480822698715,23.41970568131728,17.52202725974462,11.197249123358006,12.310260718868625,0.7041141986213671,618395728.0,0.10119933169335127,0.0003954768180847168,0.2200611688757455,29.78081037823267,4.9974896807345655
Mattupetty_Dam,2018,2,0.3166848091344935,1.92690697753513,-0.0043965583878544,-0.3127236631749243,26.242903501393016,18.60459755034674,10.215288416544638,13.966152412276111,0.9747278339623836,646629956.0,0.09664680529385805,0.0013412907719612122,0.2148565564836774,29.78081037823267,4.9974896807345655
Mattupetty_Dam,2018,11,0.3533875346249137,2.093042752956892,-0.0181207397494662,-0.3374275606966246,22.373135060946424,18.16320010291207,15.699044757419188,143.04722510614704,0.7729330161756093,451682580.0,0.1008996395394206,0.05624627321958542,0.3972883012559678,29.78081037823267,4.9974896807345655
Mattupetty_Dam,2018,12,0.3620567848080244,2.13507527374226,-0.0164759307312953,-0.3476546916682343,22.45379604157029,17.920101584157635,14.60796769254955,44.71145906756001,0.7893147387285652,526875720.0,0.10770517122000456,0.0081414133310318,0.3578084104804582,29.78081037823267,4.9974896807345655
Mattupetty_Dam,2019,1,0.3406193956029866,2.0331495750150985,-0.0074865444633328,-0.3339845324881209,23.749090277141363,17.173047371320877,10.143340929092917,14.0320610115605,0.9631803418920118,671479844.0,0.11255591176450253,0.0001539662480354309,0.2323693101124097,29.78081037823267,4.9974896807345655
Mattupetty_Dam,2019,2,0.3365598172397245,2.014589788153774,-0.0048229305422463,-0.3322762390243962,28.91065984743966,19.515483928862068,11.977662749517547,15.675504819039377,0.8119075800664691,594375404.0,0.08828249387443066,0.00045750290155410767,0.1925616264343261,29.78081037823267,4.9974896807345655
Mattupetty_Dam,2019,3,0.3162501771950368,1.9250464618701504,-0.0046061760472831,-0.3120986364771407,30.466421220797315,21.20092936279957,11.286894283499803,26.889924672342115,0.3854955243144257,755837208.7844238,0.0898240664973855,0.00030415505170822144,0.1785694655551705,29.78081037823267,4.9974896807345655
Mattupetty_Dam,2019,4,0.3174168656512656,1.930046025687755,-0.0052806146269502,-0.3126603185380926,28.308930039038387,21.68839948442252,14.499059740702307,128.68462924034367,0.1175495077680558,643309040.0,0.0973289581015706,0.007060043513774872,0.2472508748372396,29.78081037823267,4.9974896807345655
Mattupetty_Dam,2019,6,0.339330954390535,2.0272343063311022,-0.0161751104717657,-0.324939343586935,29.57774128575079,19.24669598473446,17.65535884433325,164.6313044332689,1.697953196173362,476991104.0,0.11266679596155882,0.0470535010099411,0.4099495781792535,29.78081037823267,4.9974896807345655
Mattupetty_Dam,2019,9,0.318298842843127,1.9338368858595911,-0.0124632649808174,-0.307053672931309,26.35942564726298,18.20686406029597,16.77711147732208,351.53273299432567,1.01762547792628,441203978.9375,0.10500023327767849,0.058081403374671936,0.4167111714680989,29.78081037823267,4.9974896807345655
Mattupetty_Dam,2019,12,0.3566006306912168,2.1084892143252176,-0.0156887595190999,-0.3428298745727079,24.239584540905184,18.41001909317509,15.376286484092816,88.80569201900113,1.3620255808531936,462167928.0,0.10108946450054646,0.0045835599303245544,0.3506519768827705,29.78081037823267,4.9974896807345655
Mattupetty_Dam,2020,1,0.3469054321289591,2.062343645759609,-0.0086969567776424,-0.3392319454408735,25.29843153800391,19.10895239717217,12.13469817869128,21.94942985042449,0.9356990055939868,644386136.0,0.10615542903542519,0.00011992454528808594,0.2103264716363722,29.78081037823267,4.9974896807345655
Mattupetty_Dam,2020,2,0.3267096931957037,1.9704868461463465,-0.006999667648312,-0.3204428332109778,26.106276932224148,19.86037352112521,11.36361454492328,7.161878216651178,0.983018516458644,645153192.0,0.07649953290820122,8.294731378555298e-05,0.148019352178464,29.78081037823267,4.9974896807345655
Mattupetty_Dam,2020,3,0.3191819815135974,1.9376425795051784,-0.0050762064859013,-0.3146155256875733,27.79766360201438,20.763616918748426,13.48991197975738,66.24487182401842,0.4678435506097732,676464444.5170898,0.1045499574393034,0.0012388452887535095,0.2234071505967007,29.78081037823267,4.9974896807345655
Mattupetty_Dam,2020,4,0.3378919046030503,2.020654805316875,-0.0106039017062798,-0.328464883556141,28.891293745095425,21.170954831441293,14.69619778527158,137.79126905625864,0.2912967753000344,629106366.0,0.10976122412830591,0.0058051347732543945,0.2729191038343641,29.78081037823267,4.9974896807345655
Mattupetty_Dam,2020,7,0.3953096569078757,2.3074779891024337,-0.0230960567210861,-0.3756432585448127,27.31679130603618,18.41163275113672,16.92878953667099,455.7428358754804,1.3133049861718529,421761704.0,0.10448598768562078,0.08199099451303482,0.4178407525503507,29.78081037823267,4.9974896807345655
Mattupetty_Dam,2020,10,0.330469765530902,1.987169058296365,-0.0135343951790053,-0.3183592986616873,13.064253711663014,18.156702644594304,15.896797024306466,177.6117714912661,1.0232757204899514,523819455.3293457,0.11234199907630682,0.03804469853639603,0.3947207543157762,29.78081037823267,4.9974896807345655
Mattupetty_Dam,2020,12,0.3648982516826666,2.149101707401828,-0.0181344310179767,-0.3490737190184415,24.031466226351995,17.635056103942247,14.98298875542099,120.39100375483112,1.0041347221255128,443490960.0,0.09713566955178976,0.07312967628240585,0.3838355566865654,29.78081037823267,4.9974896807345655
Mattupetty_Dam,2021,1,0.3558043315273465,2.104646767870811,-0.0145921631470322,-0.3429929724083208,23.28539933399304,17.788436610724375,14.792734523486104,104.11953550769438,1.1561498480741266,488232528.0,0.10733611229807138,0.024682320654392242,0.3690084847070837,29.78081037823267,4.9974896807345655
Mattupetty_Dam,2021,2,0.3536671730455631,2.094380969978165,-0.008350439226546,-0.3463395702410297,26.466483096265165,18.48731936046056,11.158749335152775,6.434828712094215,0.7789165371713326,617826754.0,0.10762193892151117,0.00021748244762420654,0.2226501192365373,29.78081037823267,4.9974896807345655
Mattupetty_Dam,2021,3,0.3247997107787447,1.96208403925109,-0.0061169942766769,-0.319317135138554,27.693201534534523,20.73605185477965,9.557473980483223,120.2570306562608,0.621446162294785,755104735.0380859,0.09311511181294918,5.661696195602417e-05,0.146707288680538,29.78081037823267,4.9974896807345655
Mattupetty_Dam,2021,12,0.3522391304923076,2.0875591505242186,-0.019461667658186,-0.335074452114787,24.36652224225457,17.84557413080688,14.400366637527329,115.22058775348049,1.013373745142911,563226408.0,0.1109481668099761,0.005259625613689423,0.3445514760991578,29.78081037823267,4.9974896807345655
Mattupetty_Dam,2022,1,0.2872080219562746,1.8058677168183737,-0.0067336733669811,-0.2810178272338527,22.26533952770251,18.308364138039224,13.03544748777989,26.2600576877594,0.7133000689356707,574511236.0,0.0971536710858345,0.0003867596387863159,0.2247691821026545,29.78081037823267,4.9974896807345655
Mattupetty_Dam,2022,2,0.3257911006408179,1.966439633029092,-0.0084167163964282,-0.318247046701948,26.10897064696519,18.939126223609605,11.839846433912044,9.15266025835468,0.6791707326096312,586300448.0,0.08150337915867567,0.00033251941204071045,0.1843105270749046,29.78081037823267,4.9974896807345655
Mattupetty_Dam,2022,3,0.3151475090234955,1.9203368993347427,-0.0077721139828453,-0.3081301173525506,26.678863041297063,20.24247219536897,11.601651230678783,76.72483474208462,0.279298841879749,695995466.0039062,0.09220864437520504,0.0012055188417434692,0.2006013111401629,29.78081037823267,4.9974896807345655
Mattupetty_Dam,2022,10,0.3670049543537035,2.1595823912934,-0.0232227424058432,-0.3467374068490683,29.27783787315343,17.773882658763625,15.971681028796809,194.9837618720147,0.3406355083449919,457207431.3046875,0.1009421618655324,0.0922292098402977,0.4041425438337429,29.78081037823267,4.9974896807345655
Mattupetty_Dam,2022,11,0.1703445714818217,1.4106393223655969,0.0101649950247424,-0.1801975451370533,17.223026349375573,17.573192977905308,15.226432143317368,177.37804422070903,0.4781593327774907,456371152.0,0.10034992545843124,0.06670188903808594,0.3975428687201606,29.78081037823267,4.9974896807345655
Mattupetty_Dam,2023,1,0.3348381826184207,2.006787142222074,-0.0084261566454222,-0.327335570216142,24.5677568535163,17.227268616871186,10.88366464184179,22.04544472694397,1.051120639080441,634665550.0,0.1074012378230691,0.0006259605288505554,0.2335348231818086,29.78081037823267,4.9974896807345655
Mattupetty_Dam,2023,2,0.3249519486896423,1.9627520531578968,-0.0066147025087269,-0.3190229734514389,26.65612778298976,17.8235271590097,8.330674539293568,15.385983046024077,1.094778334393131,648882092.0,0.09930843487381935,0.0011232495307922363,0.2187823113941011,29.78081037823267,4.9974896807345655
Mattupetty_Dam,2023,3,0.2824534429114379,1.7872755854546636,-0.0048394491195089,-0.2779939890757188,26.31350487977028,19.52357377083075,12.050644298266375,100.35781381207129,0.5635933801951362,675175949.1289062,0.10449591930955648,0.002399817109107971,0.2311066042992376,29.78081037823267,4.9974896807345655
Mattupetty_Dam,2023,4,0.3071761258207897,1.8867365495587225,-0.0116725284446407,-0.2965669447004654,27.68175353657261,20.27941928439673,14.481918949551073,95.39570113920396,0.3467343592686305,633033022.0,0.13427282497286797,0.016122207045555115,0.3293256123860677,29.78081037823267,4.9974896807345655
Mattupetty_Dam,2023,5,0.3690351827235818,2.169748843735964,-0.0243585894320934,-0.3478030563529668,28.69861533988444,19.859733569237505,17.527180095385518,251.7244619861726,0.6727263628012805,542960450.0,0.12575893197208643,0.05594293028116226,0.4035960987050046,29.78081037823267,4.9974896807345655
Mattupetty_Dam,2023,8,0.3703323911357061,2.176278995210377,-0.0192518646942525,-0.3536015602663364,28.77817336812018,18.825970627159226,16.356871602868523,173.07456158053492,1.3205737967625126,594047720.0,0.12069420516490936,0.018626824021339417,0.3826004561557564,29.78081037823267,4.9974896807345655
Mattupetty_Dam,2023,10,0.2235978980976533,1.5759847830133171,-0.0145728715951361,-0.2097083535092475,22.903556061051745,18.530448675668367,16.365379382718004,202.7197607101933,0.056310361536514,481704064.75390625,0.1095396876335144,0.10972532629966736,0.4098748442947224,29.78081037823267,4.9974896807345655
Mattupetty_Dam,2023,11,0.3710786348158159,2.1800477940740426,-0.0199551534439627,-0.3537429233454637,27.152797955511687,18.50077910953098,16.584885088602732,303.35189244054976,0.7927769778112775,395948234.0,0.094718674197793,0.23117045313119888,0.4123613781399197,29.78081037823267,4.9974896807345655
Mattupetty_Dam,2024,1,0.3517912566453112,2.0854258300333264,-0.0148346566584581,-0.3387243013477428,24.473265754567024,18.28706270443496,14.62314428103872,43.469849148104274,0.9907284994899934,544363884.0,0.11177630070596933,0.01338275521993637,0.3384160482755271,29.78081037823267,4.9974896807345655
Mattupetty_Dam,2024,2,0.3402387215903243,2.031399485615325,-0.0086647036225742,-0.3325544108794704,27.161113539063194,19.48772775935032,12.708568564228642,4.361896109196448,1.0923761401231469,629921212.0,0.11042243242263794,0.0005791336297988892,0.2205758368831941,29.78081037823267,4.9974896807345655
Mattupetty_Dam,2024,3,0.3176298221727306,1.9309604449130344,-0.007720747963576,-0.3106709449329595,29.608706630339785,21.381351438132697,11.410906871672635,14.99802944737096,0.4156931309851679,762506183.1640625,0.09170014038681984,2.8073787689208984e-05,0.1528754695769279,29.78081037823267,4.9974896807345655
Mattupetty_Dam,2024,4,0.312929537485553,1.9109095924174533,-0.0043556545025718,-0.3089950472335178,32.999977169549084,22.590046585930736,14.138924556308323,37.80201311649815,0.1962345728741778,703882696.0,0.08997517637908459,0.0006665736436843872,0.1884021970960829,29.78081037823267,4.9974896807345655
Mattupetty_Dam,2024,9,0.3818020272871665,2.235209574084197,-0.0230188491683154,-0.361964353703,27.58135720245116,18.512078624301523,16.61119032965769,69.54189907350847,1.3710483175571029,537458985.0625,0.11626161076128483,0.02492489665746689,0.3966114468044704,29.78081037823267,4.9974896807345655
Mattupetty_Dam,2024,12,0.3606114393299421,2.127988398641456,-0.0164101986901998,-0.3462502475890432,23.35236365465289,18.308229639196952,15.44518044994726,116.51675783049676,0.4474392089688094,488249616.0,0.10202606860548258,0.016404680907726288,0.3670712132607737,29.78081037823267,4.9974896807345655
Mattupetty_Dam,2025,1,0.3258724952559414,1.9667978029754567,-0.0146108186279888,-0.3127507655652526,23.190955193923514,18.02911043474751,13.50117403255996,28.09836000011813,1.1877142726773684,576996124.0,0.1130073731765151,0.002141311764717102,0.2998971836541289,29.78081037823267,4.9974896807345655
Mattupetty_Dam,2025,2,0.3371505872914005,2.0172765663733583,-0.0073484328770129,-0.3306212780402656,26.99566333124824,18.83011900129776,8.921457249777689,5.035678777002519,1.1397158379291068,675956140.0,0.09878427628427744,0.00010032206773757935,0.1804875873384021,29.78081037823267,4.9974896807345655
Mattupetty_Dam,2025,3,0.335215744645329,2.008494837070072,-0.0076087366594831,-0.3284447287074393,28.193826966114443,20.088384287844463,13.34353298064201,182.40832953299244,0.5933442077175155,678531448.0930176,0.11738087516278028,0.009570449590682983,0.2688644778343939,29.78081037823267,4.9974896807345655
Mattupetty_Dam,2025,4,0.3423174203023255,2.040980651972516,-0.0171670239099623,-0.3270724610427445,28.16467140632318,19.66932909223772,16.682364357842346,262.56284243060696,0.1433440331368941,597124502.0,0.12277246546000242,0.04925239831209183,0.3773429234822591,29.78081037823267,4.9974896807345655
Mattupetty_Dam,2025,10,0.3673089330342232,2.1611004239264577,-0.0195002414096687,-0.3503178830005575,25.079495708437666,18.1679243969661,16.362900875460753,268.14280922182144,0.3864656126726909,454298356.6101074,0.10195588693022728,0.09204168617725372,0.4120869995445333,29.78081037823267,4.9974896807345655
Mattupetty_Dam,2025,11,0.3545212170595331,2.098475198346623,-0.0210080857321755,-0.3360157132294843,26.257903069347208,17.74343412187369,15.177568605211093,213.9185482917293,0.4927514031222176,439711500.0,0.0969433095306158,0.0351555272936821,0.3911860995822482,29.78081037823267,4.9974896807345655
Mattupetty_Dam,2025,12,0.3550969085717492,2.101241142402729,-0.0143152680062154,-0.3425227891994666,22.9980070123446,17.243815255934237,13.232958463443254,44.17347870719049,0.9570069627692366,564899308.0,0.10961293429136276,0.007198862731456757,0.3362484183362735,29.78081037823267,4.9974896807345655
Mattupetty_Dam,2026,1,0.3372527015292135,2.0177414598516976,-0.0199284580364539,-0.3194713871439412,20.60430223921788,17.103372889693105,11.764194414692554,28.42332757672956,1.036359378174966,593125452.0,0.09694541152566671,0.000602424144744873,0.2359022530176306,29.78081037823267,4.9974896807345655
Mattupetty_Dam,2026,2,0.3390822387689697,2.0260951018698385,-0.009281163731198,-0.330842261365996,25.93177252210308,18.133130554925856,12.03313049134755,19.890738294970603,0.8466658737053568,583712000.0,0.08817284274846315,0.0016210824251174927,0.2169876779828752,29.78081037823267,4.9974896807345655
Mattupetty_Dam,2026,3,0.3233695642741055,1.9558232890519984,-0.0089645789114835,-0.3153190549346307,28.89039483924239,19.62522710574575,11.984249369303429,62.26862659761982,0.4124760105043112,732134572.6914062,0.10337422881275415,0.00030928850173950195,0.2091036970897387,29.78081037823267,4.9974896807345655
Mattupetty_Dam,2026,4,0.3280435898882862,1.9763835420031144,-0.0075516134861009,-0.3212878895245022,30.25061742575531,21.322825686136923,14.588573116726366,85.32229824219979,0.1246589777873712,695788118.0,0.10230636969208717,0.0017121881246566772,0.2265560785929362,29.78081037823267,4.9974896807345655
Mettur_Dam,2016,1,0.185537498,1.45560722,0.003380095,-0.188799191,31.42145013,23.8869903,16.43176209,8.485504832,1.014018081,578861756.0,0.09293971583247185,1.2248754501342773e-05,0.188267821,27.82364711,6.366748522
Mettur_Dam,2016,2,0.173187569,1.418928314,0.009207783,-0.182104954,36.35304048,26.53104503,16.36611387,5.592549048,0.89478247,649539168.0,0.08575065433979034,5.21540641784668e-07,0.159635434,27.82364711,6.366748522
Mettur_Dam,2016,3,0.162448636,1.387913251,0.025581255,-0.187251741,45.35691344,29.30616384,17.40791209,9.651674302,0.943811365,753869120.5644531,0.0908274119719863,1.125037670135498e-06,0.157224737,27.82364711,6.366748522
Mettur_Dam,2016,4,0.165827977,1.397587004,0.024327211,-0.189391159,41.87262738,31.68022194,18.98143328,9.901075047,1.02409314,723847786.0,0.08573699183762074,6.377696990966797e-06,0.15894627,27.82364711,6.366748522
Mettur_Dam,2016,5,0.163802529,1.391779538,0.024057444,-0.187122585,40.36011866,29.98989358,21.1325656,277.6827784,0.567306063,666972010.0,0.10791094601154327,0.00024022161960601807,0.211527773,27.82364711,6.366748522
Mettur_Dam,2016,8,0.226449085,1.585479458,0.003755061,-0.230008563,25.61457859,27.12009656,20.15876925,124.1431956,2.061810408,580541258.0,0.12263373285531998,0.00013696402311325073,0.224752734,27.82364711,6.366748522
Mettur_Dam,2016,11,0.18477547,1.453311852,0.014670655,-0.198906933,36.40564912,26.82905848,15.88887181,20.1109232,0.98541253,575784492.0,0.07543838489800692,2.7477741241455078e-05,0.180294249,27.82364711,6.366748522
Mettur_Dam,2016,12,0.176101965,1.427484851,0.006707679,-0.182593958,33.32466153,24.47010404,16.94435081,35.90402952,0.985204703,530684964.0,0.08197304047644138,0.00021627545356750488,0.220860881,27.82364711,6.366748522
Mettur_Dam,2017,1,0.155893833,1.369370203,0.017635864,-0.173053917,34.77915284,24.48803191,15.51171437,16.13211023,1.237555783,574428864.0,0.06002017483115196,4.698336124420166e-05,0.172457398,27.82364711,6.366748522
Mettur_Dam,2017,2,0.151621525,1.357438405,0.02227789,-0.173313994,36.60014455,26.24238784,12.38160016,8.900984595,1.095125501,672325282.0,0.06005755811929703,6.258487701416016e-07,0.164111069,27.82364711,6.366748522
Mettur_Dam,2017,3,0.144630021,1.338169504,0.020881126,-0.165012802,39.64964665,28.54984128,17.5612116,37.40614146,0.887380194,701105058.2438965,0.08494476415216923,7.65770673751831e-05,0.1865453,27.82364711,6.366748522
Mettur_Dam,2017,4,0.141052062,1.328429827,0.027061127,-0.167473936,45.10963815,31.61311889,17.52853305,36.21884485,0.460553126,722058820.0,0.07330198492854834,6.690621376037598e-06,0.159230974,27.82364711,6.366748522
Mettur_Dam,2017,5,0.18195655,1.44485791,0.008289622,-0.189959646,33.07369653,29.95005744,21.3287143,191.4996692,0.530153557,704155740.0,0.11944130901247263,0.00029705464839935303,0.227452493,27.82364711,6.366748522
Mettur_Dam,2017,6,0.243973106,1.645408538,0.004251706,-0.247967595,44.24554165,27.132863,21.77294299,87.73595981,1.37651372,502763364.0,0.1094552744179964,0.0004331916570663452,0.278230604,27.82364711,6.366748522
Mettur_Dam,2017,7,0.166836435,1.400489033,0.021793318,-0.187946395,41.39639592,27.74163723,20.09541379,32.81621167,2.093477158,539449762.0,0.09194328635931015,9.261071681976318e-05,0.204602539,27.82364711,6.366748522
Mettur_Dam,2018,1,0.172833231,1.417892106,0.012503874,-0.18493744,33.4275509,24.21710874,14.97529904,7.749611512,0.929141952,625997936.0,0.08859813027083874,1.1168420314788818e-05,0.169589791,27.82364711,6.366748522
Mettur_Dam,2018,2,0.149928017,1.352741933,0.023996727,-0.173301244,39.09435051,25.22035218,14.66142925,8.427376304,0.988036263,654864330.0,0.08165912888944149,6.564706563949585e-05,0.180713063,27.82364711,6.366748522
Mettur_Dam,2018,3,0.153720443,1.363285257,0.023193204,-0.176285143,41.01197987,28.04635693,15.88656213,36.18003345,0.605839186,741758963.7617188,0.08974651340395212,5.607306957244873e-05,0.175567053,27.82364711,6.366748522
Mettur_Dam,2018,4,0.153930325,1.363871509,0.023448718,-0.176741101,43.21826349,30.60870296,18.62534589,30.99930621,0.961226109,702861210.0,0.08354378119111061,1.926720142364502e-05,0.163866531,27.82364711,6.366748522
Mettur_Dam,2018,5,0.241278565,1.636013572,-0.00434462,-0.237182575,34.74416758,28.6071405,22.12477168,345.0762116,0.19434601,670219388.0,0.1229732921347022,0.004159234464168549,0.251354853,27.82364711,6.366748522
Mettur_Dam,2018,9,0.197946126,1.493598079,0.003197956,-0.201016833,35.2680581,27.03048041,20.27882106,154.2932812,0.764534349,613913652.5625,0.10907269082963467,0.0030902400612831116,0.238693598,27.82364711,6.366748522
Mettur_Dam,2018,10,0.244935994,1.64878207,-0.029434838,-0.217066127,34.80030201,25.72911872,20.44430504,171.4764739,0.346600486,574010572.9016113,0.11833250150084496,0.007276967167854309,0.298255121,27.82364711,6.366748522
Mettur_Dam,2019,1,0.176157662,1.427648967,0.009517302,-0.185364193,32.47811875,24.05073817,13.26299609,8.635813951,1.106421147,645352132.0,0.07708769757300615,6.535649299621582e-05,0.172676866,27.82364711,6.366748522
Mettur_Dam,2019,2,0.157638637,1.374277937,0.020870721,-0.177923982,38.6275635,27.22205015,16.03664015,10.65289798,0.852180707,620055346.0,0.07056105509400368,6.020069122314453e-06,0.170191402,27.82364711,6.366748522
Mettur_Dam,2019,3,0.150448684,1.354183865,0.024531578,-0.174336829,41.04455371,29.77097935,15.16919225,6.577771278,1.145441048,769597800.7844238,0.07814657595008612,6.3925981521606445e-06,0.159218614,27.82364711,6.366748522
Mettur_Dam,2019,4,0.148942752,1.350018175,0.029929697,-0.178078609,44.50119203,30.55983503,18.04361269,45.71532566,0.925134877,720594828.0,0.09137220960110426,0.00012503564357757568,0.186073897,27.82364711,6.366748522
Mettur_Dam,2019,5,0.191914116,1.474984454,0.009327722,-0.200882234,33.74296364,30.70523632,21.22029067,166.4257286,0.528742335,712121228.0,0.09698064625263214,0.0001252293586730957,0.187878742,27.82364711,6.366748522
Mettur_Dam,2019,11,0.268793371,1.735204963,-0.018157482,-0.251865145,36.06793133,25.06100237,21.07374613,81.66760609,0.847955383,485571524.0,0.10119545739144087,0.0033994540572166443,0.313342137,27.82364711,6.366748522
Mettur_Dam,2019,12,0.235122035,1.614796203,-0.006812995,-0.228675351,31.73730923,23.52830129,19.26145638,27.23068731,1.358659879,406381908.0,0.08510326966643333,0.0006786063313484192,0.283901748,27.82364711,6.366748522
Mettur_Dam,2020,1,0.183671253,1.449993347,0.008888763,-0.192246152,34.16794907,24.86738444,17.07234519,11.39220583,0.814613916,611783908.0,0.09767308551818132,2.0891427993774414e-05,0.192370384,27.82364711,6.366748522
Mettur_Dam,2020,2,0.158440197,1.376539365,0.015784808,-0.173790365,34.77262302,26.10100077,16.08481998,6.091888327,1.08183873,643353106.0,0.08177031576633453,1.7881393432617188e-06,0.158993096,27.82364711,6.366748522
Mettur_Dam,2020,3,0.159979494,1.38089426,0.023749969,-0.183034024,40.30365918,28.93003944,17.03331913,5.594941689,1.092196561,730539288.5170898,0.08816148061305285,8.732080459594727e-06,0.159865533,27.82364711,6.366748522
Mettur_Dam,2020,4,0.178185501,1.433639225,0.01789533,-0.195457578,42.11541041,30.55231876,18.17160469,54.38513259,0.911381853,710737416.0,0.08333522640168667,1.7523765563964844e-05,0.161968782,27.82364711,6.366748522
Mettur_Dam,2020,5,0.20539508,1.516974096,-0.000584405,-0.204835263,37.28825225,31.34655646,19.94437848,89.01036303,0.277915272,697971646.0,0.08728117030113935,7.193535566329956e-05,0.17273825,27.82364711,6.366748522
Mettur_Dam,2020,7,0.271640708,1.745897558,-0.011376855,-0.261070671,38.43124655,26.15417727,22.24641386,87.32146132,0.750430911,498614184.0,0.10607900284230709,0.0010873153805732727,0.310838863,27.82364711,6.366748522
Mettur_Dam,2020,10,0.271095971,1.743845445,-0.014641226,-0.257476716,37.50136611,26.29680261,20.58720834,146.1377182,0.548490751,544741535.3293457,0.11412009038031101,0.001035347580909729,0.275020107,27.82364711,6.366748522
Mettur_Dam,2020,12,0.227081269,1.587594166,-0.011118981,-0.216508954,31.74001301,23.19048915,18.48858824,76.53927633,1.281035874,440655148.0,0.08961435314267874,0.0060440972447395325,0.288477498,27.82364711,6.366748522
Mettur_Dam,2021,1,0.136265508,1.315526379,-0.01058129,-0.125865699,27.58199291,23.73326083,18.81771037,59.77555636,1.0052015,471670232.0,0.0889618881046772,0.0004862174391746521,0.279959135,27.82364711,6.366748522
Mettur_Dam,2021,2,0.17916369,1.436539387,0.010469604,-0.189278251,35.26911762,25.27945978,14.62790914,10.49033451,1.01655555,617580916.0,0.09678296744823456,3.610551357269287e-05,0.183991727,27.82364711,6.366748522
Mettur_Dam,2021,3,0.162271145,1.38740732,0.014841004,-0.176686641,39.88335276,28.6473133,14.10220947,8.607832896,0.968560168,794844811.0380859,0.09856550861150026,3.0547380447387695e-07,0.158562342,27.82364711,6.366748522
Mettur_Dam,2021,4,0.169473184,1.408110084,0.009035185,-0.178235451,41.88253448,29.63284878,19.10119269,54.6775722,0.339243103,695957932.0,0.09643526189029217,9.55536961555481e-05,0.185012457,27.82364711,6.366748522
Mettur_Dam,2021,5,0.186794888,1.459404116,0.01442182,-0.200676101,41.36633938,28.58483164,21.27546445,155.5538203,0.79470302,637941078.0,0.10792187787592411,0.00019709020853042603,0.21444534,27.82364711,6.366748522
Mettur_Dam,2021,7,0.238790752,1.627398453,-0.010002524,-0.229335999,40.92219144,26.52071107,21.12976791,63.56438331,1.522907811,498563744.0,0.10481134336441755,0.00041890889406204224,0.270402314,27.82364711,6.366748522
Mettur_Dam,2021,8,0.116340779,1.26331594,0.002376876,-0.118684836,10.04740898,26.65546877,20.95788466,231.3009132,1.289676216,525979328.0,0.09661411680281162,0.000581696629524231,0.242359387,27.82364711,6.366748522
Mettur_Dam,2021,9,0.265176764,1.721743002,-0.012706922,-0.253323436,48.69157501,26.71396071,21.25762929,164.1255472,0.963767937,520081403.3000488,0.10747610218822956,0.0018566250801086426,0.269782617,27.82364711,6.366748522
Mettur_Dam,2021,12,0.2191811,1.56141341,-0.022840519,-0.197328449,29.51660037,23.60722988,18.82739747,29.55246696,0.929024595,530666824.0,0.09874876216053963,0.00017173588275909424,0.271880324,27.82364711,6.366748522
Mettur_Dam,2022,1,0.17970891,1.438158872,0.006044101,-0.185551468,35.26823993,24.34384066,17.76272928,18.65703936,0.599511991,546032824.0,0.09114709962159395,3.422051668167114e-05,0.194471605,27.82364711,6.366748522
Mettur_Dam,2022,2,0.167703754,1.402990534,0.016129209,-0.18333705,36.59893161,25.46348216,16.02741909,10.6135239,0.779714235,606756670.0,0.08294178359210491,1.5944242477416992e-05,0.167568434,27.82364711,6.366748522
Mettur_Dam,2022,3,0.162356731,1.387651253,0.009611741,-0.171700528,40.17534374,28.23969214,16.00091303,17.21185867,0.51387275,718489308.0039062,0.08702050987631083,6.735324859619141e-06,0.159504634,27.82364711,6.366748522
Mettur_Dam,2022,4,0.174472127,1.422692275,0.013407557,-0.187441213,42.50545511,28.89316917,20.47282647,88.01608975,0.581870645,688457776.0,0.10274450201541185,0.0001247301697731018,0.195112779,27.82364711,6.366748522
Mettur_Dam,2022,5,0.248709856,1.662087367,-0.008679226,-0.240549884,37.21108334,27.81200313,21.84681869,278.5243556,0.709232304,591621696.0,0.10782202705740929,0.00033023953437805176,0.23898941,27.82364711,6.366748522
Mettur_Dam,2022,6,0.246455999,1.654125038,-0.011432624,-0.235687458,33.28959146,27.1648464,21.79698766,109.5601969,0.948262112,602590082.0,0.1221843734383583,0.00046385079622268677,0.268112289,27.82364711,6.366748522
Mettur_Dam,2022,9,0.259076343,1.699333433,-0.01347689,-0.246459978,33.04435825,26.3981777,21.06326512,103.5555405,0.697605075,573150111.875,0.11937519162893295,0.00125943124294281,0.275713899,27.82364711,6.366748522
Mettur_Dam,2022,12,0.199341323,1.497943328,-0.02671356,-0.173551948,29.16142404,23.76786013,18.53963151,71.92180444,0.90186125,461034148.0,0.09035719931125641,0.000407487154006958,0.267095525,27.82364711,6.366748522
Mettur_Dam,2023,1,0.192560949,1.476967144,-0.002170376,-0.190470176,32.13186131,23.48175503,15.21243543,9.80798471,1.176955528,609447812.0,0.08853618986904621,1.6540288925170898e-06,0.176526613,27.82364711,6.366748522
Mettur_Dam,2023,2,0.165952825,1.397945895,0.010833891,-0.176469439,35.90606554,25.63280683,13.37317826,9.511054521,0.928748312,645172656.0,0.0758755411952734,1.0944902896881104e-05,0.162874744,27.82364711,6.366748522
Mettur_Dam,2023,3,0.153714053,1.363267413,0.017173455,-0.170437587,39.2065127,27.4466721,16.80626478,23.29123138,0.704017517,736631603.1289062,0.09026256669312716,7.051229476928711e-05,0.178955345,27.82364711,6.366748522
Mettur_Dam,2023,4,0.17736964,1.431225612,0.005742393,-0.182925719,38.97931331,29.34735006,18.57677301,19.81686008,0.673564361,714660700.0,0.08536163158714771,6.211549043655396e-05,0.171534432,27.82364711,6.366748522
Mettur_Dam,2023,5,0.211012861,1.534895566,-0.00802706,-0.203330204,41.68440898,28.76478387,22.25618663,417.8126249,0.458979473,666102474.0,0.12380619533360004,0.002024352550506592,0.242994944,27.82364711,6.366748522
Mettur_Dam,2023,6,0.206866703,1.521644227,0.002629224,-0.209382044,35.73246118,28.43893009,21.73391183,219.7038343,1.219950708,576772536.0,0.10372132994234562,0.00017892569303512573,0.223558066,27.82364711,6.366748522
Mettur_Dam,2023,7,0.225188508,1.58127302,-0.00398925,-0.221398147,35.8703014,26.39211534,21.45553499,38.7748611,1.686304908,488025176.0,0.10701650008559227,0.0031471624970436096,0.284581892,27.82364711,6.366748522
Mettur_Dam,2023,8,0.190741794,1.471399098,0.007592977,-0.198047939,38.77107966,28.66697733,20.15850078,166.4272977,1.372519511,662842862.0,0.11303354240953922,0.00010360777378082275,0.191630189,27.82364711,6.366748522
Mettur_Dam,2023,9,0.200037995,1.500118741,0.007515038,-0.207241489,42.0382076,26.82136976,22.08994791,195.5503535,0.970693183,525755817.0625,0.11142948269844055,0.001248180866241455,0.285533778,27.82364711,6.366748522
Mettur_Dam,2023,10,0.268529032,1.734216515,-0.021524398,-0.248440602,36.71168181,27.18565386,20.54140215,76.54825078,0.205172676,597656646.7539062,0.11701415944844484,0.00030287355184555054,0.249626672,27.82364711,6.366748522
Mettur_Dam,2023,11,0.250849524,1.669690623,-0.024369144,-0.227873368,32.52543092,25.04145294,21.18896766,123.3046436,0.820226109,431565766.0,0.0907003041356802,0.0043337419629096985,0.302937592,27.82364711,6.366748522
Mettur_Dam,2024,1,0.168884769,1.406405183,-0.001676289,-0.16725583,32.70558114,25.06560878,17.92266283,20.80710804,1.014038167,527235260.0,0.08582957554608583,0.00022577494382858276,0.217587317,27.82364711,6.366748522
Mettur_Dam,2024,2,0.150952672,1.355581289,0.013353507,-0.163975645,37.48446531,27.71482063,16.76389869,6.26234556,1.180026853,633219416.0,0.07478761672973633,3.859400749206543e-06,0.159953216,27.82364711,6.366748522
Mettur_Dam,2024,3,0.145072734,1.339380295,0.017565689,-0.162225024,38.26030576,29.9073406,15.80530949,6.80865595,1.236791825,774545467.1640625,0.0802186643704772,1.7136335372924805e-06,0.157409032,27.82364711,6.366748522
Mettur_Dam,2024,4,0.138886007,1.322572873,0.022173432,-0.160564967,39.72333612,32.30681633,17.4151751,7.856271578,1.35790669,765409904.0,0.08131514117121696,3.2335519790649414e-06,0.157833947,27.82364711,6.366748522
Mettur_Dam,2024,5,0.189982338,1.469081965,0.010476597,-0.200060741,37.73277502,29.34551373,22.54045623,285.6023425,0.350017081,577679852.0,0.10148954298347235,0.0027008652687072754,0.251963605,27.82364711,6.366748522
Mettur_Dam,2024,6,0.271028687,1.743592187,-0.012745964,-0.259178058,30.45440274,27.34522451,22.87900155,190.7969464,0.903743993,519755984.0,0.11506164819002151,0.0032848045229911804,0.295469835,27.82364711,6.366748522
Mettur_Dam,2024,8,0.272683652,1.749835069,-0.020107181,-0.253968958,37.25249869,26.55468974,22.30911133,190.8847459,0.693981091,523693582.0,0.11596508976072073,0.004368886351585388,0.306309198,27.82364711,6.366748522
Mettur_Dam,2024,9,0.238150194,1.625189352,-0.004630296,-0.233777686,40.27141317,27.53827763,20.68524903,43.9775995,1.219394532,573583207.0625,0.11909718345850706,0.00018453598022460938,0.230026266,27.82364711,6.366748522
Mettur_Dam,2024,10,0.258657334,1.697807765,-0.032423127,-0.228147562,33.33110772,25.79889903,22.13943802,343.4816373,0.262085429,458732093.7487793,0.09402354620397091,0.0038845837116241455,0.30579409,27.82364711,6.366748522
Mettur_Dam,2024,11,0.254603132,1.683134428,-0.019888741,-0.235908972,35.28375084,24.90767911,20.15752905,90.49640734,0.953150457,433048212.0,0.09813994914293289,0.001256205141544342,0.298145464,27.82364711,6.366748522
Mettur_Dam,2024,12,0.229719493,1.59645672,-0.01613261,-0.214381375,32.74784125,24.25251045,20.32044822,85.12027467,0.731131879,438329644.0,0.08553065545856953,0.019860967993736267,0.309398426,27.82364711,6.366748522
Mettur_Dam,2025,1,0.217203061,1.554941008,-0.011523955,-0.206195221,32.17409188,23.32928527,17.31035582,12.30982803,1.162158091,569575724.0,0.09789070300757885,3.191828727722168e-05,0.224527933,27.82364711,6.366748522
Mettur_Dam,2025,2,0.160890243,1.383478422,0.008140606,-0.168809751,34.69946626,25.98390434,15.33257844,6.835025774,0.839035342,665549034.0,0.0897795520722866,1.7210841178894043e-06,0.163221041,27.82364711,6.366748522
Mettur_Dam,2025,3,0.179961196,1.438908975,0.005291743,-0.185076688,38.82533941,28.36339426,17.71368692,43.29782145,0.795793043,721736118.0930176,0.09470291994512081,3.789365291595459e-05,0.170192862,27.82364711,6.366748522
Mettur_Dam,2025,4,0.211330659,1.535917014,-0.007865761,-0.203803676,39.29745553,29.06401496,20.71462347,25.77217404,0.338408611,699044544.0,0.11451553273946047,0.0008792653679847717,0.212416585,27.82364711,6.366748522
Mettur_Dam,2025,5,0.172812052,1.417830197,-0.007828202,-0.165207344,21.69906874,28.41430103,21.47681873,339.4501991,0.649008678,586118802.0,0.09656702633947134,0.003016524016857147,0.23414497,27.82364711,6.366748522
Mettur_Dam,2025,6,0.265866234,1.724299157,-0.014319859,-0.252507714,35.85693464,26.94360277,21.69388205,77.10727079,1.22332167,526157258.0,0.10876542422920465,0.0002795755863189697,0.262932057,27.82364711,6.366748522
Mettur_Dam,2025,8,0.226860064,1.586853824,-0.001249683,-0.22567436,40.25309518,26.04152512,21.20270361,153.2423152,1.118748201,480289474.0,0.10109671391546726,0.0012341588735580444,0.285992838,27.82364711,6.366748522
Mettur_Dam,2025,9,0.257870834,1.694948657,-0.011313955,-0.247278323,38.96253456,26.74810066,20.94072706,128.2149778,1.135081475,543504588.125,0.10981508437544107,0.0002707764506340027,0.252769046,27.82364711,6.366748522
Mettur_Dam,2025,10,0.25039238,1.668062528,-0.012279531,-0.238847233,37.51938846,25.77641734,21.49543511,245.8182582,0.170171076,479404332.6101074,0.09525253530591726,0.005302540957927704,0.286501977,27.82364711,6.366748522
Mettur_Dam,2025,11,0.253577939,1.679449208,-0.018198666,-0.236470532,37.3165203,25.22612726,18.95719371,44.47541399,0.915483802,460618892.0,0.09624678827822208,0.00025810301303863525,0.236983871,27.82364711,6.366748522
Mettur_Dam,2025,12,0.197657415,1.492700795,-0.013555676,-0.184596343,31.5958139,23.3402613,16.30554961,11.30947711,1.264142343,559049948.0,0.0896158991381526,8.615851402282715e-05,0.219927757,27.82364711,6.366748522
Mettur_Dam,2026,1,0.166541155,1.399638582,-0.004872752,-0.161799706,33.17401703,23.62901553,15.42560287,19.11391167,1.21692881,561869056.0,0.07510947808623314,5.984306335449219e-05,0.185777233,27.82364711,6.366748522
Mettur_Dam,2026,2,0.15172963,1.357738841,0.013463777,-0.164856628,35.06743745,25.79899214,14.81388349,8.746005582,0.980233064,621233986.0,0.0609497195109725,3.2782554626464844e-07,0.158085528,27.82364711,6.366748522
Mettur_Dam,2026,3,0.152027829,1.358567968,0.004228106,-0.156155559,38.38710037,28.69809914,15.7433482,17.95232334,0.994708117,755315262.6914062,0.07923218421638012,2.076476812362671e-05,0.164229547,27.82364711,6.366748522
Mettur_Dam,2026,4,0.213855156,1.544060444,-0.001398857,-0.212519875,37.70030622,30.95060075,17.86843965,19.83559265,1.042231462,759230962.0,0.07751063723117113,3.1739473342895508e-06,0.157891401,27.82364711,6.366748522
Mettur_Dam,2026,5,0.211451691,1.536306243,0.002007885,-0.213368986,42.53184718,,,,,,,,,27.82364711,6.366748522
Mullaperiyar_Dam,2016,1,0.2700712041691774,1.739993286226709,-0.0054267501667421,-0.2650328885765758,27.7987708822086,22.10737052835441,15.491126325053528,8.397844672203064,1.1729811432439603,625268088.0,0.10081726987846196,0.0002382621169090271,0.3223551319491479,29.007826330010246,5.116193049473585
Mullaperiyar_Dam,2016,3,0.2436880655970489,1.6444115305133236,-0.0021275521494587,-0.2416858176513001,34.77850297778457,24.92770845966953,17.687615864251256,42.00707507133484,0.2863276287014181,742508074.0644532,0.1234556536655873,0.003736773505806923,0.3684955412341702,29.007826330010246,5.116193049473585
Mullaperiyar_Dam,2016,4,0.1495996382111588,1.3518334303068071,0.0028320770718673,-0.1523671607140061,27.6098661626512,25.001420127020936,20.137851460774755,78.97168588638306,0.446942115599247,687383563.9999999,0.1617499713320285,0.026246659457683563,0.4606865194108751,29.007826330010246,5.116193049473585
Mullaperiyar_Dam,2016,12,0.2561320750046358,1.6886493324906624,-0.0014844896500989,-0.2547444456669573,30.22246321819688,21.48263134289812,17.053666092247113,42.91821193695069,0.502310537337842,540894970.0,0.1144387130625546,0.0049626994878053665,0.4213608977615192,29.007826330010246,5.116193049473585
Mullaperiyar_Dam,2017,1,0.2231515540719796,1.5745047318860337,0.005383526151956,-0.2282608608130249,28.589361790315703,21.346051665275297,15.39740208451468,23.154057264328003,1.0314228422235254,556947689.5,0.10076771746389568,0.005941921845078468,0.3613854633864536,29.007826330010246,5.116193049473585
Mullaperiyar_Dam,2017,2,0.2093789406834385,1.529656877251493,0.015703037103112,-0.2243443592713609,31.748355206484405,22.11708848135811,13.354980109986798,10.698415875434875,1.0934592372306318,659405174.5,0.1084056650288403,0.0005542635917663574,0.3491182327270508,29.007826330010246,5.116193049473585
Mullaperiyar_Dam,2017,3,0.223160174818353,1.5745333016781726,0.0001232525457101,-0.2232772861089909,35.28403351984821,22.791632383613265,18.546305900491745,179.73075836896896,0.2743763116461292,644775123.2438965,0.14429036458022892,0.032609334215521806,0.4520964417406308,29.007826330010246,5.116193049473585
Mullaperiyar_Dam,2017,4,0.2280875832995541,1.5909675200575704,0.001749660713372,-0.229745558101299,38.96830201369437,24.05081352657743,19.89363178677036,68.62808990478516,0.8641374644689083,676461169.5,0.180757125839591,0.05742087587714195,0.477175580130683,29.007826330010246,5.116193049473585
Mullaperiyar_Dam,2017,5,0.2557584148334472,1.6872994466607545,-0.0051821402392848,-0.25090882311975,39.59699020762992,23.218472991451165,20.782219946256305,261.0731945037842,1.1168121055291995,584751788.5,0.14571385947056115,0.04527523741126061,0.4779660368478426,29.007826330010246,5.116193049473585
Mullaperiyar_Dam,2017,10,0.0966042511786944,1.2138691737364,-0.0075803197556381,-0.0890891706310352,-58.52924003340513,21.665498741724207,19.74969639111589,209.448477268219,0.8215490825112214,478071254.92749023,0.11001630639657377,0.03504693508148193,0.4763124578742571,29.007826330010246,5.116193049473585
Mullaperiyar_Dam,2017,11,0.3275459081099224,1.974180727160969,-0.0231903601336872,-0.3066850996460541,27.341352587281904,21.48800269232862,18.867515606350366,245.03695154190063,0.584010137186989,439974593.00000006,0.10546250268816948,0.03330870904028416,0.46430877049764,29.007826330010246,5.116193049473585
Mullaperiyar_Dam,2017,12,0.3108477109133818,1.9021161674595035,-0.0178774465233251,-0.294607446085822,28.32887550678555,21.19356283372452,17.135908237580395,55.35934519767761,1.023421165130495,538260280.0,0.11476677586324513,0.006263991817831993,0.4234100464851625,29.007826330010246,5.116193049473585
Mullaperiyar_Dam,2018,1,0.2618466848648105,1.7094642251030314,-0.0047420721826431,-0.2574242553195164,26.44472679959813,21.29506901566708,14.99274984790435,9.86601746082306,0.774372299746695,605284107.0,0.098903022473678,0.0006573796272277832,0.3348811313670169,29.007826330010246,5.116193049473585
Mullaperiyar_Dam,2018,2,0.2500681246461466,1.6669089096343652,0.0049667872790187,-0.2547185425342425,30.224993601967867,22.363292153676355,14.48047236487986,13.856782972812653,1.0864019217286345,647394860.0,0.09886430157348514,0.0015146676450967787,0.3423265843164353,29.007826330010246,5.116193049473585
Mullaperiyar_Dam,2018,11,0.186022734637865,1.457071081844293,-0.0068758536458558,-0.1793763149759335,22.51757472119641,21.410094091627343,19.108183754815,154.89271020889282,0.7085457087135036,424248318.0,0.09911591419950128,0.0237159039825201,0.4734740999009874,29.007826330010246,5.116193049473585
Mullaperiyar_Dam,2018,12,0.3021625400352639,1.865996904352292,-0.0152549332207364,-0.2882362228551158,26.4885709466264,21.42221681328232,18.10430427059049,25.71983659267425,0.8609089652130659,518125388.0,0.11310402234084904,0.0038449689745903015,0.445110531263454,29.007826330010246,5.116193049473585
Mullaperiyar_Dam,2019,1,0.2587560439195221,1.6981670253009893,0.0014848123389785,-0.2601409090372942,28.01348458459097,20.929698890768066,13.606668644566696,12.48011064529419,1.1252767984707108,668958410.0,0.10648141009733082,0.00022547319531440735,0.3266921197214434,29.007826330010246,5.116193049473585
Mullaperiyar_Dam,2019,2,0.2403390199710877,1.632753363117165,0.0148618486193107,-0.2542925655192883,33.17235690462087,23.128083619617257,16.06356682550347,18.46259009838104,0.8902108756420625,585684159.5,0.09206013497896491,0.001079164445400238,0.3479244538715907,29.007826330010246,5.116193049473585
Mullaperiyar_Dam,2019,3,0.2329290241707049,1.607320656133237,0.0093898215410652,-0.2417900117935643,34.335989089313216,24.371439275433943,16.23467050367782,28.198426246643063,0.3626343972183942,768948739.7844238,0.12505976459942758,0.002705452963709831,0.3682233031078051,29.007826330010246,5.116193049473585
Mullaperiyar_Dam,2019,4,0.1888344403132062,1.4655879137327248,0.0076050668072346,-0.1961578051839661,42.21045345952632,24.594144927130856,19.14892139434818,130.0896270275116,0.246486657220526,671833473.5,0.15898043382912874,0.03958130069077015,0.4609358045789931,29.007826330010246,5.116193049473585
Mullaperiyar_Dam,2019,6,0.2668239804119403,1.7278579039228734,-0.0124482456178065,-0.2552234570680969,32.722620687356994,22.472806146409766,20.4724385155572,243.0193796157837,1.9379328574837456,515980529.0,0.1324031597469002,0.026008024811744693,0.4837280538347032,29.007826330010246,5.116193049473585
Mullaperiyar_Dam,2019,9,0.3558515390684761,2.104874297312976,-0.0307818534672678,-0.3286698596270495,30.761866634932403,21.502598381042503,19.71252814398872,391.8882789611816,1.2052931664191964,473173451.43750006,0.11474009254015984,0.023732595145702366,0.4816995514763726,29.007826330010246,5.116193049473585
Mullaperiyar_Dam,2019,12,0.3201988260548023,1.9420366963962177,-0.0143254675900597,-0.3072828643196262,28.103997102728272,21.602968941965457,18.25196049597957,101.44933831691742,1.6477489737436126,460638753.00000006,0.10963719477877021,0.0037524420768022537,0.4500136939428185,29.007826330010246,5.116193049473585
Mullaperiyar_Dam,2020,1,0.2655362541586439,1.7230751842065724,0.0002008533120361,-0.2657229354471893,29.59482669889411,22.411677584084146,15.844002824188522,19.2815260887146,1.206934157389346,630166045.9999999,0.10533735784702003,0.0003767088055610657,0.3358263764330135,29.007826330010246,5.116193049473585
Mullaperiyar_Dam,2020,2,0.2209458259515754,1.5672155629522162,0.0117997154597215,-0.2321403288524913,32.93957510567759,23.2737190334276,15.052928060772786,6.195982873439789,1.297766867362917,639529969.0,0.07798040215857327,0.00017551518976688388,0.2908404997025413,29.007826330010246,5.116193049473585
Mullaperiyar_Dam,2020,3,0.2167884564471602,1.553588511894895,0.0117166137026914,-0.2279261317126046,37.35235776670447,23.86909616942046,17.844192184940482,65.62510585784912,0.4137850119713688,701774431.5170898,0.1294705425389111,0.013770760968327522,0.3948959996623377,29.007826330010246,5.116193049473585
Mullaperiyar_Dam,2020,4,0.254784421548467,1.6837871588188695,0.0012992776760329,-0.255998954428575,37.87329740140717,24.032774628533275,19.179361576504164,154.01673698425293,0.0951072705118248,664227983.5000001,0.1375103497412056,0.024534141644835476,0.4354700406392415,29.007826330010246,5.116193049473585
Mullaperiyar_Dam,2020,7,0.3714719229183305,2.182037641478544,-0.0320106060429181,-0.3435464418313678,30.95695580344909,21.535384483747578,19.60424657842168,629.6794128417969,1.6068221660395048,478475798.5,0.10982256825082005,0.03868863545358181,0.4815498936560846,29.007826330010246,5.116193049473585
Mullaperiyar_Dam,2020,10,0.3107652840872189,1.901769098138535,-0.0177952460509859,-0.2945992143182804,14.32395692125874,21.27526835779992,19.00505632790191,220.37015056610107,1.3754150610896896,552362345.3293457,0.12194553716108202,0.03569696098566055,0.4671206217940136,29.007826330010246,5.116193049473585
Mullaperiyar_Dam,2020,12,0.3094358684030384,1.8961828575934103,-0.0190013757742538,-0.2921522623934367,27.871922039601543,20.704141337897227,17.956686540829253,95.70199120044708,1.0930314434505963,436280695.0,0.0988103102426976,0.0451685581356287,0.4545898283681562,29.007826330010246,5.116193049473585
Mullaperiyar_Dam,2021,1,0.2905365446565873,1.8190317414332624,-0.0129785772699592,-0.2786085307811676,25.448757439769565,20.76430409749355,17.761603312338593,77.424644947052,1.3360126344388354,473656646.0,0.10829337476752698,0.016713721677660946,0.4389968892579437,29.007826330010246,5.116193049473585
Mullaperiyar_Dam,2021,2,0.2422216064217531,1.639294042887597,0.0050972382592906,-0.2470138662347896,32.9696516990814,22.15462035678678,14.844431359427348,13.389686822891235,0.9443917170489036,620266012.5,0.10427848575636744,0.0005115494132041931,0.3242625111625308,29.007826330010246,5.116193049473585
Mullaperiyar_Dam,2021,3,0.2141143948868865,1.54489964822824,0.0025539392724128,-0.2165499170503518,27.179218285320303,24.079982335080444,14.798577286094767,122.77237915992735,0.724899298340907,742185273.5380858,0.10459567583166063,0.0009313430637121201,0.3216973222712035,29.007826330010246,5.116193049473585
Mullaperiyar_Dam,2021,12,0.2980253268890285,1.8491056395760173,-0.0213099258583398,-0.2784840245594469,27.447533882185667,21.10692798245333,17.308706271263873,60.53522419929504,1.195078355323498,560916060.0000001,0.11182580818422139,0.0065670497715473175,0.4205374461348338,29.007826330010246,5.116193049473585
Mullaperiyar_Dam,2022,1,0.2588044263440378,1.6983431513695628,-0.005844347717787,-0.2533432712325603,27.87988674810515,22.10152977564008,16.474040870256374,17.587863326072693,0.8793665333312533,563851261.0,0.09411363187246025,0.0006043743342161179,0.3402854242632465,29.007826330010246,5.116193049473585
Mullaperiyar_Dam,2022,2,0.2240387403971475,1.57744826207384,-6.991798818314686e-05,-0.2239723307872572,30.31038063327168,22.56022433326359,15.97670251301355,9.104785680770874,0.8186585611447115,564919853.5,0.0869230148382485,0.0009410995990037918,0.3452029966172718,29.007826330010246,5.116193049473585
Mullaperiyar_Dam,2022,3,0.222866817669451,1.5735614505639677,0.0051274316015137,-0.2277340097921585,32.859295387410384,23.72199851005314,15.928878423219146,85.62497138977051,0.1960895450305045,704102058.0039062,0.11403546342626214,0.011294908821582794,0.3638462353778142,29.007826330010246,5.116193049473585
Mullaperiyar_Dam,2022,4,0.217377304680605,1.555509841410596,-0.0059199655107646,-0.2117298070907973,28.087239036180847,22.96868864695233,19.84343804253473,247.2539258003235,0.2709956539049819,598449555.0,0.1308752589393407,0.04710839316248894,0.4559449248843723,29.007826330010246,5.116193049473585
Mullaperiyar_Dam,2022,10,0.342929554731133,2.0438136647306044,-0.0248037140148078,-0.3208550098805018,34.00532549651365,20.933620194465902,19.06945016102128,259.5727128982544,0.6886103936289448,482251963.8046875,0.1059979482088238,0.061785753816366196,0.473064386716453,29.007826330010246,5.116193049473585
Mullaperiyar_Dam,2022,11,0.3143867128747891,1.917096324643936,-0.0157982767304591,-0.3000788583023581,29.821182458233693,20.71114124721948,18.36718328264027,191.72723698616028,0.3404110052775569,460326794.0,0.1018143747933209,0.029923591762781143,0.4672725783454047,29.007826330010246,5.116193049473585
Mullaperiyar_Dam,2023,1,0.2371272060445921,1.6216690591759466,-0.0012311127895568,-0.2359649785905462,27.25454367819907,20.70290902660741,14.0506279524937,17.70208430290222,1.2174410606216135,630364892.5,0.10317931068129838,0.0011135339736938477,0.3435165907747002,29.007826330010246,5.116193049473585
Mullaperiyar_Dam,2023,2,0.2109390252070083,1.5346583646779584,0.0067419427455575,-0.2173718350252652,31.79440131245224,21.39430759520764,12.57566021056408,18.7564140856266,1.1612623695860944,643258249.5,0.10382176632992923,0.0014993567019701004,0.3472963344483148,29.007826330010246,5.116193049473585
Mullaperiyar_Dam,2023,3,0.1816922974294519,1.444068403263717,0.0085468847568872,-0.1899442172174014,31.3810805498087,23.152455738026617,16.347613804314733,87.4783079624176,0.5735787118946495,696251092.6289062,0.10547304130159318,0.009637005627155304,0.3624820760501329,29.007826330010246,5.116193049473585
Mullaperiyar_Dam,2023,4,0.2551370776926924,1.6850578007088148,-0.0082835180326019,-0.2473763729471523,34.05561139399532,23.17804395887589,19.151989343431296,145.81666326522827,0.1502208723738719,653434476.5,0.14445047709159553,0.029206009581685066,0.4501319673326281,29.007826330010246,5.116193049473585
Mullaperiyar_Dam,2023,5,0.3337906745608728,2.002059448329869,-0.026695361687335,-0.30985633821525,32.722575291109706,22.88138792386616,20.692953548636467,422.3187484741211,1.0890910697334517,580550578.0000001,0.13052452402189374,0.04484174959361553,0.4768881643972089,29.007826330010246,5.116193049473585
Mullaperiyar_Dam,2023,8,0.3403096298359601,2.0317253221426834,-0.0240211301060632,-0.3188953486288961,28.829582634459143,22.07301665685509,19.193306572206552,165.79285955429077,1.7268298406474698,626025761.5,0.12117955088615417,0.013391776010394096,0.4512418777711929,29.007826330010246,5.116193049473585
Mullaperiyar_Dam,2023,10,0.3342933989281081,2.0043265257993337,-0.0273586515142115,-0.3097678271510801,31.501975332603138,21.54945751723426,19.64089207803056,241.89903736114505,0.2839658818148196,490041879.2539062,0.11011710576713085,0.08227283135056496,0.4744627911557433,29.007826330010246,5.116193049473585
Mullaperiyar_Dam,2023,11,0.2915366159512619,1.823011104074804,-0.0154025147402459,-0.27737964594784,17.372903100771566,21.51010392506919,19.758415497673923,278.1407079696655,0.7548190989252578,393771034.0,0.09291735594160853,0.07497460581362247,0.4734550370110406,29.007826330010246,5.116193049473585
Mullaperiyar_Dam,2024,1,0.2828959160291686,1.7889954118311104,-0.0111349443280835,-0.2726197321109679,27.33028147131756,21.655972314650057,17.652301365842163,34.148024559021,1.24301844348521,528699774.5,0.11487797531299293,0.009124305099248886,0.4192925166058283,29.007826330010246,5.116193049473585
Mullaperiyar_Dam,2024,2,0.2258404180995802,1.5834466778675875,0.0019645702688147,-0.2277039608183087,31.987045583265623,23.356044760517648,15.937378140153612,4.415842056274414,1.3473467330894286,639641272.0,0.10302093531936407,0.0005501024425029755,0.3264955816597774,29.007826330010246,5.116193049473585
Mullaperiyar_Dam,2024,3,0.2172310821465412,1.555032467927422,0.0002741092630487,-0.2174922408228357,34.97708422681768,24.96621721329228,15.792886537121204,30.83090591430664,0.4449523512979575,771126060.6640625,0.09287339542061092,0.0006512887775897979,0.3023443786046838,29.007826330010246,5.116193049473585
Mullaperiyar_Dam,2024,4,0.2240604814644443,1.5775204796562432,0.0044889393265565,-0.2283197781493424,31.08264681451521,25.188855722215465,19.094517411126105,91.19170904159546,0.0376741174719938,711871035.0,0.1437461357563734,0.027863234281539917,0.4114177915785048,29.007826330010246,5.116193049473585
Mullaperiyar_Dam,2024,9,0.3251079594442595,1.9634369348216023,-0.02322518907602,-0.3041795369203322,27.158369741270405,21.688364431593183,19.39751167297368,100.1827187538147,1.6809676278769323,561190231.5625,0.1279022938106209,0.014357520267367361,0.46843597624037,29.007826330010246,5.116193049473585
Mullaperiyar_Dam,2024,12,0.3168154690504629,1.9274667522408064,-0.0182063956825724,-0.3003414632876484,26.856643667036963,21.35835459719425,18.51450719935923,81.30976641178131,0.3984762041084063,491740801.0,0.10659308289177716,0.010767767205834389,0.4435836986828876,29.007826330010246,5.116193049473585
Mullaperiyar_Dam,2025,1,0.2587035331647063,1.6979758969286622,-0.0108949902237371,-0.2485089835191407,29.32932092131034,20.999864094231725,16.345260710357422,24.0779390335083,1.49970397252255,555105787.0,0.11019388027489187,0.00196189247071743,0.3856133953217537,29.007826330010246,5.116193049473585
Mullaperiyar_Dam,2025,2,0.1963961517430023,1.488788479968039,0.0087433016970808,-0.2047878019008192,33.010831851277544,22.5527701650347,13.263331145332018,4.9420008063316345,1.2929062063173764,669054111.5000001,0.09409214230254291,0.00015625543892383575,0.3076629241307577,29.007826330010246,5.116193049473585
Mullaperiyar_Dam,2025,3,0.2045879458256089,1.514420028592511,0.0095726191657702,-0.2137419636475988,35.77748424668448,23.5127433530746,17.278593543268073,198.2240228652954,0.574486376209954,673431216.0930176,0.11953742359764873,0.009576827287673948,0.3886425572056924,29.007826330010246,5.116193049473585
Mullaperiyar_Dam,2025,4,0.1454329900083094,1.3403664974376288,-0.0002727675783032,-0.1451659810780277,28.025381673229617,22.72849657270649,20.169034957885746,296.96777057647705,0.5891356011168891,592536184.0,0.13029465754516423,0.045438764616847045,0.4700234201219347,29.007826330010246,5.116193049473585
Mullaperiyar_Dam,2025,10,0.340343567926187,2.031881298742809,-0.0283287521124634,-0.3150523961912388,27.6720108832152,21.190102472612978,19.43404752259613,417.23159408569336,0.6338519304420305,468598028.1101074,0.10321766836568713,0.06658666394650936,0.4792660179958548,29.007826330010246,5.116193049473585
Mullaperiyar_Dam,2025,11,0.3198784731295321,1.940650929257984,-0.0255646270907997,-0.2967404630988884,28.871676062011943,20.757439655727808,18.40088200039338,239.2046270370484,0.3859897490343819,437524902.0,0.09794958331622183,0.01487414352595806,0.4687447547912597,29.007826330010246,5.116193049473585
Mullaperiyar_Dam,2025,12,0.2855498170354419,1.799355431194864,-0.0094411516583737,-0.2768550441865546,26.46304115645978,20.475368200322634,16.305208337435204,31.94474041461945,1.066941257578817,558509413.0,0.1105964221060276,0.004325907677412033,0.4074990108448972,29.007826330010246,5.116193049473585
Mullaperiyar_Dam,2026,1,0.2520163411617004,1.6738552057490383,-0.0083038175671341,-0.2442236097861663,28.237973181359564,20.64471141035841,15.079840678553468,24.91678094863892,1.2199038848080812,589699483.0,0.09763673483394088,0.0006515756249427795,0.3476453032544864,29.007826330010246,5.116193049473585
Mullaperiyar_Dam,2026,2,0.222522062433407,1.5724202621874337,0.0089892514621166,-0.2310491447259513,31.86492104787237,21.795275533766983,15.629630706423823,29.84178936481476,0.9461652627570818,584862163.5,0.08329630922526121,0.004827391356229782,0.3321394295919509,29.007826330010246,5.116193049473585
Mullaperiyar_Dam,2026,3,0.2081678233981161,1.5257877352028304,0.0059615415211967,-0.2138639595054904,35.374637526530705,22.753444905434947,16.60873089862133,46.49536073207855,0.4068624725877032,745215915.6914062,0.1419673792552203,0.0046809036284685135,0.4049031349920458,29.007826330010246,5.116193049473585
Mullaperiyar_Dam,2026,4,0.2445632412076433,1.6474750887118674,0.0018347729267673,-0.2462875004963518,38.00068442316029,24.17690758175325,18.882811397976354,90.86172485351562,0.4012740018835026,701982983.0,0.13772475346922872,0.01262601837515831,0.417128128475613,29.007826330010246,5.116193049473585
Nagarjuna_Sagar,2016,1,0.095141381874124,1.210290049668044,0.0107468389391795,-0.1057800639657143,27.58056506355604,25.075701376528684,15.512423875596768,4.61962366104126,1.5523751895830196,542344024.0,0.05222959785411755,4.521012306213379e-05,0.2016558014791072,27.890209674756484,6.172973419184414
Nagarjuna_Sagar,2016,2,0.0765831854490953,1.1658691595005033,0.0058020013334648,-0.0823485963577223,31.906166637490745,27.55145368758747,16.609989778657564,3.735334634780884,2.610966146853786,611236167.3333334,0.055140906323989235,5.116065343221028e-07,0.1833571803067379,27.890209674756484,6.172973419184414
Nagarjuna_Sagar,2016,3,0.0795065594970812,1.1727476937883277,0.0131116582193811,-0.092521767212777,36.69849794144818,29.95061895719141,18.815015267813067,9.422099441289902,2.4009020343338947,709595051.2311198,0.06798609128842752,1.627206802368164e-05,0.1859871854064285,27.890209674756484,6.172973419184414
Nagarjuna_Sagar,2016,4,0.0789810094303156,1.1715078847211673,0.0179759300155717,-0.0968194793029148,40.28588920886239,32.89084115204992,19.63895551893444,4.602954745292664,2.4139081019912645,749667871.3333333,0.07207508571445942,5.066394805908203e-07,0.1816305443092628,27.890209674756484,6.172973419184414
Nagarjuna_Sagar,2016,6,0.10570101724815,1.2363885440703448,0.0120511127211364,-0.1176023263767783,34.91808036435981,29.3445765671907,22.596345414055747,157.6222710609436,3.111672857485414,494644396.0,0.1179824120675524,0.004496291279792786,0.3091492970784505,27.890209674756484,6.172973419184414
Nagarjuna_Sagar,2016,8,0.1144081238695201,1.2583766336462274,0.0102835015281678,-0.1245450960848947,32.79172853821558,28.67789138739255,21.34859952072088,124.11179566383362,4.0411306071147415,507789961.3333333,0.12456037476658821,0.006797177096207937,0.2845401763916015,27.890209674756484,6.172973419184414
Nagarjuna_Sagar,2016,10,0.1399141118714051,1.3253491629210084,-0.0147452089436574,-0.1254276680855854,34.692415496434535,26.32094835260864,19.71612925649123,32.51746463775635,1.4089469567119757,589191063.0948893,0.1275426292171081,0.0003350277741750081,0.2951410491833977,27.890209674756484,6.172973419184414
Nagarjuna_Sagar,2016,11,0.1175772743035136,1.2664874121656629,-0.0038630007725812,-0.1137659461489832,31.85824183884222,25.21381686881739,16.785286557232894,4.54431626200676,0.9627254748058578,565080222.6666667,0.09093075649191935,2.1032989025115967e-05,0.2138212203979492,27.890209674756484,6.172973419184414
Nagarjuna_Sagar,2016,12,0.105960448784274,1.2370374971447018,0.001534704614584,-0.1074776755953138,29.801681086084105,23.79400077054152,15.770289924922396,1.07139328494668,0.9135939755795428,511471315.99999994,0.06659488597263892,8.792181809743246e-05,0.2160071301203902,27.890209674756484,6.172973419184414
Nagarjuna_Sagar,2017,1,0.0991829771071003,1.2202067114330997,-0.0125957453082896,-0.0866955391069496,27.812613668908966,24.22155810393747,15.3859469451358,4.353652834892273,1.1297201039109577,574972851.3333333,0.05506246785322825,2.1855036417643228e-06,0.1843552127961189,27.890209674756484,6.172973419184414
Nagarjuna_Sagar,2017,2,0.0913140708687736,1.2009804882883506,0.0074387002410263,-0.0986857380326586,32.81699034754479,26.626550868200923,14.57036736352103,3.556012839078903,1.3180794867949317,631408347.3333334,0.057862029100457825,4.967053731282552e-08,0.1819467468867226,27.890209674756484,6.172973419184414
Nagarjuna_Sagar,2017,4,0.0848030559488354,1.1853219823340984,0.0130560773844889,-0.0977509039956708,38.178506093173496,32.72971322094952,18.92452371385366,11.886242628097534,1.156940179149791,733829085.3333335,0.07750480839361747,2.4594366550445557e-05,0.1860317088939525,27.890209674756484,6.172973419184414
Nagarjuna_Sagar,2017,5,0.0914672794551761,1.2013516462022975,0.0152852284067619,-0.106603465742164,41.54401047805527,34.32006436829931,19.60163726396462,28.956517219543457,0.8188280667950525,750471191.3333334,0.08996476015696923,1.8094976743062336e-05,0.1880445856347306,27.890209674756484,6.172973419184414
Nagarjuna_Sagar,2017,9,0.1757497569195577,1.4264475707346695,-0.0169439643139636,-0.1592801124717539,39.7458886978618,27.807987326162845,23.42242093969276,121.10524368286131,1.0455490513838814,540322149.1813965,0.12486818929513295,0.0021457523107528687,0.3496345449376989,27.890209674756484,6.172973419184414
Nagarjuna_Sagar,2017,10,0.0897258184671729,1.1971402030014342,0.0032022827405689,-0.0929014080839976,28.59038253130427,26.92278205160602,22.357497821657432,124.9087495803833,0.2169604085114552,541545652.2608236,0.12016273786624274,0.01095302402973175,0.3483822798643488,27.890209674756484,6.172973419184414
Nagarjuna_Sagar,2017,11,0.1104108625792789,1.2482288911472204,-0.0005562625987428,-0.1098613473825164,31.62618955561277,26.58253688105833,18.234661964133977,5.959719777107239,1.3109225553821442,534236421.3333334,0.10167108103632926,1.4339884122212727e-05,0.2153087615966797,27.890209674756484,6.172973419184414
Nagarjuna_Sagar,2017,12,0.0980770938976952,1.217484428511832,0.002335529924407,-0.1003896283742826,29.55063787089091,24.62926393734517,15.425708191027354,0.8555160379037261,1.176770472245387,567682652.0,0.06890263222157955,1.7384688059488931e-07,0.1849547150314495,27.890209674756484,6.172973419184414
Nagarjuna_Sagar,2018,1,0.0868065925887342,1.190116555560371,0.0016587296435389,-0.0884525860621912,29.14870181498702,24.92397023409501,14.36040244017022,4.353652656078339,0.9794902986474427,602197744.0,0.05961273579547803,2.1109978357950845e-07,0.1821895927511235,27.890209674756484,6.172973419184414
Nagarjuna_Sagar,2018,3,0.0826907582254991,1.1802898182199426,0.0099001407154054,-0.0925151613908673,33.61817279821804,29.66595695659685,15.652599281393124,9.858570158481598,1.801883965495592,715463909.7617188,0.07888556644320488,6.492435932159422e-05,0.1987025216488855,27.890209674756484,6.172973419184414
Nagarjuna_Sagar,2018,4,0.0816573222948096,1.177836278934264,0.0078559887267273,-0.0894559251347145,34.12329786238968,31.75606623755561,20.215697811268,17.107300281524658,2.2809844673276487,716147404.6666666,0.07731659524142742,1.0512769222259521e-05,0.1849097852353696,27.890209674756484,6.172973419184414
Nagarjuna_Sagar,2018,5,0.084406309674957,1.1843750357104188,0.013585970482257,-0.0978800370438176,33.66641085193157,33.053489064315784,21.39434930808233,25.019167184829712,1.806622189727844,747669486.6666667,0.09065344401945671,8.77256194750468e-05,0.1968189089101702,27.890209674756484,6.172973419184414
Nagarjuna_Sagar,2018,9,0.1371369044466985,1.3178648041697991,-0.025953110963531,-0.1115809244204036,36.3189080422793,28.26528039155187,21.952462005615303,90.64405357837676,1.3956879512593714,562655568.5625,0.127063843421638,0.0006318291028340658,0.2943428110193323,27.890209674756484,6.172973419184414
Nagarjuna_Sagar,2018,10,0.1237386290874359,1.2824240191224474,0.0004092022500221,-0.1241415455388692,31.996035445027587,28.3599623485278,19.26492818333349,71.0839524269104,0.9667976474540152,614324126.2349447,0.12405237245062986,0.0001364673177401225,0.2456907388557242,27.890209674756484,6.172973419184414
Nagarjuna_Sagar,2018,11,0.116138237172718,1.262797288121656,0.0025416577699725,-0.1186448729157053,32.40059876640464,26.71885964428941,17.887075537222415,5.201271444559097,1.228391173986905,507180090.6666666,0.07377372433741887,7.704397042592366e-05,0.2123868800975658,27.890209674756484,6.172973419184414
Nagarjuna_Sagar,2019,1,0.1027726431350932,1.2290894105017074,0.0022065959257662,-0.1049554375085983,28.417210205817923,23.42744540279483,14.7603700439563,5.9936842918396,1.184176101292573,566096276.0,0.0554650326569875,0.001848128934701284,0.2091750825177811,27.890209674756484,6.172973419184414
Nagarjuna_Sagar,2019,2,0.0893445548587306,1.1962203275353405,-0.0067656524072775,-0.0826288494593464,29.22009850154745,26.312791987827893,17.183418074108317,3.7075251936912537,1.8490801641468608,564158590.0,0.07514244535317023,9.94404157002767e-06,0.2211322633046952,27.890209674756484,6.172973419184414
Nagarjuna_Sagar,2019,3,0.0967903508767597,1.2143253251794102,0.0023171252364849,-0.0990852537318311,34.12058266984366,30.142722387553192,17.455948978000265,3.333636999130249,2.3540529693026504,722836352.7844238,0.07497639488428831,1.6192595163981118e-06,0.1827113107113855,27.890209674756484,6.172973419184414
Nagarjuna_Sagar,2019,4,0.0844197452091606,1.1844070899681995,0.005108166885453,-0.0894893216013085,37.132045471253264,32.33990501827668,19.20471295250786,22.66175091266632,2.172292689136884,726641601.3333333,0.07598990388214587,1.5027821063995361e-05,0.1855807763558847,27.890209674756484,6.172973419184414
Nagarjuna_Sagar,2019,5,0.0811172652197702,1.1765562941808263,0.0147910060935874,-0.0957933378952241,39.65384338490895,34.90946739087394,18.990655852560565,28.16723501682281,0.92630486199527,735019986.6666666,0.0832905654485027,2.4323662122090656e-05,0.1863059587376092,27.890209674756484,6.172973419184414
Nagarjuna_Sagar,2019,11,0.1414846494756474,1.3296030743986893,-0.0229922385272134,-0.1188791305624876,32.836439315404675,25.56135592284028,21.23161017100017,3.5607479214668274,0.7548668899262647,488641131.99999994,0.09839273057878017,0.0003877033789952596,0.3110804663764106,27.890209674756484,6.172973419184414
Nagarjuna_Sagar,2020,1,0.1187215470971304,1.269430273044961,-0.0089650922047082,-0.1098733986020782,31.012318269895047,24.567529871130542,18.657721777201573,7.92717719078064,1.4734479355700116,480400342.6666666,0.07076513115316631,7.457037766774495e-05,0.235735110484571,27.890209674756484,6.172973419184414
Nagarjuna_Sagar,2020,2,0.1018058411304213,1.2266900538710894,-0.0029038432099143,-0.098931244786376,32.4136806894511,25.68280938977944,17.534641132866284,4.172973811626434,2.0409711577295764,562137562.6666666,0.07295021476844947,4.355361064275106e-05,0.2006206804765138,27.890209674756484,6.172973419184414
Nagarjuna_Sagar,2020,3,0.095316980564937,1.2107190662746352,-0.0042194572451262,-0.0911341762026956,33.83053849937028,28.629345700390445,18.65568608930033,6.223771154880524,2.5282051875447977,684384756.5170898,0.08020173137386641,1.71661376953125e-05,0.1877069985994728,27.890209674756484,6.172973419184414
Nagarjuna_Sagar,2020,4,0.0863175139000122,1.188944223432485,0.0011686931875765,-0.0874773824837986,42.31492252295908,31.17754210719357,19.85213854047987,23.81330269575119,2.24895550004309,725238833.3333334,0.08223766243706146,3.0502676963806152e-05,0.187693977355957,27.890209674756484,6.172973419184414
Nagarjuna_Sagar,2020,5,0.0927331893360191,1.2044231933672358,-0.0018110683314679,-0.0909373935890117,38.28027459936129,33.25792378388002,20.72389149546205,35.65350604057312,1.062261025946442,752114690.6666666,0.08913417998701334,6.866206725438435e-05,0.1912821287749916,27.890209674756484,6.172973419184414
Nagarjuna_Sagar,2020,8,0.1703851767433677,1.4107573104215398,-0.0205775814541659,-0.1503346859645861,33.84327745999951,27.09568993216345,22.61543907794476,235.14272356033325,3.550340484530268,412810034.6666667,0.11728253308683632,0.015748806297779083,0.3692383167991501,27.890209674756484,6.172973419184414
Nagarjuna_Sagar,2020,12,0.1287070711512346,1.2954392647746942,-0.0127080999127303,-0.1161890125807812,30.63947441519616,22.88948388732036,17.572780002060767,1.0318086287006736,0.8399181638726648,535744705.33333325,0.08748739802589019,2.2624929745992026e-06,0.2790440590150894,27.890209674756484,6.172973419184414
Nagarjuna_Sagar,2021,1,0.1037072702915004,1.2314138380330923,-0.0183524471587435,-0.0855175872341557,30.2105123643866,24.33375051081396,17.425628403694418,4.664756774902344,1.4237309312962532,543642545.3333334,0.0751026797418793,2.359350522359212e-06,0.2045367251160324,27.890209674756484,6.172973419184414
Nagarjuna_Sagar,2021,2,0.10121465507824,1.2252254237346312,-0.0025943479178464,-0.098646210277091,31.21292846595651,25.06162724116496,14.660787715609104,4.829146474599838,1.231734068264328,598981881.3333334,0.07174386580785115,9.646018346150717e-06,0.1860622905549549,27.890209674756484,6.172973419184414
Nagarjuna_Sagar,2021,3,0.0928491696607809,1.204705031523944,-0.0044214903911845,-0.0884639965455029,32.9406213539545,28.685794763325816,14.951551951473334,3.379121571779251,1.47316481579614,777545331.7047526,0.0889933683599035,6.20881716410319e-08,0.1820100968883883,27.890209674756484,6.172973419184414
Nagarjuna_Sagar,2021,4,0.0932405270622463,1.2056565822470255,0.0059113262830419,-0.0990972334099977,37.7177216546234,31.16674002188222,19.238936826917893,23.58458197116852,1.6425812080453697,728282678.6666666,0.08994551779081425,2.457946538925171e-05,0.1877473760534216,27.890209674756484,6.172973419184414
Nagarjuna_Sagar,2021,5,0.1251152940810297,1.286015501778854,0.0019102938947144,-0.1269952352277908,39.23345182258822,31.69150971306697,21.276069109243338,42.78288722038269,1.341843920175778,707351311.9999999,0.10373966582119465,0.00012458115816116333,0.2097161337466223,27.890209674756484,6.172973419184414
Nagarjuna_Sagar,2021,9,0.159905717779304,1.380685171089633,-0.0249028257301747,-0.1355426369561648,28.76233175017228,27.17479784223769,22.53697770436605,161.214693069458,2.53875651624251,455127725.9667155,0.1133096336076657,0.0037371565898259487,0.3445726465295862,27.890209674756484,6.172973419184414
Nagarjuna_Sagar,2021,10,0.0662599089728835,1.1419236672166393,-0.009233366094412,-0.0570614531894804,22.22411397456676,27.24514316025602,21.620669007386823,133.24362516403198,0.6783407660650276,553828622.0288086,0.12557008769363165,0.0025936315457026162,0.3181570729901714,27.890209674756484,6.172973419184414
Nagarjuna_Sagar,2021,12,0.1031570596148851,1.2300448717823174,-0.0067151817209415,-0.0965087312679608,26.34506983208485,23.461818320435043,17.01003565634454,0.964152860455215,0.76751948386348,521209210.6666666,0.09174399077892303,4.283338785171508e-05,0.2816052453919551,27.890209674756484,6.172973419184414
Nagarjuna_Sagar,2022,1,0.0915978912950104,1.201668160866759,0.0024868471234835,-0.0940633117411819,27.80284195521336,23.53438672848506,16.05838270563379,5.858903288841248,0.7615423467708075,530204504.0,0.08045458141714333,9.548415740331015e-05,0.232800288866925,27.890209674756484,6.172973419184414
Nagarjuna_Sagar,2022,2,0.1006053692922842,1.2237179673023395,-0.0084766441145485,-0.0922073592367032,30.64364940492743,25.575706433493053,15.324643835945778,4.025148123502731,1.5711582247393758,606813085.3333333,0.07248927280306815,4.5696894327799486e-07,0.1862982643975152,27.890209674756484,6.172973419184414
Nagarjuna_Sagar,2022,3,0.0881235661520476,1.1932796218456536,-0.0060518026929017,-0.0821155562136839,34.169931477470755,29.86577283661001,15.7361464633737,3.5199983417987823,1.369979166912188,730066894.6705729,0.0860357591882348,9.288390477498373e-07,0.1820119358732708,27.890209674756484,6.172973419184414
Nagarjuna_Sagar,2022,4,0.0851342025749393,1.1861129857833883,0.0007180044362888,-0.0858469594668752,34.573066846234724,31.60067242516413,19.79073554144969,8.528374552726746,2.0493549391941697,706974358.0,0.08310467656701803,7.410844167073567e-06,0.1835158807260019,27.890209674756484,6.172973419184414
Nagarjuna_Sagar,2022,5,0.0858834455046959,1.1879048029102008,0.0010819360653645,-0.086957301463077,40.04175763363094,32.15664919097799,21.008428404066365,55.32725691795349,1.1880354790504295,684972366.6666666,0.10491147668411334,0.00013936062653859455,0.2122633329001806,27.890209674756484,6.172973419184414
Nagarjuna_Sagar,2022,6,0.0895820326082726,1.1967932000835129,0.0102974357847015,-0.0997874179696806,38.508836687755206,30.98483428248653,21.44954480771668,171.27217960357666,2.68086810996292,586043054.0,0.1013726790746053,0.0003703137238820394,0.2507076616640443,27.890209674756484,6.172973419184414
Nagarjuna_Sagar,2022,7,0.121094025049438,1.2755562676798269,-0.0127963758653319,-0.1084657238365388,29.646013622442865,27.02761361043514,22.60486563952594,330.25103759765625,3.522636828189684,422069845.3333334,0.1125972168520093,0.011200323700904846,0.36281004601482,27.890209674756484,6.172973419184414
Nagarjuna_Sagar,2022,9,0.1584840329784306,1.3766631631230082,-0.0285725397385327,-0.1305024463362119,35.94067847595363,27.294531864590112,22.48258207109245,170.29085111618042,1.9439110822265764,496353618.5416667,0.12026366001615922,0.009256020188331606,0.334731207953559,27.890209674756484,6.172973419184414
Nagarjuna_Sagar,2022,11,0.1423768506532275,1.3320266034368873,-0.026526716440338,-0.1162893346492128,31.631103751992555,24.24635830631968,18.543195562009487,8.307713508605957,0.6331445304018055,502815953.33333325,0.09356954228132962,0.00013341009616851807,0.2731012485645435,27.890209674756484,6.172973419184414
Nagarjuna_Sagar,2022,12,0.0930198195109647,1.2051198504928946,-0.0335110609407793,-0.0596948388945924,26.61948740921332,24.220240461014555,19.03878270904653,3.5058856392279267,0.7322074366311745,467849938.6666667,0.08020426519215107,0.00045622636874516803,0.2787095004939691,27.890209674756484,6.172973419184414
Nagarjuna_Sagar,2023,1,0.1089851237450143,1.2446314346693927,-0.0125558403909315,-0.096561417980944,29.10587910591471,23.642770583997105,15.722931729935397,4.353678166866303,1.2425739757060308,580571978.6666667,0.07675206133474906,1.8134713172912598e-05,0.2088530072174619,27.890209674756484,6.172973419184414
Nagarjuna_Sagar,2023,2,0.0943377767050508,1.2083288322700143,-0.00464065797645,-0.0897364043712754,30.87400756621429,26.25525110184208,13.499783581022257,3.5560137033462524,0.664787874256995,633791914.6666666,0.07106529114147028,8.19563865661621e-08,0.1830117210509285,27.890209674756484,6.172973419184414
Nagarjuna_Sagar,2023,3,0.0889334125775898,1.1952292265029725,0.0023109500116804,-0.0912256138399165,31.901113436348,27.598734956146643,17.31051668009883,53.964223861694336,1.6981252985531436,694849503.7955729,0.09878240215281646,0.00557565192381541,0.237456318298121,27.890209674756484,6.172973419184414
Nagarjuna_Sagar,2023,4,0.0982787629396053,1.2179803666596418,0.0002184599535017,-0.0984951082056965,37.42656260447336,30.993701510959227,18.556095200997788,35.24346482753754,1.6094396114050753,711229107.3333334,0.1029659534494082,0.00010389586289723715,0.2032176194367585,27.890209674756484,6.172973419184414
Nagarjuna_Sagar,2023,5,0.1131685604834354,1.2552200010976755,-0.0036688139204162,-0.1095452291276102,37.4998509441042,32.34913139069812,20.380999364818702,69.32093143463135,0.5552080614144079,695542699.3333334,0.11375725207229453,0.001111552119255066,0.2245903835501722,27.890209674756484,6.172973419184414
Nagarjuna_Sagar,2023,6,0.1184768369400987,1.26880028093385,0.0057708123108857,-0.1241627582308898,36.53340113739921,32.74354253698283,20.2908002146969,83.43076437711716,3.246575654868115,621472610.6666666,0.09965572102616231,0.00010670969883600871,0.2095935327035409,27.890209674756484,6.172973419184414
Nagarjuna_Sagar,2023,9,0.1618323680873397,1.386157522494744,-0.0126785737194024,-0.1494604578748047,32.66591483031124,28.01390267831312,23.049782258493,122.12598896026611,2.579880278931659,508201651.7291667,0.12668746647735438,0.008230547110239666,0.3369243833753798,27.890209674756484,6.172973419184414
Nagarjuna_Sagar,2023,10,0.1596007339460764,1.3798212121138045,-0.0220499174960241,-0.1380365924818755,35.56091448259258,28.619646634337755,19.041441525695177,46.33102703094482,0.4008416760359727,611104458.0872396,0.12748795716712874,1.9783775011698406e-05,0.230198726859144,27.890209674756484,6.172973419184414
Nagarjuna_Sagar,2023,11,0.1401375685653547,1.3259534628848502,-0.0101609082120464,-0.1301620012772351,21.20978457233696,26.28240617116296,20.85068098704022,28.989136159420013,1.3172906346358215,440540896.0,0.08266143283496301,0.00032480061054229736,0.2648277282714844,27.890209674756484,6.172973419184414
Nagarjuna_Sagar,2023,12,0.1237567468647349,1.2824712120108746,-0.0164591970745761,-0.1075165542037639,29.16490366793528,23.764667936208863,18.44039410553524,6.799746856093407,1.016746012544728,462752863.99999994,0.08181836642324924,0.004545348385969798,0.2852195411600092,27.890209674756484,6.172973419184414
Nagarjuna_Sagar,2024,1,0.0962865941998511,1.21309099451634,-0.006876431308755,-0.0894694013109664,30.311555511250617,24.77470516355237,17.66676844798542,4.353653192520142,2.094859102758486,529927524.0,0.06834922668834527,4.999339580535889e-06,0.197384297634111,27.890209674756484,6.172973419184414
Nagarjuna_Sagar,2024,2,0.0927851936559038,1.2045495576286076,-0.0020410699264335,-0.0907613122037438,30.09801476304392,27.35195657430484,17.924171862839785,3.764682710170746,2.4291783010065315,591297271.3333334,0.06670060567557812,4.564722379048666e-06,0.1836275926494963,27.890209674756484,6.172973419184414
Nagarjuna_Sagar,2024,3,0.0829190816612032,1.1808326397443818,0.0021960824118522,-0.0850996676672269,34.38029116757781,29.437178261049382,18.79121408633437,3.147962599992752,2.7020418313038825,684007573.8307291,0.0779721587896347,1.1771917343139648e-05,0.1846577429002331,27.890209674756484,6.172973419184414
Nagarjuna_Sagar,2024,4,0.0849306191818488,1.1856266223352672,0.0086862082726749,-0.093547814888394,40.02856891650868,32.64936823668302,19.50334151232687,6.571786463260651,2.285299443241912,727179742.6666666,0.08419939751426378,1.5427668889363606e-05,0.1853764216105143,27.890209674756484,6.172973419184414
Nagarjuna_Sagar,2024,5,0.0969380936310018,1.21468759328088,0.0136113236518197,-0.1104037444255847,34.25083278660543,32.46274235906566,23.138221858308327,59.024643421173096,0.9625508805921412,670849405.3333333,0.1172909972568353,0.0013326009114583335,0.2437782287597656,27.890209674756484,6.172973419184414
Nagarjuna_Sagar,2024,6,0.1419719582338774,1.330926150016378,0.0030445758383172,-0.144953878570829,41.768185564533496,30.03223622639979,22.763823240774684,145.7127809524536,2.6564413207617554,483850481.3333333,0.10796353189895551,0.0004907324910163879,0.2794391561437536,27.890209674756484,6.172973419184414
Nagarjuna_Sagar,2024,9,0.1396375657058462,1.3246017262955132,-0.0095965797363836,-0.1302154803167136,17.039153776772707,26.979145862438088,22.48912905940307,170.8104178905487,2.8886166119922025,460833820.3958333,0.11534699921806651,0.04273758828639984,0.3574082551179108,27.890209674756484,6.172973419184414
Nagarjuna_Sagar,2024,10,0.155895038419748,1.3693735862608754,-0.0374931228576794,-0.1190980426481222,32.38237304268898,26.77415594969176,22.91858526250371,166.17142152786255,0.2373886711212388,518157025.7487793,0.11420959699898958,0.001613462964693705,0.3476912659128934,27.890209674756484,6.172973419184414
Nagarjuna_Sagar,2024,11,0.1495994101764323,1.351832799663203,-0.0205937339466282,-0.129404346492981,30.77254643494961,25.267409472995325,18.60422501034208,8.231646180152893,1.1052016120892996,502875488.0,0.09938799248387417,6.696581840515137e-05,0.2553087870279947,27.890209674756484,6.172973419184414
Nagarjuna_Sagar,2024,12,0.1215273976471817,1.2766788567376928,-0.0140450432802209,-0.107666125106521,9.087282883279729,24.16809729572697,19.15288986835003,3.0201850682497025,0.804893649454132,415363782.6666667,0.07177405587087075,0.0005102083086967468,0.2837493650374874,27.890209674756484,6.172973419184414
Nagarjuna_Sagar,2025,1,0.1189051325845072,1.2699031329811068,-0.030389773227608,-0.0888363695796938,27.06880191238065,23.499625422706742,16.145998426321228,4.353676080703735,0.9598782261135684,585350562.6666666,0.07245887691775957,2.558032671610514e-06,0.2068019716543108,27.890209674756484,6.172973419184414
Nagarjuna_Sagar,2025,2,0.0931985705396283,1.2055545293859755,-0.005050606163221,-0.0881894759806885,31.450927506976825,26.88973387914996,16.03613649549942,3.556013584136963,1.1697388768206076,619932980.0,0.06881303961078326,5.066394805908203e-07,0.1828012315053788,27.890209674756484,6.172973419184414
Nagarjuna_Sagar,2025,3,0.0877397183308909,1.1923567650459554,-0.0039984153156421,-0.0837706914352757,34.454382960537146,28.88423634737626,17.033707151788974,6.347134411334992,1.601519706354946,757375902.0930177,0.0827866562952598,3.7352244059244794e-06,0.182511483469317,27.890209674756484,6.172973419184414
Nagarjuna_Sagar,2025,4,0.089669400295055,1.197004034191795,-0.0062670410775042,-0.0834492545120805,34.860626169974125,31.230907687434467,20.73834309048124,26.01809632778168,1.700056146942786,727515281.3333334,0.09283145579198997,7.055699825286865e-05,0.2001128373322663,27.890209674756484,6.172973419184414
Nagarjuna_Sagar,2025,5,0.088383491821458,1.1939049831338682,0.0001575761515876,-0.0885398348672105,36.31047709007072,30.97350381830688,21.872969707366,126.21578049659728,1.1327664734193177,629209218.0,0.10205288665990035,0.0013159985343615213,0.2421701014255537,27.890209674756484,6.172973419184414
Nagarjuna_Sagar,2025,6,0.1107384614494474,1.2490571258258736,0.0049864563124956,-0.115661050597246,37.98165504337862,29.96638561531347,21.73182964324951,46.46666353940964,3.611670006039334,545931290.0,0.11868106791128713,0.0003329018751780192,0.2621519300672743,27.890209674756484,6.172973419184414
Nagarjuna_Sagar,2025,7,0.1416651945202292,1.3300930909845716,-0.0048336371726505,-0.1369253180751135,28.58437616552942,28.29001675677557,21.866535420571665,120.8608536720276,4.278341811754007,465626088.0,0.1128324152280887,0.0008503620823224385,0.3010592922087638,27.890209674756484,6.172973419184414
Nagarjuna_Sagar,2025,9,0.1378555109540029,1.3197967688839407,-0.0269385760302897,-0.1113303748732341,34.44973391691349,26.85484075193051,22.23153019657844,166.08935737609863,2.9017053092275003,495082225.4583334,0.12459568120539188,0.0034479970733324685,0.3536074532402886,27.890209674756484,6.172973419184414
Nagarjuna_Sagar,2025,10,0.1768253696156825,1.4296181225437612,-0.0256773454291208,-0.1518374277692446,20.14281610175101,26.024092316712995,22.47256551899796,230.11170864105225,0.4382270388789654,453502248.6101074,0.10370891075581312,0.02830857783555985,0.3538224825295068,27.890209674756484,6.172973419184414
Nagarjuna_Sagar,2025,11,0.1444786153247304,1.3377557076017923,-0.0172109500099763,-0.127584919791313,29.08985637798696,24.0063030454848,18.15913417957449,13.058410108089449,0.948355339735248,528769201.3333333,0.10172044578939675,0.00010690341393152872,0.2857661353217231,27.890209674756484,6.172973419184414
Nagarjuna_Sagar,2025,12,0.1135276184169092,1.2561334583581003,-0.0087005228009577,-0.1049307409167378,28.21570322497689,22.590806463371507,14.979534369301176,1.003319315612316,0.7059172202136761,539158353.3333334,0.07767072847733894,3.4843881924947105e-05,0.2269835455015996,27.890209674756484,6.172973419184414
Nagarjuna_Sagar,2026,1,0.1036264587336753,1.231212667404886,-0.0198436435663312,-0.0839554549952065,28.59342797631558,23.70555055406362,14.98153644958279,4.3870410323143005,1.430993579828654,563342671.9999999,0.07063978662093481,2.476076285044352e-05,0.1948865596538803,27.890209674756484,6.172973419184414
Nagarjuna_Sagar,2026,2,0.0956584236156895,1.2115537449868132,-0.0017688818626521,-0.093905431345573,29.149108026095465,25.557388832455672,14.946259056575798,5.124185681343079,1.2790611579797608,596613819.3333333,0.06424766996254523,3.7302573521931968e-06,0.1832293555850074,27.890209674756484,6.172973419184414
Nagarjuna_Sagar,2026,3,0.0859649303918175,1.188099851417447,-0.0100417259386314,-0.0759888007422014,30.88689081704325,29.014147496650708,16.84415115301755,6.073979020118713,1.6187935111739356,726828162.0247396,0.08092468418180943,1.0425845781962078e-05,0.1847906557035275,27.890209674756484,6.172973419184414
Nagarjuna_Sagar,2026,4,0.0914651541314776,1.2013464966091436,0.0020554424239561,-0.093503017861088,36.14400966664772,32.3713933944702,19.59189975879815,12.74809867143631,1.7532104561730892,732074506.6666666,0.08415429604550202,1.1444091796875e-05,0.183796755472819,27.890209674756484,6.172973419184414
Nagarjuna_Sagar,2026,5,0.0949352775249584,1.2097867150657315,0.0130747418401297,-0.1078761176760713,27.359019506144875,,,,,,,,,27.890209674756484,6.172973419184414
Neyyar_Dam,2016,1,0.2699061441658218,1.739373827101824,-0.0238063006797719,-0.2476913762062882,30.96816349372768,25.620199724423003,19.73051670853812,4.476143389940262,0.764382703018053,659421668.0,0.11222430784255266,3.482401371002197e-05,0.2860202174032888,30.440549828178696,5.4646342660775655
Neyyar_Dam,2016,2,0.2589079084897639,1.698719933610809,-0.0087166100592584,-0.2507572071148676,34.0955427604182,27.05916048685713,20.193382977891247,27.04924058914184,0.3826672776908471,652797590.0,0.082456992007792,8.94889235496521e-05,0.2763502405977797,30.440549828178696,5.4646342660775655
Neyyar_Dam,2016,3,0.2930274684045542,1.828964225083174,-0.0240851911016293,-0.2708538616311772,22.571288991631548,28.29777117493336,22.354395413142413,6.952858746051788,0.5784584668391379,751424158.5644531,0.09468881133943796,0.00025537610054016113,0.3022016094576928,30.440549828178696,5.4646342660775655
Neyyar_Dam,2016,4,0.3235327719725057,1.9565364250265087,-0.0340084804223959,-0.2927453267938992,37.651224188235176,28.185560480753622,24.35537804497613,62.318610072135925,1.4313557412933335,697240610.0,0.11807266063988209,0.0005134642124176025,0.3678399615817599,30.440549828178696,5.4646342660775655
Neyyar_Dam,2016,8,0.3548867443710358,2.1002308238885368,-0.0313029365339127,-0.3272188814870556,34.33484556290449,25.02391040760984,22.401733796314545,45.71509009599686,3.950223296057502,639323620.0,0.13808116782456636,0.0006338730454444885,0.4033525938628822,30.440549828178696,5.4646342660775655
Neyyar_Dam,2016,9,0.2399163203789927,1.631289229887477,-0.0149987653949135,-0.2257298321835305,18.882333935285143,25.14235104454889,22.1381405512492,30.267559230327603,3.7614882959868328,614136968.5625,0.1107541723176837,0.00028321146965026855,0.3523696687486436,30.440549828178696,5.4646342660775655
Neyyar_Dam,2016,10,0.2602134794253934,1.7034826188054375,-0.0151219654659643,-0.2460597441042636,31.2600772306534,25.48680384236002,22.052634667837538,85.39933598041534,2.4106422895092283,632173820.4282227,0.1099626375362277,0.009026490151882172,0.378792978102161,30.440549828178696,5.4646342660775655
Neyyar_Dam,2016,12,0.2863786136952807,1.802606589968412,-0.0234951065390023,-0.2646642998495503,29.923782244454856,25.55052343799224,20.74228375752768,29.37790840864181,0.4935160884850786,583727052.0,0.11981838941574097,0.00035993754863739014,0.3565611480384744,30.440549828178696,5.4646342660775655
Neyyar_Dam,2017,1,0.2795183118025672,1.775920655254658,-0.0178070745976389,-0.2630203958251828,33.44237516908714,25.65908785584156,19.50866129885441,12.590250797569754,0.3283908294819886,606346418.0,0.08828873466700315,0.00032819807529449463,0.3069947150445754,30.440549828178696,5.4646342660775655
Neyyar_Dam,2017,2,0.2364649968304979,1.619395301718744,-0.006447714123409,-0.2303685160692637,34.70944274424005,26.37064305260072,17.87644995280675,15.06303358078003,0.455586349279739,664786914.0,0.0651891827583313,4.232674837112427e-05,0.2793501899355933,30.440549828178696,5.4646342660775655
Neyyar_Dam,2017,3,0.2405432741141725,1.6334614360906576,-0.0134589249872791,-0.2278219120606119,35.51442584579081,26.40986207531347,22.71229789897961,65.3140669465065,0.4743723233622349,674230706.2438965,0.14486035332083702,0.005939558148384094,0.4324516378423219,30.440549828178696,5.4646342660775655
Neyyar_Dam,2017,4,0.2949518651461856,1.8366857539658368,-0.0204068949670983,-0.2762074772736698,32.14473298544317,27.27551581064864,23.62700309753421,52.659913033246994,2.4038262315896497,719113074.0,0.15131809189915657,0.0012155547738075256,0.4126751793755425,30.440549828178696,5.4646342660775655
Neyyar_Dam,2017,5,0.3223753695455382,1.9514865754786133,-0.0219483693261618,-0.3025678534601609,41.94389825126689,26.372126700288504,24.141959844609744,225.16944789886475,2.43893224738407,609946180.0,0.13770475704222918,0.006367623805999756,0.457568609586326,30.440549828178696,5.4646342660775655
Neyyar_Dam,2017,8,0.214606584072888,1.5464944821814104,-0.0121561265964661,-0.202979988586248,-19.821586610889028,24.955839780581925,22.723736391785337,175.66381299495697,3.410197992990784,560631696.0,0.1273130290210247,0.004124842584133148,0.436216559461368,30.440549828178696,5.4646342660775655
Neyyar_Dam,2017,10,0.3440064305285031,2.048810374179896,-0.0324404988011647,-0.3150821668501419,32.78889906515741,25.12623082232733,23.004354095459007,186.4842879772186,1.7751704302089872,545269306.9274902,0.130514913238585,0.02867583930492401,0.4735453205723916,30.440549828178696,5.4646342660775655
Neyyar_Dam,2017,11,0.1700338562256927,1.4097368489091768,-0.016852490109176,-0.1536215677788643,25.17097548607649,24.874389817979647,22.37340346442329,286.712837100029,0.5545654054449319,468187632.0,0.11237485334277153,0.07321570813655853,0.4646955913967556,30.440549828178696,5.4646342660775655
Neyyar_Dam,2017,12,0.2936288866976697,1.8313728610020188,-0.0259236741365508,-0.2697585987145946,31.63079944194488,24.77635997649162,20.894075791553803,51.1358430981636,0.5826935613364012,572591480.0,0.1227739118039608,0.004603169858455658,0.4025951713644048,30.440549828178696,5.4646342660775655
Neyyar_Dam,2018,1,0.2739850532036147,1.7547642219009447,-0.0200252950855375,-0.2553608288958318,32.11968188618124,25.07449911794356,19.171189080515266,5.220879703760147,0.3237091006283555,642423164.0,0.09931738395243883,0.0001451745629310608,0.2962859369093372,30.440549828178696,5.4646342660775655
Neyyar_Dam,2018,2,0.2672516083968635,1.7294498669922964,-0.0170184593000959,-0.2513764621918238,33.046757812105284,26.394918537139915,18.65141076587497,13.72575679421425,0.4863668747471377,661250644.0,0.07953240908682346,0.0001453980803489685,0.2872523126148042,30.440549828178696,5.4646342660775655
Neyyar_Dam,2018,3,0.3159951600290959,1.9239559183310384,-0.0277791558239467,-0.290768392060314,32.732896950742656,27.06229169702021,21.588088402696883,24.83979022502899,0.3583608493431155,707887593.7617188,0.11025490704923868,0.0019122883677482605,0.3443876286988617,30.440549828178696,5.4646342660775655
Neyyar_Dam,2018,4,0.3244190464829992,1.960415017013458,-0.0290232363062197,-0.2982036030533426,35.81215236663661,27.289350742763983,23.431666416592066,84.52695378661156,0.79357210366773,675234292.0,0.13137012720108032,0.003333441913127899,0.4068706512451172,30.440549828178696,5.4646342660775655
Neyyar_Dam,2018,7,0.3367452517312376,2.015432615025268,-0.0274249639079792,-0.312203558359764,26.303780649258783,24.61801507190995,22.52711052843324,246.5277442932129,4.043923978060774,570405324.0,0.13212415762245655,0.004311293363571167,0.455648442750336,30.440549828178696,5.4646342660775655
Neyyar_Dam,2018,9,0.3204822422084533,1.9432637735620928,-0.0273739426462738,-0.2957024565596237,36.63885859788081,25.529178322686107,21.985779062906943,158.75877755880356,2.526633377173133,658749668.5625,0.12054919730871916,0.005446381866931915,0.3399501588609483,30.440549828178696,5.4646342660775655
Neyyar_Dam,2018,11,0.2957069521587386,1.8397270229064853,-0.0390581575821857,-0.2596476650607335,33.62260539531758,24.9742895126343,22.457638507419176,248.07866221666333,0.4489568700409733,458965300.0,0.10898141097277403,0.012945204973220825,0.4696995629204644,30.440549828178696,5.4646342660775655
Neyyar_Dam,2018,12,0.2427112719871435,1.6410006197346252,-0.0224413484882507,-0.2214762533206608,28.95928578332212,25.267009661274585,21.63696529839632,21.220573365688324,0.4773019680047052,567083472.0,0.12480446510016918,0.002806626260280609,0.4033870491930234,30.440549828178696,5.4646342660775655
Neyyar_Dam,2019,1,0.2594135373904302,1.700562460934938,-0.0155039893727399,-0.2448945001612474,31.897330859234216,25.0321861061999,17.420857940181634,6.4147218093276015,0.683078447089675,692907512.0,0.10396867245435715,1.636892557144165e-05,0.2763531797675676,30.440549828178696,5.4646342660775655
Neyyar_Dam,2019,2,0.2849951553482368,1.7971838442214785,-0.0239422967392495,-0.2628463747023755,32.576661377393066,26.47418347313294,20.74486303783601,13.46070995926857,0.4386764787940019,613814440.0,0.10209411382675171,0.004058025777339935,0.3303846404665992,30.440549828178696,5.4646342660775655
Neyyar_Dam,2019,3,0.3085899575484668,1.8926395007347567,-0.0235865258643813,-0.2870930571660829,33.487921063523686,27.764411175635587,21.408058913036086,6.2880698293447495,0.6538690107225196,774257940.7844238,0.101251938380301,0.0002741888165473938,0.3104435500278267,30.440549828178696,5.4646342660775655
Neyyar_Dam,2019,4,0.3196960397887719,1.939862351204039,-0.0212967181614194,-0.3004448936120468,38.81595619964139,27.730426936679464,23.808155335320407,128.7402317225933,1.3277207716529753,666246290.0,0.11870759725570679,0.009027376770973206,0.3911863327026367,30.440549828178696,5.4646342660775655
Neyyar_Dam,2019,5,0.0605422685002134,1.1288876901434648,0.00561684601852,-0.0661366243231453,19.17812060201669,27.15330262132875,23.97126461152112,180.4296160340309,2.61276660432827,667298480.0,0.13580781500786543,0.0008233338594436646,0.4052092029202369,30.440549828178696,5.4646342660775655
Neyyar_Dam,2019,6,0.2682042489813014,1.7330030233379925,-0.0212132096759253,-0.2484043290208755,29.164573338452897,25.85091419219976,23.755548731486044,279.0053672790527,3.1612487813675783,569971872.0,0.13574193697422743,0.003877893090248108,0.4626312679714627,30.440549828178696,5.4646342660775655
Neyyar_Dam,2019,7,0.3238332298699372,1.957850175948892,-0.0229514265990673,-0.3031348330945546,14.943227171471564,25.125951877717057,22.87650096852292,122.7456750869751,3.156955037114648,534454758.0,0.12607872113585472,0.00888139009475708,0.4683463599092217,30.440549828178696,5.4646342660775655
Neyyar_Dam,2019,11,0.278701218659749,1.7727760696944257,-0.0256146304807107,-0.2549063207451582,31.540530984998327,25.409939002990768,22.89143818749324,192.26284039020533,0.5482132618476767,503087816.0,0.12130734883248806,0.023447483777999878,0.4708667543199327,30.440549828178696,5.4646342660775655
Neyyar_Dam,2019,12,0.2845874058476477,1.7955895889275968,-0.0172446358098282,-0.2686612536639153,31.128148046669253,24.94045529109178,21.66528598006056,86.62118315696716,1.3166951099798003,486917744.0,0.11614489555358887,0.004674740135669708,0.432365253407468,30.440549828178696,5.4646342660775655
Neyyar_Dam,2020,1,0.2752720363643828,1.7596561749417623,-0.0198075802110972,-0.2568650056458434,33.300670980282575,25.610007714712538,20.12761810056628,12.359128668904305,0.8686961505632534,657835208.0,0.11563205905258656,9.529292583465576e-05,0.3058186602848832,30.440549828178696,5.4646342660775655
Neyyar_Dam,2020,2,0.2933185066949147,1.8301293000417789,-0.0202334274827096,-0.2747154712318515,35.27142630783976,27.20711775154905,19.489824023192,19.991948127746586,0.790338819755756,670454616.0,0.07426060549914837,2.2687017917633057e-05,0.2569281917878951,30.440549828178696,5.4646342660775655
Neyyar_Dam,2020,3,0.3121022724478322,1.907408935797548,-0.0177041582254003,-0.2960338516420727,35.354481136934226,27.947746203022632,22.019733888359497,20.67219226062297,0.3920115770770231,742675444.5170898,0.0985194779932499,0.00034661591053009033,0.317400142710696,30.440549828178696,5.4646342660775655
Neyyar_Dam,2020,4,0.3371057255870014,2.0170723706597498,-0.0251069733151162,-0.3146619580889118,39.004075942019085,27.79050778283016,23.542465146382654,116.8841106891632,0.7590046081196933,693806306.0,0.12424394208937883,0.0023162811994552612,0.3933779822455512,30.440549828178696,5.4646342660775655
Neyyar_Dam,2020,6,0.2821672867983616,1.78616446870986,-0.023784169629695,-0.2601288718417896,23.64434429341821,25.56354556613502,23.361814011467857,390.7779836654663,2.8178065766749927,540900036.0,0.1303540151566267,0.014121763408184052,0.4581751505533854,30.440549828178696,5.4646342660775655
Neyyar_Dam,2020,7,0.3531389164465493,2.091853955741547,-0.0277641467452285,-0.3285965274435466,36.5816789612295,25.326692814980788,22.71772077827046,200.19822120666504,2.7121292043319807,559930248.0,0.13392455969005823,0.015883050858974457,0.4714351982198735,30.440549828178696,5.4646342660775655
Neyyar_Dam,2020,10,0.3045140244615957,1.875687030858844,-0.0202818896235381,-0.2859984958202869,19.32316297692012,25.090026002289164,22.60306697558332,125.1697587966919,2.461828467974021,621443029.3293457,0.1417854204773903,0.010223284363746643,0.4470573343256468,30.440549828178696,5.4646342660775655
Neyyar_Dam,2021,1,0.2378651129823715,1.6242073864724411,-0.0233417174787234,-0.2157211180380227,26.272755140489835,24.6576297390846,21.109642180576145,66.1365312486887,0.9335118954206894,507252392.0,0.11823626235127449,0.023959681391716003,0.4307731300271967,30.440549828178696,5.4646342660775655
Neyyar_Dam,2021,2,0.2682717944205877,1.733255305385308,-0.0165855574139171,-0.2528111041504122,33.55972148894847,25.7681072371347,19.184026609148304,15.908572942018507,0.4415544177185059,654970224.0,0.12198770698159933,0.00013297051191329956,0.2952989850725446,30.440549828178696,5.4646342660775655
Neyyar_Dam,2021,3,0.2891856240423302,1.8136741006474848,-0.0233601942613784,-0.2676334091726161,32.60029404909278,27.042731857299827,21.08637708028158,36.92826370894909,0.1341280620228753,735801111.0380859,0.13978859595954418,0.0017177537083625793,0.3629766689833774,30.440549828178696,5.4646342660775655
Neyyar_Dam,2021,4,0.3053817275265655,1.879279280803097,-0.0287721356119188,-0.2790615619974872,25.74166427076432,26.567378404405417,23.40731790330676,143.50138646364212,1.4418732421505138,668798650.0,0.1439666859805584,0.018614545464515686,0.4389845742119683,30.440549828178696,5.4646342660775655
Neyyar_Dam,2021,7,0.0247265895819321,1.050706990096926,0.003515465666978,-0.0282396005081732,11.156716595179605,25.11202753538732,22.672230000649733,170.09832620620728,3.523987552263781,563371532.0,0.13409933634102345,0.01343393325805664,0.4595631835281208,30.440549828178696,5.4646342660775655
Neyyar_Dam,2021,11,0.2863626825304128,1.802544024871896,-0.0336510636335295,-0.2551705466110409,37.24985227465322,24.46052178276909,22.62132373385964,422.3672819137573,1.0511388177245462,375296432.0,0.09533113520592451,0.07698841392993927,0.4800635655721029,30.440549828178696,5.4646342660775655
Neyyar_Dam,2021,12,0.28612290639345,1.801602709922908,-0.0361187293338375,-0.2526147983740379,31.20371017057608,24.908869556714137,20.809919098884848,51.54996925592423,0.7818541067409736,596856352.0,0.12526657059788704,0.002518787980079651,0.3882642151207052,30.440549828178696,5.4646342660775655
Neyyar_Dam,2022,1,0.2445174075501093,1.6473144715543595,-0.0159630955103927,-0.2294499135000388,27.400078209994888,26.161336353260992,20.272384651758387,6.185923606157303,0.5082542655277875,625099996.0,0.09185159672051668,6.128102540969849e-05,0.2756873510217154,30.440549828178696,5.4646342660775655
Neyyar_Dam,2022,2,0.3028445376043398,1.8688005873572715,-0.0298344289205983,-0.2754992982437187,33.430495039365724,26.374641127813447,20.38781716028853,34.14558321237564,0.2255166648526752,600693682.0,0.09521859418600798,0.0004635453224182129,0.3303483554295131,30.440549828178696,5.4646342660775655
Neyyar_Dam,2022,3,0.309279400271198,1.895526788668618,-0.0245535341829357,-0.2869045915334307,33.138458136490726,27.11699441479101,21.52992639028901,22.2869493663311,1.001216677325777,729965784.0039062,0.10240346752107143,0.0003449767827987671,0.323362309445617,30.440549828178696,5.4646342660775655
Neyyar_Dam,2022,4,0.3430308636484817,2.044283040611331,-0.0286536622479455,-0.3174979171643202,36.86174196205104,26.38357986874053,23.896413167317743,299.3345904350281,0.9154894377399326,612260492.0,0.13605734426528215,0.02905060350894928,0.4594572491115994,30.440549828178696,5.4646342660775655
Neyyar_Dam,2022,6,0.1659458660093347,1.397925888132321,-0.0103960212242432,-0.1558186595129371,23.482197396325205,25.29774299197732,23.00884746975373,143.26018404960632,2.976136469580647,582538084.0,0.1374079715460539,0.0018375217914581299,0.466479131910536,30.440549828178696,5.4646342660775655
Neyyar_Dam,2022,9,0.3340592556434157,2.003270211274355,-0.031846829513972,-0.3054621549598525,32.39231695745548,24.847401873270712,22.45928291744656,111.81542724370956,2.74972785222931,629061387.875,0.1382409082725644,0.011025235056877136,0.4305390463935004,30.440549828178696,5.4646342660775655
Neyyar_Dam,2022,10,0.3296056716777227,1.983318795379999,-0.0301723186213214,-0.3024411201198555,32.321383993692905,24.81671227485907,22.42453563649167,199.76797330379483,1.664549243859161,549891023.3046875,0.12173369619995356,0.018076442182064056,0.4373673059607065,30.440549828178696,5.4646342660775655
Neyyar_Dam,2022,11,0.2859103269958751,1.80076869279756,-0.0315187868917355,-0.2567048478198437,27.69401300020797,24.551613659328893,22.07763657040067,209.00649932026863,0.3549072250566086,502801880.0,0.11666285526007414,0.020153172314167023,0.4625125885009765,30.440549828178696,5.4646342660775655
Neyyar_Dam,2022,12,0.2877278153916062,1.8079153492419435,-0.0313430760257735,-0.2587179287409779,31.68506175779657,24.74964409284695,21.48358155117245,109.67124795913696,0.56294167764445,512457860.0,0.11951687559485435,0.007365718483924866,0.4493028784310945,30.440549828178696,5.4646342660775655
Neyyar_Dam,2023,1,0.2719961673577906,1.747238284091474,-0.0220620218194237,-0.2514430010225668,31.20386674734073,24.628866819156144,18.693040691909005,9.207073107361794,0.6443125542542352,639320960.0,0.11662298440933228,0.0009241625666618347,0.3163603300689369,30.440549828178696,5.4646342660775655
Neyyar_Dam,2023,2,0.2715971760579905,1.7457334516858305,-0.0227484593110599,-0.2503957662833241,31.997135620820018,25.186044016338546,18.51257674353468,25.85827007889748,0.3400227858237155,648438960.0,0.10766738094389439,0.0034988820552825928,0.327186039515904,30.440549828178696,5.4646342660775655
Neyyar_Dam,2023,3,0.2729522073792539,1.750850797291769,-0.0224713496850256,-0.2520266897323189,34.58682967450545,27.38492814751084,21.09026333388465,30.55258397758007,0.4913461648016501,734303787.1289062,0.09814773220568895,0.00031212717294692993,0.3094647315240675,30.440549828178696,5.4646342660775655
Neyyar_Dam,2023,4,0.3304537205298619,1.9870974738038256,-0.0322552781853554,-0.3014111465868807,36.19781363041352,27.015468004014792,23.34852051205109,137.33959251642227,0.7464921161423049,670240442.0,0.13144042249768972,0.012635976076126099,0.4123416052924262,30.440549828178696,5.4646342660775655
Neyyar_Dam,2023,5,0.347175084685802,2.063608561933364,-0.0351625898414405,-0.315868483075111,31.87878027093712,26.610295355191795,23.997620703584403,452.0473551750183,1.924746294999512,620061954.0,0.14526554383337498,0.03003767877817154,0.4581429881434287,30.440549828178696,5.4646342660775655
Neyyar_Dam,2023,6,0.1858067164454039,1.4564191825169843,-0.0164208476441429,-0.1699042643447827,1.1437783030203832,26.033108690049914,23.24285009172229,440.200532913208,3.08473985766804,596601916.0,0.13689612317830324,0.0009788572788238525,0.4323154025607639,30.440549828178696,5.4646342660775655
Neyyar_Dam,2023,7,0.3042291215776733,1.8745095002179983,-0.0237371333861897,-0.2825323029128243,32.78488411637534,25.2035022735596,22.89673910653721,134.27497434616092,3.6077040839816106,555973846.0,0.1314468365162611,0.011080630123615265,0.4553690879575668,30.440549828178696,5.4646342660775655
Neyyar_Dam,2023,8,0.3302134274542923,1.9860258207304025,-0.0217462720117678,-0.3106982519423501,33.85436969709849,26.060757778536924,22.533584787512385,49.27251023054123,2.948427659664132,697440944.0,0.1369530512019992,0.0015304908156394958,0.3606575176280032,30.440549828178696,5.4646342660775655
Neyyar_Dam,2023,10,0.2777761789064411,1.7692246386607546,-0.0381904103258697,-0.2421546385184926,34.523708846696536,25.03753662929745,23.280431571058045,315.22781348228455,0.7246059705918436,513938642.75390625,0.12275561410933733,0.05031205713748932,0.477056400750273,30.440549828178696,5.4646342660775655
Neyyar_Dam,2023,11,0.3412911015130976,2.036242571785703,-0.0261771616832349,-0.31795455611858,36.43759674186299,25.36783368852406,23.149948565165232,312.7300124168396,0.3546523279626448,430610838.0,0.10533239040523767,0.03747329115867615,0.4707025316026476,30.440549828178696,5.4646342660775655
Neyyar_Dam,2023,12,0.3114481335117346,1.904646835394331,-0.0338398142455293,-0.2805652942543437,34.549282565920066,25.457012246244744,22.334467701245387,101.23923093080522,0.9504946312283016,463863736.0,0.11309966165572405,0.18291079998016357,0.4451101774810463,30.440549828178696,5.4646342660775655
Neyyar_Dam,2024,1,0.2761349554925692,1.762945959575852,-0.0273721794366956,-0.2506573484562893,32.316628607242365,25.8341634688839,21.02577679951986,22.895065881311893,0.8802343790715098,575787890.0,0.12278314400464296,0.002494439482688904,0.3684921059557187,30.440549828178696,5.4646342660775655
Neyyar_Dam,2024,2,0.2900252414104591,1.8170015564683808,-0.0263722691683365,-0.2656850975847717,33.2011735468098,27.49314375252561,20.62996089540684,10.492704898118973,0.6397148498034901,665500472.0,0.10193627420812845,0.00031879544258117676,0.2950239729607242,30.440549828178696,5.4646342660775655
Neyyar_Dam,2024,3,0.314973925372958,1.9195968943063768,-0.0253934983721694,-0.2919152497834713,35.174331262334306,27.95332041914748,21.98740426750595,40.44027726352215,0.4841528437903327,773449353.1640625,0.12372614815831184,0.0006323307752609253,0.3457048682756321,30.440549828178696,5.4646342660775655
Neyyar_Dam,2024,4,0.3296898126385718,1.9836932776938525,-0.0327067536538395,-0.3002203601923278,29.62912956273766,28.358045175340465,24.1187504026625,99.39532458782196,0.8523616670424874,708823120.0,0.13902771938592196,0.002386517822742462,0.400318972269694,30.440549828178696,5.4646342660775655
Neyyar_Dam,2024,5,0.3444598242753132,2.0509190345031705,-0.0298935928991138,-0.3178390652873715,35.3221684028656,26.61468270824804,24.52417755947323,614.6567431688309,2.101509873728324,476252966.0,0.11420152150094509,0.08028684556484222,0.4471241120369204,30.440549828178696,5.4646342660775655
Neyyar_Dam,2024,8,0.3061433327977405,1.882439694734531,-0.0194331189789446,-0.2884261532462767,31.68261525823277,25.233802331903973,22.98058730094664,143.74987906217575,2.355031824805378,579587330.0,0.13727164920419455,0.010210499167442322,0.46184447503859,30.440549828178696,5.4646342660775655
Neyyar_Dam,2024,9,0.3362432457682047,2.013152012765155,-0.0290858699519984,-0.3101910214609931,31.143480880437664,25.44643192291261,22.82529351976183,88.62293314933777,3.007099392113768,608211351.0625,0.14177898317575455,0.002636939287185669,0.4311090257432726,30.440549828178696,5.4646342660775655
Neyyar_Dam,2024,11,0.2337054521702798,1.6099624559046504,-0.0274940442574718,-0.2075449899152456,27.60380981553885,24.97631246778701,22.613339593675448,300.19636058807373,0.4663066192932504,426849364.0,0.10192099213600159,0.026602230966091156,0.4688959333631727,30.440549828178696,5.4646342660775655
Neyyar_Dam,2024,12,0.3032773055358378,1.8705825372003515,-0.0266164653536939,-0.2789122673904184,30.688170133287088,25.156872952368985,21.96821629924159,55.797584533691406,0.6198257075234077,537931204.0,0.12572309281677008,0.014238983392715454,0.4291783814789146,30.440549828178696,5.4646342660775655
Neyyar_Dam,2025,1,0.2949674143765675,1.836748316010783,-0.0249130116411104,-0.2720535958286776,33.901090084095074,24.960105268416896,19.885023473924207,19.69725552201271,1.2725747584079223,555270812.0,0.12108322605490685,0.0006047189235687256,0.3596245960522723,30.440549828178696,5.4646342660775655
Neyyar_Dam,2025,2,0.2797252297375535,1.7767181117162552,-0.0159326882433696,-0.2649734685926657,34.57994420667086,26.20078550520401,19.12491067704701,19.67755401134491,0.454568479788267,671525180.0,0.0969915185123682,4.710257053375244e-05,0.2770639147077288,30.440549828178696,5.4646342660775655
Neyyar_Dam,2025,3,0.306932352862004,1.885721196565654,-0.0270465735198207,-0.2822286919231039,34.46072046321268,26.87327277070733,22.3642954344391,77.5000464618206,0.1531140537635043,678431500.0930176,0.1358913229778409,0.002457037568092346,0.3915720908872543,30.440549828178696,5.4646342660775655
Neyyar_Dam,2025,4,0.3164450771290029,1.9258804714620528,-0.026938271934724,-0.2919959196047275,32.179942669618185,26.32980001237661,23.93013454013402,266.11511301994324,1.3064716772103369,618660600.0,0.1404700968414545,0.018663600087165833,0.4637225045098199,30.440549828178696,5.4646342660775655
Neyyar_Dam,2025,5,0.3523428941660288,2.0880538204311865,-0.0326163915087188,-0.3234435658557396,36.06217199937055,26.112443460444013,23.6944136547786,466.9989171028137,2.8087142832858496,578765252.0,0.14220685046166182,0.0175958052277565,0.4466570782405074,30.440549828178696,5.4646342660775655
Neyyar_Dam,2025,6,0.3249652282809008,1.962810337764728,-0.0266464721793676,-0.3009245147123826,27.11176539734197,25.227359284295005,23.13631369272872,190.9356427192688,3.3034164345849844,524869328.0,0.127863853238523,0.009918510913848877,0.4536909739176432,30.440549828178696,5.4646342660775655
Neyyar_Dam,2025,7,0.338355328381058,2.0227705077807245,-0.0310079120998911,-0.3106062009622234,28.964943315481605,24.827554034161324,22.485539536835063,101.82523131370544,3.7322396522717503,523453442.0,0.12688093353062868,0.014720819890499115,0.4526754809964087,30.440549828178696,5.4646342660775655
Neyyar_Dam,2025,8,0.2321880724381838,1.6048045467996213,-0.0123349333570379,-0.2204846123908189,24.80534816042712,24.74036322152745,22.24666204555064,75.6831129193306,3.2387351802801603,609613822.0,0.135627674870193,0.00109061598777771,0.434075447820848,30.440549828178696,5.4646342660775655
Neyyar_Dam,2025,9,0.2991288338759041,1.853591496794264,-0.0275855399108129,-0.2738026119171775,33.25801823159884,25.25933926900228,22.32177903917102,151.62501275539398,2.924790266249787,601969500.125,0.12300509214401245,0.0014407187700271606,0.3922250747680664,30.440549828178696,5.4646342660775655
Neyyar_Dam,2025,10,0.3052964659553675,1.8789259043434008,-0.0247196020087083,-0.2827104249986354,33.28001144930852,25.223900854459373,22.771894176031992,344.6182544231414,1.2569282947943254,521508320.6101074,0.11783710215240717,0.038005657494068146,0.453797863375756,30.440549828178696,5.4646342660775655
Neyyar_Dam,2025,11,0.299396275203113,1.8546807977360136,-0.0294695061017047,-0.2723295491510873,33.13682861907387,24.39291600121396,21.836561118231884,297.3063874542713,0.8114641774218749,453836704.0,0.10681962873786688,0.03766828775405884,0.450561417473687,30.440549828178696,5.4646342660775655
Neyyar_Dam,2025,12,0.2989991249702927,1.8530634857128288,-0.0301349388035293,-0.2713087650490846,32.231025833385615,24.321084451162733,19.71585549385321,17.355604499578476,0.7318855937393414,603658748.0,0.11794352903962135,0.00018426775932312012,0.3564143847393733,30.440549828178696,5.4646342660775655
Neyyar_Dam,2026,1,0.2692470883792395,1.7369032243253544,-0.0227882646722199,-0.24798035027293,32.37956655882721,25.21592696815412,18.551973207535298,6.917252428829669,0.7106999065652035,633732112.0,0.08780410792678595,9.349733591079712e-05,0.2831288819671959,30.440549828178696,5.4646342660775655
Neyyar_Dam,2026,2,0.2531388745714065,1.677874014198129,-0.0138593221369049,-0.2401219803521558,35.1574137301651,26.32233372642884,19.28659496307376,59.742419362068176,0.4398351879301517,598545660.0,0.07469246815890074,0.0031951963901519775,0.2999959446135021,30.440549828178696,5.4646342660775655
Neyyar_Dam,2026,3,0.2891781184936335,1.8136443911400424,-0.0275104874881633,-0.2637660032472638,34.98506234437298,26.525024442775305,21.518452683315505,18.37788367271424,0.3619333296948056,749177226.6914062,0.13107158616185188,0.00042685866355895996,0.3611320372550718,30.440549828178696,5.4646342660775655
Neyyar_Dam,2026,4,0.3217736816919349,1.9488681668816583,-0.0274027337912622,-0.2969896477464089,35.023500638140376,27.93066260019941,23.16820907592773,101.92155039310455,1.2642634325859268,712674908.0,0.10647712089121342,0.0022585391998291016,0.3470855500962999,30.440549828178696,5.4646342660775655
Papanasam_Dam,2016,3,0.2692943288079359,1.7370801662688962,-0.0120676785248245,-0.2580652998982001,16.327331171624905,26.71008006270216,17.80801131956042,19.71176901459694,0.3024370751529064,750287740.5644531,0.08123817387968302,0.001193128526210785,0.2203107444188928,30.722918733652023,5.544953549201768
Papanasam_Dam,2016,4,0.2414225084380956,1.6365137672118608,0.0008051025080151,-0.2421805383470738,46.174897702046906,26.95821401808001,21.04136166042753,53.46578335762024,0.8799982771271012,691684418.0,0.10251298360526562,0.004230275750160217,0.2857525507609049,30.722918733652023,5.544953549201768
Papanasam_Dam,2016,8,0.3553939365016105,2.102670162836588,-0.0203764797261427,-0.3374612422069336,35.05644668891557,23.418948315035948,20.127101844869685,37.1406187415123,2.647928951915828,620203622.0,0.12206345144659281,0.004968881607055664,0.3250888906499391,30.722918733652023,5.544953549201768
Papanasam_Dam,2016,9,0.3030603474347073,1.8696889216138124,-0.0067955685872656,-0.2968761856668523,30.678090551877403,23.65478865305585,19.80257197486032,36.11752092838287,2.5607304687363004,592787448.5625,0.0900315186008811,0.002474159002304077,0.2789006339179145,30.722918733652023,5.544953549201768
Papanasam_Dam,2016,10,0.2585577416481068,1.697445387649846,0.0182761635660302,-0.275531894791464,38.6731841944499,23.511876822030672,19.71813050957138,76.44244611263275,1.5884957191540126,607646112.4282227,0.10165493469685316,0.027880758047103882,0.348431659001176,30.722918733652023,5.544953549201768
Papanasam_Dam,2016,12,0.3095667093910648,1.896731700518204,-0.0208714357319102,-0.2905726933764315,31.22766549159894,23.3595923434022,17.096668313139276,47.231923937797546,0.547491258423128,563031860.0,0.09793325141072273,0.002708546817302704,0.2792980030018796,30.722918733652023,5.544953549201768
Papanasam_Dam,2017,1,0.2983473261034279,1.850413138017646,-0.0170849298630031,-0.2827034042286491,34.70142600604112,23.213318576607666,15.753823114210604,36.76954883337021,1.2024874549788909,582186656.0,0.07200558017939329,0.0029523447155952454,0.2566774224722257,30.722918733652023,5.544953549201768
Papanasam_Dam,2017,2,0.1140663281985831,1.2575053456691536,0.0015829412134155,-0.1156283915158667,20.85363147004614,24.02562584649951,13.72374580474127,22.7319398522377,1.237114144743928,661257920.0,0.05292615294456482,0.00029727816581726074,0.2194875535510835,30.722918733652023,5.544953549201768
Papanasam_Dam,2017,4,0.2433418289990007,1.6432014833780983,0.0006576010955055,-0.2439603911005828,40.03525875503459,26.238029374016666,20.468211322360617,54.793194115161896,1.4222842859689484,716571052.0,0.11117016524076462,0.005598030984401703,0.3037489361233181,30.722918733652023,5.544953549201768
Papanasam_Dam,2017,8,0.1944996208704597,1.4829286885765212,-0.0075174350646817,-0.1872559799403348,18.476605815693915,23.29185603562223,20.57405718731627,111.4292130470276,2.268318482830292,530828246.0,0.11575911473482847,0.01557641476392746,0.3850510504937941,30.722918733652023,5.544953549201768
Papanasam_Dam,2017,10,0.3529537664662481,2.090969232719711,-0.0277738356806796,-0.3283991885947948,39.83279389979282,23.255643729753388,20.673942574121668,163.08674693107608,1.228479883855678,521343200.92749023,0.12619771715253592,0.05098836123943329,0.4227863639913579,30.722918733652023,5.544953549201768
Papanasam_Dam,2017,12,0.2968454275275267,1.844324816046468,-0.0222363413521131,-0.2764337580329298,26.33375807483941,22.218446145006453,18.219076841621018,76.06796789169312,1.091578777824415,544420064.0,0.11864301655441523,0.020291343331336975,0.3650657284644342,30.722918733652023,5.544953549201768
Papanasam_Dam,2018,1,0.3045821247005425,1.8759686384805248,-0.0212575454225741,-0.285170966710676,26.357116295417427,22.55671885500675,15.79955454590504,14.260457813739777,1.0652970534066457,624378068.0,0.10217656567692757,0.001693524420261383,0.2458601510652932,30.722918733652023,5.544953549201768
Papanasam_Dam,2018,3,0.2769544787277217,1.766077572101933,-0.0013347897970263,-0.2757216165984648,35.13552810088106,25.10268515720162,17.483396702428024,36.29640731215477,0.517692344622731,701158939.7617188,0.0994293624535203,0.006398968398571014,0.2760963850123908,30.722918733652023,5.544953549201768
Papanasam_Dam,2018,4,0.281671498448471,1.7842414656806302,-0.0154869363878851,-0.2673508073931486,31.669910388133303,25.96721803877091,19.73334556155737,81.28797727823257,0.2424803436451577,675517564.0,0.10083584487438202,0.005143910646438599,0.2869852066040039,30.722918733652023,5.544953549201768
Papanasam_Dam,2018,7,0.3615240183063816,2.1324592582086006,-0.0363202322345277,-0.3295307342946185,30.027213068139304,22.712006587366943,20.402073776081068,268.91454219818115,2.7208199741363046,541263462.0,0.1311766877770424,0.02700106054544449,0.4312269149288054,30.722918733652023,5.544953549201768
Papanasam_Dam,2018,9,0.3595138297941629,2.1226279239678933,-0.0263487494676594,-0.3363512481926002,35.26394390494784,23.844049199422216,19.56827418009442,192.95767664909363,1.65220623078911,636687766.5625,0.12427081633359194,0.011841490864753723,0.2968757417466905,30.722918733652023,5.544953549201768
Papanasam_Dam,2018,11,0.3245696443029799,1.9610750880985663,-0.057578417292165,-0.2720758364034289,29.24474278424691,22.39029428693988,19.901562118530308,270.492955505848,0.7332790322724354,432664192.0,0.1059622885659337,0.04301804304122925,0.4425071928236219,30.722918733652023,5.544953549201768
Papanasam_Dam,2019,1,0.2186501440125466,1.5596728337172885,-0.0208048235556327,-0.1987494271623237,21.752189603677152,22.46980948909641,14.152108990248848,16.58170038461685,1.4580570606748473,681260916.0,0.10245813429355621,0.0001428648829460144,0.2257637105962281,30.722918733652023,5.544953549201768
Papanasam_Dam,2019,2,0.2527556306166892,1.67650059598384,-0.0169381123740764,-0.2368314417867102,27.29781275946698,24.35321179344544,17.26641426086428,20.08493983745575,1.0416812817145051,596700718.0,0.09475233219563961,0.004523806273937225,0.2678414980570475,30.722918733652023,5.544953549201768
Papanasam_Dam,2019,3,0.2654906222727186,1.7229060113410657,-0.0053057200760057,-0.2605519205628542,34.74876646625239,26.40252914018532,16.312505422612674,8.93567943572998,0.3438835732175622,776951348.7844238,0.0770148541778326,0.0012065768241882324,0.2199285158547022,30.722918733652023,5.544953549201768
Papanasam_Dam,2019,4,0.2560095202308417,1.6882064413250963,0.0105894591922483,-0.2658781830394536,40.10619173406701,26.481905343797507,20.125169224209287,141.4380029439926,0.6592671311435498,672284290.0,0.09626666456460953,0.013456679880619049,0.302922248840332,30.722918733652023,5.544953549201768
Papanasam_Dam,2019,5,0.243240997075965,1.6428492984850085,0.0055963869043678,-0.2484991094160943,41.159983217037166,25.706989932316617,21.831923318678378,154.07447224855426,1.835796649138873,651975596.0,0.12473543733358383,0.008882686495780945,0.3487096396825647,30.722918733652023,5.544953549201768
Papanasam_Dam,2019,7,0.2452066340990151,1.6497318211225025,-0.002749505915514,-0.2426207023552401,31.25099398046359,23.33598369475333,20.65413086183611,160.73978662490845,2.213705645153406,524648572.0,0.1213024677708745,0.026418611407279968,0.4142557164674164,30.722918733652023,5.544953549201768
Papanasam_Dam,2020,1,0.1544525591272554,1.3653315039729406,-0.0080146002725033,-0.1466194554898207,23.747530875014604,22.99850632862382,17.456858796970835,27.69431042671204,1.3740697781026028,631565764.0,0.10822836961597204,0.0008548498153686523,0.2595536426831317,30.722918733652023,5.544953549201768
Papanasam_Dam,2020,4,0.2570592059556489,1.6920045527619887,0.0030749533684128,-0.2599286999643025,43.74302019177196,26.3578960206774,19.581958961486865,120.02420902252196,0.2528182114340403,682492014.0,0.0967077324166894,0.006152831017971039,0.2896521250406901,30.722918733652023,5.544953549201768
Papanasam_Dam,2020,7,0.2736224584933941,1.7533890927460778,-0.0018559274120878,-0.2719046106109287,38.74294592568583,23.442809246432432,20.552600335562147,267.4882974624634,2.0542130561186296,533841858.0,0.12636624928563833,0.022340238094329834,0.4175266758088142,30.722918733652023,5.544953549201768
Papanasam_Dam,2021,2,0.2503105901591513,1.6677714447434695,-0.0164873961589266,-0.234792174227265,27.78463162170266,23.235560966673347,15.976158305576917,20.034460484981537,1.1592067764304046,641050184.0,0.113603207282722,0.0008098334074020386,0.2396388735089983,30.722918733652023,5.544953549201768
Papanasam_Dam,2021,4,0.2771837623899978,1.7669549962145514,-0.0292967158272943,-0.2499165120724867,31.41022043381633,25.030190361870662,20.350034374660936,158.05866014957428,0.9883309718965348,651057986.0,0.12440579384565353,0.024239279329776764,0.3620527691311306,30.722918733652023,5.544953549201768
Papanasam_Dam,2021,7,0.3740143424621733,2.194961379573054,-0.0374627166061721,-0.3413342627309911,34.74991033411584,23.160808407363103,20.474964375649733,204.02045249938965,2.567718057358941,538003320.0,0.13227084558457136,0.025225766003131866,0.4188990439138105,30.722918733652023,5.544953549201768
Papanasam_Dam,2021,11,0.3624229383930238,2.136875713437864,-0.0363656280785832,-0.3304120545543872,33.97180828902958,22.22005954318581,20.45623855590821,448.37863636016846,0.6089758695257163,351581496.0,0.09251523669809103,0.16186878830194473,0.4628341250949436,30.722918733652023,5.544953549201768
Papanasam_Dam,2021,12,0.3299058682979814,1.984655297487924,-0.0318653484376466,-0.3012069779282783,26.66422944200258,22.114323080739663,18.40916882586737,75.63021636009216,1.18870310032336,568048776.0,0.11812231875956059,0.010127514600753784,0.3752399772726079,30.722918733652023,5.544953549201768
Papanasam_Dam,2022,2,0.2966047405242813,1.843351548161863,-0.0218407958909932,-0.2765554942445156,26.55564482670433,23.991976856050087,16.603765355973053,51.996817976236336,1.0866780954228914,582763596.0,0.08295036479830742,0.0026551932096481323,0.2510342825026739,30.722918733652023,5.544953549201768
Papanasam_Dam,2022,3,0.2776710840528408,1.7688217318248782,-0.009845667903628,-0.2685596198209811,34.93219063365791,25.5931106362292,17.146496975806485,22.198679745197293,0.3255112233607411,724912192.0039062,0.08556915819644928,0.0020128488540649414,0.234958997336767,30.722918733652023,5.544953549201768
Papanasam_Dam,2022,4,0.2715804261903987,1.7456703140747452,-0.00748005017479,-0.2646379709087788,34.41085832399813,24.69549664391411,21.08614569769969,285.89452451467514,0.6988574605031384,599696682.0,0.12941635958850384,0.03226287662982941,0.3926829867892795,30.722918733652023,5.544953549201768
Papanasam_Dam,2022,6,0.2317022133940666,1.6031573107027803,-0.0094846033925426,-0.2227070317761262,16.728025519833295,23.657042037116184,20.81796476576068,133.2506012916565,2.281802101951216,566788616.0,0.1277605090290308,0.008619129657745361,0.3794988420274522,30.722918733652023,5.544953549201768
Papanasam_Dam,2022,9,0.3856378250791186,2.255408750152243,-0.0332931034574412,-0.3569273403006479,34.84784846798402,22.98280768924292,20.34522855546743,93.44565069675446,2.087895543730231,608334971.875,0.13751028664410114,0.02929370105266571,0.3982402165730794,30.722918733652023,5.544953549201768
Papanasam_Dam,2022,10,0.3722608530176582,2.1860367632230204,-0.0255700303958267,-0.3500225901152364,36.60081510771545,22.78882248991283,20.081662442607296,174.04891347885132,1.1511563031918284,522075267.3046875,0.1202922249212861,0.04891231656074524,0.396015885055706,30.722918733652023,5.544953549201768
Papanasam_Dam,2022,11,0.2671411451928818,1.7290384592902024,-0.0250923821738994,-0.2436822155247689,24.625242619490848,22.17514067755809,19.348239326477085,239.9406551718712,0.2765929425385248,477610504.0,0.11419573239982128,0.04296468198299408,0.4399372100830078,30.722918733652023,5.544953549201768
Papanasam_Dam,2023,1,0.2711423662442578,1.7440201040279542,-0.0212994317653908,-0.2512942033159415,25.677168347375016,21.93943469550021,15.64766991317913,25.783844351768494,1.346494144835554,625682460.0,0.11452725436538458,0.0030125901103019714,0.2784346713814684,30.722918733652023,5.544953549201768
Papanasam_Dam,2023,2,0.2841346337798282,1.7938214284065244,-0.0161666893290174,-0.2692045399068876,29.34308242657789,22.862275763920422,14.526027729397754,38.81460309028625,1.1709564301839153,646189624.0,0.10399102419614792,0.006645552814006805,0.2683602741786411,30.722918733652023,5.544953549201768
Papanasam_Dam,2023,3,0.2594425505369702,1.7006682620641769,-0.009691938702224,-0.2503801931550657,30.77088073506161,25.12325665053504,17.496408327164204,33.36356329917908,0.4701903946821265,711981177.1289062,0.09452692326158285,0.002780802547931671,0.251983170868248,30.722918733652023,5.544953549201768
Papanasam_Dam,2023,4,0.2278730103662299,1.5902474940665217,0.0093128733034807,-0.2366836049716699,41.88678652992661,25.34296366373701,19.86295193566218,176.84572446346283,0.2653090542433564,650112430.0,0.11421139817684889,0.012067809700965881,0.3318077935112847,30.722918733652023,5.544953549201768
Papanasam_Dam,2023,5,0.2907162025882007,1.8197457876495529,-0.0154221327910774,-0.2765338995475707,37.2694557222186,24.91255982511791,21.78465657388012,394.6822085380554,1.557997606354424,606605254.0,0.13426163233816624,0.041124001145362854,0.392005633282405,30.722918733652023,5.544953549201768
Papanasam_Dam,2023,6,0.2802738248355293,1.7788346026778352,-0.0105763951360342,-0.2704992670840729,31.390950065045782,24.54200083414713,20.9675327089098,384.5692720413208,2.3871913214026264,585538112.0,0.11081332992762327,0.004771389067173004,0.3260423236423068,30.722918733652023,5.544953549201768
Papanasam_Dam,2023,7,0.3300079872396247,1.9851102131202665,-0.023257392972826,-0.3091231532454176,37.89530755607666,23.27593590931229,20.70759575136248,152.85363817214966,2.6785649627543155,531045918.0,0.12181529216468334,0.02601379156112671,0.4019093872398458,30.722918733652023,5.544953549201768
Papanasam_Dam,2023,8,0.2944482887199193,1.8346611141675289,-0.0063197632292851,-0.2886656871489948,40.99728562642258,24.35781128996166,20.120336089595696,34.99608263373375,2.212673359504847,677996710.0,0.11349586304277182,0.008492454886436462,0.2929885823239562,30.722918733652023,5.544953549201768
Papanasam_Dam,2023,12,0.1566448357584345,1.3714801127691114,-0.0079646535189921,-0.1488659106010904,16.252130530237878,22.777742147958406,20.137118070869064,152.67417049407962,1.1007487824772744,417753852.0,0.10444147139787674,0.2767079696059227,0.4310923340500042,30.722918733652023,5.544953549201768
Papanasam_Dam,2024,1,0.3022704506345401,1.8664401583949988,-0.0357620424084309,-0.2694207954781346,26.91743762026198,22.699691862701115,18.86705389125376,65.10380560159683,1.325633492041886,541206266.0,0.11734676919877529,0.011918321251869202,0.3627088608280305,30.722918733652023,5.544953549201768
Papanasam_Dam,2024,2,0.2936932550514725,1.831630894514183,-0.0246225893053339,-0.2710306205348191,29.80872690396848,24.519426753603227,17.86184117108928,15.382119417190552,1.311074425686788,642965646.0,0.09804717265069485,0.001794561743736267,0.2399205832645811,30.722918733652023,5.544953549201768
Papanasam_Dam,2024,3,0.278932185159235,1.7736642224721464,-0.0094730321348157,-0.2701730403140782,32.78334124585513,26.388221502816805,16.862640532626926,32.19393843412399,0.4325862082263911,778306283.1640625,0.0984807014465332,0.0019306540489196777,0.2318264745896862,30.722918733652023,5.544953549201768
Papanasam_Dam,2024,4,0.2728341926634602,1.7504043504542557,-0.0124550018950521,-0.2612670153777349,36.27459781165021,27.1576898150974,19.93833590613474,114.377046585083,0.2278973545919407,706649118.0,0.0971505157649517,0.0035682767629623413,0.263552369011773,30.722918733652023,5.544953549201768
Papanasam_Dam,2024,5,0.3104445856861263,1.9004195434968112,-0.0220189785650419,-0.2904107600186996,38.29042082931761,24.854809451359586,22.236577278055165,454.5270539522171,1.579600434175513,472801912.0,0.10192558262497187,0.11781606078147888,0.3999992493660219,30.722918733652023,5.544953549201768
Papanasam_Dam,2024,9,0.3171368078682408,1.928844346927544,-0.0164595217528488,-0.3022550332653788,32.92905250804529,23.63653066423205,20.66237034267852,83.47772145271303,2.168994449741057,586104073.0625,0.13088822551071644,0.007523007690906525,0.3611915164523654,30.722918733652023,5.544953549201768
Papanasam_Dam,2024,11,0.2170791502901816,1.5545366440825783,-0.0207019447530932,-0.1972637008317724,25.19980961332976,22.61010153028701,19.999122471279577,338.02714443206787,0.5489226446836043,405460624.0,0.10074116569012403,0.05367359519004822,0.4405449761284722,30.722918733652023,5.544953549201768
Papanasam_Dam,2024,12,0.2124544185374274,1.5395355482608957,-0.0085570471080618,-0.2042687283962977,25.00357780321792,22.71329568842407,19.4129670132873,110.2063355445862,0.4358003057072173,514418792.0,0.11934429500252008,0.04278366267681122,0.4012006534043179,30.722918733652023,5.544953549201768
Papanasam_Dam,2025,1,0.0209684329780499,1.0428350498275196,0.0043979303015777,-0.0253640242674752,13.160270409903148,22.059992911226004,17.736457340691686,55.5225635766983,1.5608290258024664,527426632.0,0.11425297427922487,0.006690874695777893,0.333520766227476,30.722918733652023,5.544953549201768
Papanasam_Dam,2025,2,0.3081325760531826,1.8907272271771776,-0.0209343936281664,-0.2890628018688046,29.979815592116324,23.473542899177232,15.66766435078216,28.779464125633243,1.2934812905298518,661348310.0,0.09681172668933868,0.0005982890725135803,0.2295369647798084,30.722918733652023,5.544953549201768
Papanasam_Dam,2025,3,0.302823868776293,1.8687155374776423,-0.0216426461352775,-0.2830362164833893,30.666995344298016,24.974436245169727,18.21645122240949,110.55393797159196,0.4729053003657239,672533680.0930176,0.12030470091849566,0.005237460136413574,0.3026405867709908,30.722918733652023,5.544953549201768
Papanasam_Dam,2025,4,0.3073668161393109,1.8875313031526144,-0.0242832392546343,-0.2852123625812081,34.66971502941999,24.45745571984185,21.345073233710423,271.536256313324,1.006459057756445,602493256.0,0.1327481484040618,0.06252098083496094,0.3984143786960178,30.722918733652023,5.544953549201768
Papanasam_Dam,2025,5,0.3176702982958262,1.931134310883489,-0.0230427201238397,-0.2968001516537957,39.0713083058223,24.24376486501388,21.37332935538348,376.5924911499024,2.127196290564215,564157096.0,0.1366062741726637,0.037277884781360626,0.3963963293260144,30.722918733652023,5.544953549201768
Papanasam_Dam,2025,6,0.3257807470249091,1.9663940790398795,-0.0308438661245142,-0.2979305880745845,33.06501606937127,23.25900533464221,21.02863953908286,113.52279567718509,2.455848480577848,506861398.0,0.12492258567363024,0.032810911536216736,0.4269913567437066,30.722918733652023,5.544953549201768
Papanasam_Dam,2025,7,0.3064658825918404,1.883780263722711,-0.0258043265963999,-0.2828987606198594,26.843345709956225,22.839611430834736,20.408732371176484,127.5920753479004,2.7026463987858094,503474832.0,0.12064294889569283,0.05998498201370239,0.4037419185843519,30.722918733652023,5.544953549201768
Papanasam_Dam,2025,8,0.3691521175884208,2.170336392910574,-0.0311212691621211,-0.3419594434787452,33.114647816938145,22.85637989659466,20.203336272701165,43.72910177707673,2.3735380075046715,583392778.0,0.13263742439448833,0.00999218225479126,0.3903160915579847,30.722918733652023,5.544953549201768
Papanasam_Dam,2025,9,0.383133827703619,2.2421943199684407,-0.0325005958739236,-0.3550543967658886,38.16537697182878,23.24939189487037,20.21858622233077,168.08177757263184,2.187868546216367,572860702.125,0.12160792388021946,0.009675666689872742,0.354580201043023,30.722918733652023,5.544953549201768
Papanasam_Dam,2025,11,0.3620509912097683,2.1350468022400104,-0.0312932443889288,-0.3345480931288745,35.84203370045884,22.136701265970885,19.348049290974984,341.7686410546302,0.4347736549362354,434675420.0,0.10658963862806559,0.0867474302649498,0.4298530578613281,30.722918733652023,5.544953549201768
Papanasam_Dam,2025,12,0.2981882521750887,1.8497670581868944,-0.0367568907576004,-0.2643285271046979,23.862729186472563,21.61039371695574,17.596457602388114,29.137383818626404,1.100079634929623,574062008.0,0.11945267766714096,0.004290297627449036,0.3614533332086379,30.722918733652023,5.544953549201768
Papanasam_Dam,2026,1,0.2421231990953006,1.6389513409205063,-0.0199327177378606,-0.2232680114923051,23.11283867505068,22.23787862306,15.74850378549229,19.36133462190628,1.3218947807465449,610586100.0,0.0922579551115632,0.0007955804467201233,0.2309974957537907,30.722918733652023,5.544953549201768
Papanasam_Dam,2026,3,0.290707988678388,1.8197131337676191,-0.0180469739222042,-0.2740990478612722,30.278892564452462,24.824149211760528,17.00041515391365,22.241673648357395,0.283288406947119,744946362.6914062,0.12035910692065954,0.0031165629625320435,0.2771070952056557,30.722918733652023,5.544953549201768
Papanasam_Dam,2026,4,0.2617858048156486,1.7092407773336675,-0.0033668069684004,-0.2586469646966077,35.451154447809245,26.672882652282738,19.248338741726343,105.09789967536926,0.7620558637240066,707428714.0,0.08906706795096397,0.0055057331919670105,0.260115729437934,30.722918733652023,5.544953549201768
Parambikulam_Dam,2016,1,0.1353192398167881,1.3129923690868666,-0.0207082820370547,-0.1149330264375395,27.1025823790784,23.086888967534605,15.087781948513452,15.524383187294006,1.3974134376838494,644599186.6666666,0.1027844427153468,4.420677820841471e-05,0.2747955322265625,30.14937353171496,5.101761942051684
Parambikulam_Dam,2016,3,0.135173074007234,1.312601446473383,-0.0102447285432566,-0.1251015875748093,32.691597706315065,25.755691481833026,19.475351779349808,27.57776379585266,0.2692930195888055,708931663.8977865,0.11289470177143812,0.0014579246441523233,0.3177708588193394,30.14937353171496,5.101761942051684
Parambikulam_Dam,2016,4,0.1675981125276064,1.402685565830519,-0.0094011953033654,-0.1584465692177465,36.85637509204872,25.971893126876296,21.71809596308958,71.86017298698425,0.8818100201637362,630142974.6666666,0.135881836215655,0.003249069054921468,0.3937035313359013,30.14937353171496,5.101761942051684
Parambikulam_Dam,2016,12,0.1558017964940947,1.369111888291302,-0.0132847695820161,-0.1428126191812175,29.64243601221324,22.24723077726196,17.546003445587758,64.45387315750122,0.734945874391114,547076168.0,0.10974263213574886,0.006453650693098704,0.3807338318089857,30.14937353171496,5.101761942051684
Parambikulam_Dam,2017,1,0.13179663238168,1.303607742833867,0.004497234142606,-0.1362131302348224,30.25164590568352,22.350741746690574,15.442994471177428,28.284979820251465,1.190676064573695,568477866.0,0.10137704511483508,0.0008430952827135723,0.3129125752329399,30.14937353171496,5.101761942051684
Parambikulam_Dam,2017,2,0.1182812233994049,1.268296936706803,0.0181225617289086,-0.1361120210116413,32.09141004305019,23.6704748668368,13.467676197536434,13.084104716777802,1.084798519740446,664679031.3333334,0.09578360648204882,4.7917167345682784e-05,0.2746915741572304,30.14937353171496,5.101761942051684
Parambikulam_Dam,2017,3,0.1592156588263526,1.3787312656277688,-0.0116421404738542,-0.1478475702447399,35.29039810357256,24.10978437034038,19.29977112226589,101.61143684387208,0.1168089148662258,646127749.5772299,0.13769841970254978,0.03207143892844518,0.4017886021658511,30.14937353171496,5.101761942051684
Parambikulam_Dam,2017,4,0.2231276958718927,1.5744256673490544,-0.0213943320142049,-0.2027009910938695,33.47412637589196,24.866697812963423,21.67272249857592,57.54275703430176,0.9005558868446745,608626242.6666666,0.14535903154561916,0.028444702426592507,0.4353052775065104,30.14937353171496,5.101761942051684
Parambikulam_Dam,2017,5,0.2440433019347242,1.6456541824665505,-0.0217175650587261,-0.2235103475936415,33.25244631027414,23.95610144967248,21.7567374403759,250.61362075805664,0.9411888167564983,537175064.0,0.13179124860713878,0.0992635687192281,0.441579114578958,30.14937353171496,5.101761942051684
Parambikulam_Dam,2017,10,0.1420784340002157,1.3312154388720692,-0.0001903407079482,-0.14189193051969,-44.34638613914791,22.415120061238667,20.13563174722873,213.0868530273437,0.5608673666033661,455979694.9274903,0.10324281050513189,0.021619205673535664,0.4372219441184861,30.14937353171496,5.101761942051684
Parambikulam_Dam,2017,11,0.1863972518771033,1.4582021196638033,-0.0344430264410933,-0.1529360881944227,26.111245068751487,22.72368904396341,18.94791337472424,135.84272384643555,0.8747929002323023,468673090.6666666,0.10791297225902477,0.014647444089253744,0.4093756287186234,30.14937353171496,5.101761942051684
Parambikulam_Dam,2017,12,0.1675225052524417,1.40246734911012,-0.0221747591826074,-0.1458896929010983,29.65895992857964,22.28877964635052,17.039590604501882,57.4324643611908,1.2080240163057965,557250048.0,0.1148832437271873,0.009048933784166973,0.3777584568146737,30.14937353171496,5.101761942051684
Parambikulam_Dam,2018,1,0.1349828735699322,1.312092950406676,-0.0160910922952981,-0.1191505789387341,27.15472823959601,22.50334568912416,14.697372506254451,13.834784984588625,0.9319387193496907,629560646.6666666,0.0995378860582908,0.00015722711881001789,0.2786055670844183,30.14937353171496,5.101761942051684
Parambikulam_Dam,2018,2,0.1276736618773815,1.292719951921101,0.0019270653876178,-0.1295688487292026,32.353635960011275,23.51536415190924,14.40087791927283,18.95330965518952,1.1480569757676211,645630814.6666667,0.09673405966411035,0.0018356268604596455,0.2944411701626248,30.14937353171496,5.101761942051684
Parambikulam_Dam,2018,11,0.1702572869596149,1.4103857359246932,-0.0174625405817883,-0.1532503788772519,4.764931114597061,22.50936709509961,19.259103351169188,103.6582281589508,0.8979841833520719,469336432.0,0.10971006099134684,0.02682393044233322,0.4281897297611943,30.14937353171496,5.101761942051684
Parambikulam_Dam,2018,12,0.1503038276611556,1.3537825226337892,-0.0230610284395115,-0.1276853772767454,25.13238715396551,22.571157251720365,18.125807459294663,39.44991958141327,0.9170010700689682,548564597.3333334,0.11658222228288649,0.0039015014966328936,0.3923736148410373,30.14937353171496,5.101761942051684
Parambikulam_Dam,2019,1,0.120886340907056,1.2750186842319904,-0.0199797544039123,-0.1011508941743481,26.153564130351697,22.19196870728632,12.79865811939311,14.480172514915466,1.300626408902335,671559442.6666667,0.10809657101829848,9.279946486155193e-05,0.2859935487043046,30.14937353171496,5.101761942051684
Parambikulam_Dam,2019,2,0.1145011258901548,1.2586138260317,-0.0083551844377359,-0.1062475861833447,30.69793552695046,24.423497166709296,16.37582413809639,11.944414019584656,0.6479510334074823,610765622.6666667,0.08969933042923608,0.0003215869267781576,0.2813663179912264,30.14937353171496,5.101761942051684
Parambikulam_Dam,2019,3,0.128351478607067,1.2945028310309197,-0.0139139935404262,-0.114642222507472,33.280028986949674,25.554309354119027,18.266511604008315,27.38299930095673,0.3178705609284906,726376158.1177572,0.10577535194655259,0.0005971615513165791,0.2983572628335713,30.14937353171496,5.101761942051684
Parambikulam_Dam,2019,4,0.1386492899336806,1.321934580916536,-0.0112702069789129,-0.1275784378120452,26.47572870940968,25.304840094954955,21.067535760667624,117.80956292152403,0.5972843901617988,619398477.3333334,0.1381022933249672,0.047511053582032524,0.4054637414437753,30.14937353171496,5.101761942051684
Parambikulam_Dam,2019,6,0.2280938521895945,1.5909885621110993,-0.0137708761810479,-0.214998296881136,20.465848916446816,22.81137426164417,21.16750348409022,316.28922843933105,1.485994352295399,439581436.0,0.11392651932934919,0.03534836073716481,0.4448452137134694,30.14937353171496,5.101761942051684
Parambikulam_Dam,2019,9,0.2044211722323953,1.5138929420884704,-0.0262208115584725,-0.1791606778589372,31.524442856320206,21.844749259948745,20.416618855794297,299.5078792572021,0.8758587365762475,411332403.6041667,0.10225434849659602,0.02991621692975362,0.4458599514431423,30.14937353171496,5.101761942051684
Parambikulam_Dam,2019,12,0.1647561175076216,1.394510204650616,-0.0249620427841189,-0.1403713729457549,26.41544210488292,22.75559621011064,18.135971603940447,125.44176697731018,1.862483049283045,507089473.3333333,0.10759203849981229,0.008958662549654642,0.372415528929789,30.14937353171496,5.101761942051684
Parambikulam_Dam,2020,1,0.1387669042577453,1.3222516759836056,-0.0174328679423879,-0.1216282678805223,20.901165780802728,23.82443756322283,15.84712852423337,22.85541939735413,1.1652499123810611,647300813.3333334,0.09470733907073736,3.7039319674173995e-05,0.2598361011901636,30.14937353171496,5.101761942051684
Parambikulam_Dam,2020,2,0.1201102576398433,1.2730120647108982,-0.0152690364080594,-0.1050338499406612,28.579870038783213,24.69641204483213,15.03216511664266,9.309284210205078,1.1507550570299758,661718706.0,0.08041234749058883,9.190539518992107e-05,0.2287291018898916,30.14937353171496,5.101761942051684
Parambikulam_Dam,2020,3,0.1280915965233022,1.293818928714398,-0.01206293749836,-0.1162082194245197,33.61213984354515,25.20038187170548,19.028548327483577,51.31883764266968,0.1725240260926288,679336619.1837566,0.12023388190815845,0.0032066976030667624,0.3403460594915575,30.14937353171496,5.101761942051684
Parambikulam_Dam,2020,4,0.1646933715442012,1.3943303355527392,-0.0207295594370274,-0.1444569913140732,35.55198552340278,25.33559693936951,20.37044637468125,117.95890760421752,0.3259692342787415,626670432.6666667,0.1257891564940413,0.012055347363154095,0.3824512693617078,30.14937353171496,5.101761942051684
Parambikulam_Dam,2020,7,0.235144036588996,1.6148714211243946,-0.0239209389585607,-0.2124179199973717,31.198299951627405,21.82757312132037,20.515070058624417,658.1166229248047,1.0435253507189584,390290854.6666666,0.0945962651943167,0.07929511616627376,0.4479365058269979,30.14937353171496,5.101761942051684
Parambikulam_Dam,2020,10,0.2012260743024715,1.5038373633109043,-0.025035521469371,-0.1770826598041384,19.68857544470484,21.99749233013415,19.772901344982927,153.5597062110901,0.9414798574703978,505907474.662679,0.10807856637984514,0.024531831343968708,0.4271974119234255,30.14937353171496,5.101761942051684
Parambikulam_Dam,2020,12,0.1562663265026357,1.3704162377563895,-0.025315633862111,-0.1314707885962969,28.45860075987116,21.86548722653407,17.45965713719744,114.05371737480164,1.6211428395162577,474241277.3333334,0.10743868413070837,0.012024007737636568,0.4007550789891178,30.14937353171496,5.101761942051684
Parambikulam_Dam,2021,1,0.1329737842906375,1.3067353256022238,-0.0271316190625709,-0.1062254046119191,23.91856054810557,21.97037737993361,17.72431651973386,109.30039286613464,1.5008811776331945,509836621.3333333,0.11269883376856646,0.021010351677735645,0.3928357401201802,30.14937353171496,5.101761942051684
Parambikulam_Dam,2021,2,0.1212845574755761,1.276049677987092,-0.0196715215418214,-0.1018560493709666,27.094297120599776,23.46302736827312,14.596104013352203,9.13459038734436,1.018237155401459,629413946.0,0.10449842860301335,0.0001295134425163269,0.2839302411155094,30.14937353171496,5.101761942051684
Parambikulam_Dam,2021,3,0.1184017340145175,1.2686070029463223,-0.0168699261258982,-0.101735016310256,31.10329709154803,25.24374009682714,16.276693010501106,136.99535298347473,0.3463144514222103,741891607.0380859,0.10957809009899695,0.004499115049839021,0.2851303264658938,30.14937353171496,5.101761942051684
Parambikulam_Dam,2021,12,0.1525009759464305,1.359884723446693,-0.0341083828342953,-0.1190116394944353,29.059784928912222,22.19259158992429,17.334355037784917,68.90161061286926,1.411928528393963,579732370.6666666,0.1100730507945021,0.0013280535737673442,0.3685269577956114,30.14937353171496,5.101761942051684
Parambikulam_Dam,2022,1,0.1369203326231314,1.3172831843884567,-0.0196570987094126,-0.117579694546132,23.387107079402824,23.01918875581476,16.13593016867145,29.99274063110352,0.8966710866442591,613751760.0,0.08892522131403288,6.892532110214233e-05,0.259387703352077,30.14937353171496,5.101761942051684
Parambikulam_Dam,2022,2,0.1240045429753919,1.28311686317777,-0.0254343448095131,-0.0988820696727512,27.5387143132042,23.933071148584816,15.278483819204723,10.042365193367004,0.7939775233180245,605526040.0,0.07463211348901193,7.396439711252849e-05,0.2365825214083232,30.14937353171496,5.101761942051684
Parambikulam_Dam,2022,3,0.1320897933721108,1.3043858508942352,-0.0246442185395555,-0.1077964792931767,28.748611080243336,24.84107963124484,16.524131769433268,59.39986801147461,0.1925063811268972,688454758.6705729,0.09378258790820837,0.001367315649986267,0.2785645283251253,30.14937353171496,5.101761942051684
Parambikulam_Dam,2022,10,0.1930013344302626,1.4783188440441957,-0.0256481502624286,-0.1681857249037578,32.512600325747826,21.999988379529725,19.77954935736983,189.7772436141968,0.32015653257622,473981955.3046875,0.10551128257066011,0.046825831135114036,0.4347861026777588,30.14937353171496,5.101761942051684
Parambikulam_Dam,2022,11,0.1632831276437151,1.3902948130683497,-0.0268566922134154,-0.137027333820069,28.00805381591704,21.83326694347244,18.73517870726414,141.6672990322113,0.6339687990054492,480808737.3333333,0.10474350924293199,0.0302411491672198,0.421840039005986,30.14937353171496,5.101761942051684
Parambikulam_Dam,2023,1,0.1348906346327828,1.3118464324462034,-0.0174398601621687,-0.1177277258618477,26.11859239355568,22.18211922731029,13.834080468454715,23.515800952911377,1.420908991294228,635623541.3333334,0.10162486974149942,0.0001635923981666565,0.2809324230344492,30.14937353171496,5.101761942051684
Parambikulam_Dam,2023,2,0.1217275340401794,1.27719765507427,-0.0096922370611736,-0.1121676337123712,28.035322046363603,23.651233632223978,11.889172376905208,17.835063934326172,1.2184025164768093,646628104.0,0.08165883924812078,6.087124347686767e-05,0.2452303644210573,30.14937353171496,5.101761942051684
Parambikulam_Dam,2023,3,0.1190985647749364,1.270401568240169,-0.0040336894237906,-0.1151201798477693,30.74909067005205,24.575578349123703,16.15152337952759,83.24474906921387,0.311770406522067,699697571.7955729,0.09432435128837824,0.002567221721013387,0.2800622003480098,30.14937353171496,5.101761942051684
Parambikulam_Dam,2023,4,0.1514506275170686,1.3569636191560912,-0.0088677175000177,-0.1427746594372004,34.94738591862148,24.84226379394533,20.02429362403024,82.97494149208069,0.254922098368857,643741306.6666666,0.133489478379488,0.025169814626375832,0.3966099067970558,30.14937353171496,5.101761942051684
Parambikulam_Dam,2023,5,0.2579877185760985,1.695373176522165,-0.0302456026613743,-0.2295331618054205,34.493341893487184,23.99262482427787,21.696297793918177,164.85164499282837,0.8084396379119897,546038810.0,0.1204803893342614,0.04035652925570806,0.4365069823453076,30.14937353171496,5.101761942051684
Parambikulam_Dam,2023,8,0.2287187700936787,1.5930878678882374,-0.0238232910888632,-0.2060180370562481,32.25051638858372,22.79562893529095,20.41573924539768,211.90261125564567,1.13249822017825,592783699.3333334,0.11264939109484355,0.007233137885729471,0.4268873959886557,30.14937353171496,5.101761942051684
Parambikulam_Dam,2023,10,0.2120199883136263,1.5381354480296463,-0.0285079668936605,-0.1846279605969403,32.24262208758438,22.80710900692958,20.197533140558505,219.7691125869751,0.2398951490893929,498260901.4205729,0.11467510368674995,0.046232047180334725,0.4354943306215347,30.14937353171496,5.101761942051684
Parambikulam_Dam,2023,11,0.1820258067850453,1.4450649135264613,-0.0250270709164533,-0.1577172281794401,29.654260848162263,22.778503538061045,19.81085712998004,252.3574500083924,1.0583364315005974,427321818.0,0.10031391866505146,0.07431697845458984,0.4232704798380534,30.14937353171496,5.101761942051684
Parambikulam_Dam,2024,1,0.1489182665187661,1.3499505644649104,-0.0212549165919425,-0.1280687188415518,26.323350805222105,22.83702402695957,17.700127332954025,48.23726463317871,1.2298407425589748,563328116.0,0.11610589238504569,0.016966824730237327,0.3709952515085965,30.14937353171496,5.101761942051684
Parambikulam_Dam,2024,2,0.1298531170412455,1.2984625230161302,-0.0095828886146857,-0.1204200753096397,28.78322544730679,24.906589820832608,16.0548151593556,5.633244037628174,1.0616099311669367,647620024.0,0.09904164137939613,9.271005789438884e-05,0.2642069264846743,30.14937353171496,5.101761942051684
Parambikulam_Dam,2024,3,0.1104442993209091,1.2483133978830006,-0.001806146470889,-0.1086598281584015,31.00760342739693,25.89732033514213,18.413968692629112,21.46737110614777,0.2384506539147454,729684466.4973959,0.10503470804542303,0.0007000466187795003,0.2843367190343931,30.14937353171496,5.101761942051684
Parambikulam_Dam,2024,4,0.160286262277942,1.381764058577296,0.0024751669501791,-0.1626968816386526,30.1267240761498,26.376013925340487,20.721883540683336,39.02512407302856,0.4576398553522781,682232896.0,0.12640519036600986,0.004639220734437307,0.3585307863023547,30.14937353171496,5.101761942051684
Parambikulam_Dam,2024,9,0.2034260391787671,1.510752420199736,-0.0258062711614573,-0.1785571336035433,30.928596129415723,22.26938656700986,20.3831241042526,63.15109896659851,1.1263482542795795,516114579.06250006,0.11704299288491407,0.021566882729530334,0.4380993807757342,30.14937353171496,5.101761942051684
Parambikulam_Dam,2024,12,0.1613138438492966,1.3846822620506214,-0.0265848554621277,-0.1353092628676665,27.3646677466445,22.450624877492203,18.57535815632042,123.00609457492828,0.6645145381946577,503347264.0,0.10628484530995289,0.007945646842320759,0.3906004574136495,30.14937353171496,5.101761942051684
Parambikulam_Dam,2025,1,0.1050792520355702,1.2348347655914371,-0.0227008745541004,-0.082575351976182,26.118252043699727,22.77758871235733,15.47576415632784,24.86784505844116,1.692004389554447,599407077.3333333,0.10510511013368765,0.00031039615472157794,0.3029832942511446,30.14937353171496,5.101761942051684
Parambikulam_Dam,2025,2,0.122241277201413,1.2785304754629316,-0.0182146713800172,-0.104258746751054,27.613392766489824,24.52238555635728,13.238237461211211,6.178121209144592,1.2143819658520234,663058482.0,0.08153763289252916,1.0982155799865721e-05,0.2327763088165767,30.14937353171496,5.101761942051684
Parambikulam_Dam,2025,3,0.1243692120309009,1.2840677000847758,-0.01713044390514,-0.1074677281000831,30.36985298186528,25.031027867033515,18.67631940397314,171.93440961837769,0.3161180700163298,669011183.426351,0.11444211937487125,0.003607129057248433,0.3290912737555828,30.14937353171496,5.101761942051684
Parambikulam_Dam,2025,4,0.1783290839685894,1.4340644910006095,-0.0295303693820912,-0.1495864553674734,31.763739737918968,24.1976548300849,20.9480879183169,198.521653175354,0.5560494792309182,592529277.3333333,0.12787695415318012,0.027264274656772614,0.4220306961624711,30.14937353171496,5.101761942051684
Parambikulam_Dam,2025,10,0.1740064108371195,1.4213262987028017,-0.0276044575670636,-0.1471085675883615,28.554430043298225,22.201501170879624,20.21824624256425,254.8313407897949,0.35027802294455,460084481.94344074,0.10431499499827622,0.07275732358296713,0.4408226218274844,30.14937353171496,5.101761942051684
Parambikulam_Dam,2025,11,0.1609411110801691,1.383622921359806,-0.0335522176953482,-0.1280805193768879,29.05134023019616,22.103253096121364,18.488545891090663,165.94876170158386,0.7024430014968306,462688724.0,0.1019431281213959,0.010132196048895517,0.4095650496306242,30.14937353171496,5.101761942051684
Parambikulam_Dam,2025,12,0.1401842281661535,1.3260796853427417,-0.0219625273753441,-0.1185868058425528,25.66628427570072,21.918137787576256,15.781183674856834,44.46363723278046,1.3586715099154023,581279932.0,0.10596714510271947,0.0004435131947199504,0.3409407694279933,30.14937353171496,5.101761942051684
Parambikulam_Dam,2026,1,0.1295665447834096,1.2977058016483742,-0.0253431733882355,-0.104566729574554,24.399376328311178,22.1974414100784,14.318096114401328,33.95435094833374,1.5496132902074364,604984637.3333333,0.09067411969105403,0.00016953299442927042,0.2755863025624265,30.14937353171496,5.101761942051684
Parambikulam_Dam,2026,2,0.1207484104141411,1.2746617961100657,-0.0199934301677155,-0.1009988090372926,26.271842461532856,23.40331575302849,15.114730620005789,26.030303955078125,1.0036486062730403,593220586.0,0.07685594167560339,0.0007560551166534424,0.2521743925790938,30.14937353171496,5.101761942051684
Parambikulam_Dam,2026,3,0.1258796018970106,1.288014333426365,-0.0264645762417753,-0.0997473189182009,31.340825403113968,24.67294653478916,17.85016891315422,55.07173562049866,0.2011856111337591,718949686.6914061,0.10761437409867843,0.0006041303277015686,0.3130097406312129,30.14937353171496,5.101761942051684
Parambikulam_Dam,2026,4,0.1437028737060013,1.3356378745026007,-0.0221918975890777,-0.1218997191309733,32.87689847568652,25.631763945685464,20.41959344369394,62.0866379737854,0.7385481597196083,677909187.3333334,0.11932989644507565,0.001627996563911438,0.358045048183865,30.14937353171496,5.101761942051684
Pechiparai_Dam,2016,3,0.3989649431716849,2.327592920376519,-0.0393954911549446,-0.3653112015621596,30.391265088240857,29.16205523911344,21.6790971940564,12.645973086357117,0.2761312535816183,755020464.5644531,0.07594904396682978,0.00013904273509979248,0.256299336751302,32.92967958213144,5.341233335932019
Pechiparai_Dam,2016,4,0.2682750560903355,1.7332674888925357,-0.0175979495217577,-0.2518661897437415,34.724138898600245,28.89557838439941,24.03161502414281,54.53935480117798,1.5384479682244523,705728596.0,0.10041544586420059,0.0003859102725982666,0.3284597396850586,32.92967958213144,5.341233335932019
Pechiparai_Dam,2016,8,0.3655701977154091,2.152437027387382,-0.0223903264220481,-0.3460120616969267,22.83939758982825,25.56905279672276,22.1926575404342,36.73766899108887,4.226683824295791,657221008.0,0.12199247535318136,0.0003698393702507019,0.3438755158455141,32.92967958213144,5.341233335932019
Pechiparai_Dam,2016,9,0.3033184351702087,1.8707520063181624,-0.0130041237255898,-0.2914639591041114,26.694055298752005,25.72269772423641,21.932877964443666,33.724560260772705,4.031805650550353,629629978.5625,0.08506346959620714,0.00017347931861877441,0.3004299163818359,32.92967958213144,5.341233335932019
Pechiparai_Dam,2016,10,0.3736205073382647,2.1929525526150377,-0.0175142653535743,-0.3584518392371311,30.846085707760608,25.92304113654683,21.90826092791815,65.15830326080322,2.6795747545233826,646859766.4282227,0.09719768073409796,0.02087225764989853,0.3536360750916184,32.92967958213144,5.341233335932019
Pechiparai_Dam,2016,12,0.35796847000897,2.115111807714401,-0.0278603044079465,-0.3334335351053378,32.369017186461065,26.13052018278393,20.110069795834136,28.387264251708984,0.4224953931235753,591977288.0,0.11179177556186914,0.0012762323021888733,0.3272454046433972,32.92967958213144,5.341233335932019
Pechiparai_Dam,2017,1,0.3464282909217729,2.0601079762475103,-0.0227568818661183,-0.3262433904830644,32.99881972805292,26.282709642635893,18.701548143612456,18.668899714946747,0.7998969271519503,611249152.0,0.07465261407196522,0.00024036318063735962,0.2782848522227297,32.92967958213144,5.341233335932019
Pechiparai_Dam,2017,2,0.3114612573318563,1.904702199109141,0.0030564860552358,-0.3142186144963307,37.73246477009849,26.855198251633453,17.049257918766614,26.580424904823303,0.928268849691335,668921058.0,0.05070171132683754,1.990795135498047e-05,0.2491647856576102,32.92967958213144,5.341233335932019
Pechiparai_Dam,2017,4,0.363364249901535,2.141513808627101,-0.0255145051674981,-0.3410112804455562,31.853787525886787,28.13116630978056,23.2390907711453,27.55139875411988,2.638971542529439,728211618.0,0.10552109777927399,0.00047075748443603516,0.3469228956434462,32.92967958213144,5.341233335932019
Pechiparai_Dam,2017,8,0.2096821951207082,1.5306275369887026,0.0006905287091009,-0.2103422680414215,-117.35842303462844,25.50091654049453,22.51596746957432,91.1414394378662,3.7186068547141904,581668788.0,0.10766658186912537,0.0009024888277053833,0.3901268948790847,32.92967958213144,5.341233335932019
Pechiparai_Dam,2017,10,0.3919822443422097,2.289377623250952,-0.0290609481863448,-0.3671031055491675,37.04424705898532,25.529123232441577,22.930783761957684,177.83840465545654,2.1544031233300425,561070920.9274902,0.12499301228672266,0.030066698789596558,0.4516860797841062,32.92967958213144,5.341233335932019
Pechiparai_Dam,2017,12,0.3353014449949166,2.008882725771391,-0.0122440684568153,-0.3243891411854422,33.362052182113985,24.953708451794057,20.67651236749469,60.84277701377869,0.9042413472374958,578510220.0,0.12271406501531601,0.0036512166261672974,0.392518792101132,32.92967958213144,5.341233335932019
Pechiparai_Dam,2018,1,0.3286589623204152,1.979111789311698,-0.011466354858033,-0.3183924759680085,33.264359410754764,25.5826135122648,18.46815858656361,5.694202095270157,0.6135830016016488,646942748.0,0.10123367980122566,0.00012106448411941528,0.2655523566789524,32.92967958213144,5.341233335932019
Pechiparai_Dam,2018,3,0.3631011667647861,2.14021614679482,-0.0201000386328032,-0.3455228741295261,40.34148200958242,27.749689315467776,20.76700672846971,31.56045001745224,0.2197487704639038,710991173.7617188,0.10020717512816191,0.0019655153155326843,0.312846932359921,32.92967958213144,5.341233335932019
Pechiparai_Dam,2018,4,0.3680081131068899,2.1645975865798794,-0.0267677719163325,-0.3446352594661818,35.18543142538192,27.90861343807649,23.1197306527032,75.89001166820526,0.724755736684468,676679342.0,0.11602131649851799,0.0033290162682533264,0.3685118145412869,32.92967958213144,5.341233335932019
Pechiparai_Dam,2018,7,0.3511482637875981,2.082368264396998,-0.0219296961494588,-0.3317734136024387,15.244477661883138,24.92058931166128,22.460544143184563,152.60802555084229,4.359129143673044,589692124.0,0.1316989492624998,0.001817546784877777,0.4516292079802482,32.92967958213144,5.341233335932019
Pechiparai_Dam,2018,9,0.3636817506540541,2.1430813151371115,-0.012511405334366,-0.352775533898499,38.19993323708297,25.91274765862363,21.89076224433052,152.02858448028564,2.780888347178581,670626906.5625,0.11927866376936436,0.0086640864610672,0.3173812654283311,32.92967958213144,5.341233335932019
Pechiparai_Dam,2018,11,0.3545696644795834,2.098707776707429,-0.036407261200874,-0.3223232451667342,34.8894187590123,25.06847082773845,22.38326513502335,232.38801622390747,0.5090972344300356,465814100.0,0.10673181992024183,0.014687798917293549,0.4675468232896593,32.92967958213144,5.341233335932019
Pechiparai_Dam,2019,1,0.3127653598115095,1.910214187473804,-0.006454238607785,-0.3069307106458855,34.045017973053746,25.70101066097141,16.43394702788322,6.3395339250564575,1.1438707470762648,694449292.0,0.0950752617791295,1.598149538040161e-05,0.2477301115630775,32.92967958213144,5.341233335932019
Pechiparai_Dam,2019,2,0.3212890163234624,1.9467623894431725,-0.0110031263873063,-0.3113866991047361,36.03021619400761,27.03573888142904,20.091083508446104,24.152363061904907,0.748218565340546,616940964.0,0.09599666483700275,0.004975765943527222,0.3094346182686942,32.92967958213144,5.341233335932019
Pechiparai_Dam,2019,3,0.3553008545565831,2.1022221979593634,-0.0209875197993722,-0.3368249996132282,36.008551413350915,28.80673938464093,20.300978309877507,9.811923801898956,0.3087142761717517,777056620.7844238,0.07859100122004747,0.00012509524822235107,0.2574738533266129,32.92967958213144,5.341233335932019
Pechiparai_Dam,2019,4,0.3722796790872263,2.186132316206973,-0.0234527550523663,-0.3518993516879063,39.455218009858015,28.498238351609984,23.43480464087594,136.6961305141449,1.3713540975271157,667989090.0,0.09540025610476732,0.0067971572279930115,0.3461813184950086,32.92967958213144,5.341233335932019
Pechiparai_Dam,2019,5,0.3154373007109982,1.9215731474666,-0.0367283997511325,-0.28197573286489,30.06168316005665,27.69175083201424,23.756541619249617,109.664053440094,3.001863160398836,682924528.0,0.12339503411203623,0.0006413310766220093,0.3729902698147681,32.92967958213144,5.341233335932019
Pechiparai_Dam,2019,7,0.4072760745044727,2.374252183810474,-0.0302295439185547,-0.3817465057559153,28.194867443211702,25.491117998348784,22.77981078035089,97.17447566986084,3.4669312563598704,554053884.0,0.12216555327177048,0.0038074851036071777,0.4454607604652322,32.92967958213144,5.341233335932019
Pechiparai_Dam,2020,1,0.3558991704253429,2.105103903251816,-0.0175502046379853,-0.3404756116189408,36.77636772202345,25.85071724512244,19.548020381312256,9.244616329669952,1.3272553829430274,662926412.0,0.10796303860843182,5.40316104888916e-05,0.2752101241901357,32.92967958213144,5.341233335932019
Pechiparai_Dam,2020,4,0.3961710484719528,2.312196268394896,-0.0307913548135432,-0.3698918726803346,39.84090655644809,28.507565074496824,23.12888278961185,96.35980296134947,0.7035270178154808,698790332.0,0.1107137044891715,0.0007981732487678528,0.3614603466457791,32.92967958213144,5.341233335932019
Pechiparai_Dam,2020,7,0.4217239440151493,2.458555787155737,-0.0337307737831268,-0.3935920465963519,36.476868118098025,25.6592149713988,22.639047118156213,159.02552223205566,3.0850024627219423,575496040.0,0.13422981183975935,0.009861864149570465,0.4574126376900622,32.92967958213144,5.341233335932019
Pechiparai_Dam,2021,2,0.3265752945280188,1.9698940115335777,-0.0077008987670402,-0.3196783623174346,38.29939611801484,26.41905008497696,18.21092858087451,23.12480020523072,0.846164941600933,658569872.0,0.10755356959998608,8.462369441986084e-05,0.2586159251985095,32.92967958213144,5.341233335932019
Pechiparai_Dam,2021,4,0.3609144232353813,2.1294713458016576,-0.0338982018249013,-0.3310666061300607,24.247106587134624,27.163013712565142,23.154659483167904,147.54931473731995,1.6932452132834923,676771600.0,0.12675668112933636,0.011743061244487762,0.4111658520168728,32.92967958213144,5.341233335932019
Pechiparai_Dam,2021,7,0.1454543463433932,1.340424986590226,-0.0036164440348327,-0.1419125522140706,25.1137718770799,25.412632899130585,22.616846831126907,126.76929903030396,3.835192769120588,578785462.0,0.13418285828083754,0.005650706589221954,0.4440116677232968,32.92967958213144,5.341233335932019
Pechiparai_Dam,2021,11,0.3674688614127753,2.161899672586956,-0.0245113462757537,-0.3460746637971735,38.16326705265516,24.594582112630235,22.632405005561,430.7519111633301,1.2305011898775002,382351296.0,0.09255462605506182,0.10072267055511475,0.472530280219184,32.92967958213144,5.341233335932019
Pechiparai_Dam,2021,12,0.3548985750959538,2.1002876800302905,-0.0224884037495529,-0.3350845151905057,33.81861372611479,24.89295053789692,20.543015642063608,47.69911050796509,1.0624230842411797,601895848.0,0.12120936159044504,0.0019318759441375732,0.3847105785082745,32.92967958213144,5.341233335932019
Pechiparai_Dam,2022,2,0.3729835202710092,2.1897088268946945,-0.0268516521194704,-0.3496335261402557,35.56970287043106,27.015998549688447,19.398286142803386,50.81347990036011,0.5991557100300088,600596384.0,0.08215437177568674,0.00029452890157699585,0.2902062279837472,32.92967958213144,5.341233335932019
Pechiparai_Dam,2022,3,0.3845788198752335,2.249806903939401,-0.0269177891936209,-0.3614022711858209,37.28200439868357,27.900362925375703,20.72510763188848,20.1378093957901,1.0123561292410108,736061238.0039062,0.08594100456684828,0.00024397671222686768,0.2824314691687143,32.92967958213144,5.341233335932019
Pechiparai_Dam,2022,4,0.4049643144865191,2.361142951072115,-0.033498996762579,-0.3765738806765504,36.50726166560781,26.72284581926135,23.835793050130235,309.6007642745972,1.137110137474597,618628122.0,0.1279616579413414,0.028953038156032562,0.4504543092515733,32.92967958213144,5.341233335932019
Pechiparai_Dam,2022,6,0.1217098310945972,1.2771517555440293,-0.0025212086760083,-0.1192252073747677,19.050792590994547,25.67019036610924,22.892953915066187,116.86345911026,3.388425084603706,597676874.0,0.13476736564189196,0.0009422600269317627,0.4355371475219726,32.92967958213144,5.341233335932019
Pechiparai_Dam,2022,9,0.2533757618247905,1.6787236440222053,-0.0123213810671606,-0.2418092947014,28.89282923860412,25.07808492448595,22.43360203637019,99.40122735500336,3.101481658617795,642779843.875,0.1346080368384719,0.009886354207992554,0.4175458484225803,32.92967958213144,5.341233335932019
Pechiparai_Dam,2022,10,0.3936912854921935,2.298649602329358,-0.0253618533644882,-0.3720441969458606,35.33545776932351,25.045931444885923,22.443352840792784,162.4788761138916,1.9251211691228527,558050411.3046875,0.11712241545319557,0.019544214010238647,0.4255537012571929,32.92967958213144,5.341233335932019
Pechiparai_Dam,2022,11,0.3662328766741291,2.155733275504161,-0.0310398416865504,-0.3390472599939296,28.031160503115416,24.66366335550947,22.09742009904653,212.51139664649963,0.4337802764833732,506200372.0,0.11183499917387962,0.025335080921649933,0.4547070821126302,32.92967958213144,5.341233335932019
Pechiparai_Dam,2023,1,0.330336674595959,1.9865753791926728,-0.0137755448665701,-0.3180082477843564,34.36924274134225,25.27075189980133,17.686296635289352,8.577788710594177,1.0862464017073925,640508974.0,0.10660881921648979,0.0002659335732460022,0.2963849549652427,32.92967958213144,5.341233335932019
Pechiparai_Dam,2023,2,0.3239857230476217,1.9585173985029456,-0.016233861702933,-0.3093790526684403,34.961742285788546,26.049104377201672,17.151574139367995,41.23497748374939,0.6477166657610818,648795544.0,0.09540688619017601,0.0008981898427009583,0.3008641288394019,32.92967958213144,5.341233335932019
Pechiparai_Dam,2023,3,0.3589084327218652,2.1196791567409723,-0.0233041195295153,-0.3384349987570456,36.90248952132174,28.1227867454611,20.38533221829323,20.5316544175148,0.3641153975787883,739116143.1289062,0.0887449812144041,0.0002532675862312317,0.284214347921392,32.92967958213144,5.341233335932019
Pechiparai_Dam,2023,4,0.4173939953857613,2.4328516770510484,-0.0405935288405137,-0.3832948204924403,36.09480201949606,27.90352410210505,22.857898224724693,129.63483452796936,0.7406767404772313,675841738.0,0.10534993186593056,0.0064423903822898865,0.3603537877400716,32.92967958213144,5.341233335932019
Pechiparai_Dam,2023,5,0.224513108064365,1.579024894937875,-0.0098714774994367,-0.2151183923153225,25.588653610553195,27.04175746876706,23.912657140916394,382.8620843887329,2.315647855274916,631410164.0,0.13740655314177275,0.015080153942108154,0.4301998179445984,32.92967958213144,5.341233335932019
Pechiparai_Dam,2023,6,0.3978435056780746,2.32139571499956,-0.0380911103091262,-0.3652880808468758,26.417967012186523,26.62574106852213,23.062902175055623,413.7092247009277,3.5441190899197506,615570996.0,0.11683520581573248,0.000485442578792572,0.3689271503024631,32.92967958213144,5.341233335932019
Pechiparai_Dam,2023,7,0.4135492497113111,2.4103460503980445,-0.0311650249508324,-0.3873768431470647,35.98803649769002,25.57921106892252,22.78400651665146,92.54206132888794,3.967820923001854,575023690.0,0.1251223934814334,0.007124222815036774,0.4244712911626344,32.92967958213144,5.341233335932019
Pechiparai_Dam,2023,8,0.4053813564648783,2.363500323685812,-0.0274631711778823,-0.3821729386200499,36.66334851366128,26.6127518561579,22.34796440780804,30.51603746414185,3.269391723074963,710918258.0,0.11586778610944748,0.004397235810756683,0.31992188320365,32.92967958213144,5.341233335932019
Pechiparai_Dam,2023,12,0.3600224239969316,2.125109496008984,-0.0263403349129674,-0.3368767285698561,34.54339926007083,25.4313039759154,22.252423325405346,117.21634697914124,1.161274532760124,470446020.0,0.11051260773092508,0.15318132191896439,0.4420039679414482,32.92967958213144,5.341233335932019
Pechiparai_Dam,2024,1,0.3346230934512773,2.005815170793801,-0.018892439476528,-0.3177393534068578,34.29517387472748,25.93259414344709,20.660069894277967,27.68510454893112,1.3435291673117624,582678418.0,0.11644656583666801,0.001374170184135437,0.3520159977738575,32.92967958213144,5.341233335932019
Pechiparai_Dam,2024,2,0.3467204853716881,2.061476680679195,-0.0231308707596783,-0.3262057674925583,33.96370807342157,27.91178599390492,19.90791640007637,16.902856588363647,1.214413818844691,668499352.0,0.09347769804298878,0.0007836669683456421,0.2696889680007408,32.92967958213144,5.341233335932019
Pechiparai_Dam,2024,3,0.3943874884629199,2.3024416799512326,-0.0344453786997303,-0.3648992020748833,36.29804078015127,29.00754326440955,20.998871001376926,32.06086802482605,0.1731118187154871,776906637.1640625,0.0887348111718893,0.00022664666175842285,0.2727232902280746,32.92967958213144,5.341233335932019
Pechiparai_Dam,2024,4,0.2817769106268743,1.78465010327867,-0.0240985942245478,-0.2594400250652401,25.350005688240344,29.385681894090453,23.507783063252816,96.0572578907013,0.701047674494584,713559394.0,0.10065901931375265,0.0004596710205078125,0.3261503219604492,32.92967958213144,5.341233335932019
Pechiparai_Dam,2024,5,0.4166784180254255,2.428640499173533,-0.0349013339747242,-0.3874110607835314,36.9332605934145,27.03202141792548,24.442369448754107,425.3765305280685,2.481228418133074,494596982.0,0.10457494854927063,0.059221118688583374,0.4361578623453776,32.92967958213144,5.341233335932019
Pechiparai_Dam,2024,9,0.3356265791842074,2.010355226950793,-0.0235725883514327,-0.3145425214162073,28.28123935277125,25.82638797760012,22.79287435743544,90.38321924209596,3.318216553542058,622562413.0625,0.13135741092264652,0.000782109797000885,0.3958547168307834,32.92967958213144,5.341233335932019
Pechiparai_Dam,2024,11,0.3212723943668825,1.946690223590359,-0.0322935156524028,-0.2920084710094124,29.47583317100623,25.0685379452176,22.625514072842066,299.71386528015137,0.4533339956191318,426380472.0,0.09813798405230045,0.024299554526805878,0.473239877488878,32.92967958213144,5.341233335932019
Pechiparai_Dam,2024,12,0.3743265254306413,2.1965555218344024,-0.0281161180528745,-0.3498928931932942,31.838167248945524,25.30785161500336,21.91398032813948,54.13271141052246,0.627663983741865,543277668.0,0.12124172691255808,0.010062269866466522,0.4219467614286689,32.92967958213144,5.341233335932019
Pechiparai_Dam,2025,1,0.3476224396762694,2.065709370824368,-0.0200062803951227,-0.3299105658595456,34.76310491275706,24.98920788098411,19.60690792452908,24.223249435424805,1.6347696263909746,552056524.0,0.11460756231099367,0.0005948394536972046,0.346613299462103,32.92967958213144,5.341233335932019
Pechiparai_Dam,2025,2,0.3268559106438788,1.971132082453623,-0.0053853822435391,-0.3220373927943778,35.93956990756772,26.78730719884237,18.023022656213698,32.86333513259888,0.9076043360017227,673183434.0,0.0885619381442666,3.62396240234375e-05,0.2515284674508231,32.92967958213144,5.341233335932019
Pechiparai_Dam,2025,3,0.4064777659087788,2.3697136941505224,-0.0351848383397578,-0.3766801522934573,35.00501618904451,27.491014181157595,21.86254444737591,106.8506680727005,0.1624198092786082,682358598.0930176,0.1201605862006545,0.002592414617538452,0.3581797692083543,32.92967958213144,5.341233335932019
Pechiparai_Dam,2025,4,0.4144777384174337,2.4157539878916694,-0.0378969097535041,-0.3825903378730587,33.87834195623759,26.70339756011964,23.888975143432617,268.0158357620239,1.549377025425187,625012436.0,0.13453681953251362,0.015392675995826721,0.4566732618543836,32.92967958213144,5.341233335932019
Pechiparai_Dam,2025,5,0.416920749698194,2.430065465311595,-0.0361601316099205,-0.3865887956616718,36.77022466108218,26.47321504982574,23.67960245686197,314.55029678344727,3.2312944801665444,588324238.0,0.1385305905714631,0.011358655989170074,0.4384538999167822,32.92967958213144,5.341233335932019
Pechiparai_Dam,2025,6,0.4146150932569196,2.4165554611365816,-0.0342450674036477,-0.3858485042583278,33.93387120813679,25.512982114156102,23.132665146721763,132.45050716400146,3.682575490976327,540955134.0,0.12604207079857588,0.005327284336090088,0.4467072592841254,32.92967958213144,5.341233335932019
Pechiparai_Dam,2025,7,0.4008289394951723,2.337944923966977,-0.0307549535187868,-0.3746930047765034,32.56541088267778,25.169718432682828,22.44615414116976,84.10237979888916,4.054496504220411,543024840.0,0.12628971133381128,0.012548677623271942,0.4308384515905893,32.92967958213144,5.341233335932019
Pechiparai_Dam,2025,8,0.3963284444172178,2.3130598609523814,-0.0269509433821482,-0.373365577624115,34.3511411024806,25.08101814844275,22.17503171120921,61.24929928779602,3.5926690903242,626297628.0,0.13250369112938643,0.0006783455610275269,0.3985719168058005,32.92967958213144,5.341233335932019
Pechiparai_Dam,2025,9,0.4147104877453236,2.4171123147167246,-0.0344651188517018,-0.3857590407034391,35.57170253640152,25.70166240268287,22.20386182996964,146.69234085083008,3.30834050654422,618842234.125,0.11556886415928602,0.0007185637950897217,0.3537250094943576,32.92967958213144,5.341233335932019
Pechiparai_Dam,2025,11,0.3810422455597422,2.23123829639821,-0.0266528110249103,-0.358025486585596,35.11742224003433,24.515102958679226,21.880142932468004,329.64862751960754,0.8543563510561444,455177868.0,0.10172150656580925,0.05303265154361725,0.443036248948839,32.92967958213144,5.341233335932019
Pechiparai_Dam,2025,12,0.3536421845496984,2.094261339760624,-0.0245537502927756,-0.3319710189154403,33.618960414208345,24.25390902693556,19.471076953026568,20.62462103366852,0.979089462796373,606919364.0,0.11016192473471165,0.00015579164028167725,0.3360022883261404,32.92967958213144,5.341233335932019
Pechiparai_Dam,2026,1,0.3184786825389115,1.934611066093601,-0.0156291571922814,-0.3043645159754647,34.0806316375033,25.48440027544575,17.863953424269198,5.43019637465477,1.106609247855976,635171828.0,0.07731347996741533,6.183236837387085e-05,0.2496034150482506,32.92967958213144,5.341233335932019
Pechiparai_Dam,2026,3,0.3791460638906703,2.221369606727932,-0.0367678824368405,-0.3472185461465961,33.34934634424019,27.28033253249305,21.026992354854485,26.62393260002136,0.1612374861148231,751575198.6914062,0.119531468488276,0.00029399991035461426,0.3263834061161164,32.92967958213144,5.341233335932019
Pechiparai_Dam,2026,4,0.4218548304522915,2.459338770510924,-0.0390643004409135,-0.389204410012247,34.668927531349595,28.713315052456323,22.72184134589304,86.66800665855408,1.3319309257885013,719392892.0,0.08861058112233877,0.0008926764130592346,0.3007886038886176,32.92967958213144,5.341233335932019
Peechi_Dam,2016,1,0.344347774733631,2.050397639064626,-0.0192378156527925,-0.3272780119472313,30.11802309902896,28.00363176407353,17.37562287033245,4.295010268688202,1.42418135981103,660627264.0,0.09441518876701593,1.3619661331176758e-05,0.2665906516454553,27.9180162727625,5.256110034870208
Peechi_Dam,2016,3,0.3616378661912676,2.133017912680963,-0.0205491052013681,-0.3436424832509918,36.76956161453336,30.02729223928145,22.61441042910343,18.56244206428528,0.959540059452528,711468520.5644531,0.06904098577797413,0.00015526264905929565,0.2851128526913222,27.9180162727625,5.256110034870208
Peechi_Dam,2016,4,0.3803952806215839,2.2278643745747915,-0.0232746288195125,-0.3603106836844078,38.507266530589504,29.931401952107763,24.38307715521921,44.07205426692963,1.453591917333496,637089934.0,0.08171959314495325,0.00029514729976654053,0.3417420069376627,27.9180162727625,5.256110034870208
Peechi_Dam,2016,12,0.3643984846398843,2.146625600580657,-0.0270085363110533,-0.3407435014728417,33.29890462887761,26.2455786715272,20.622896366734665,31.33925747871399,,572083904.0,0.11083510518074036,0.0009101629257202148,0.3749654421242334,27.9180162727625,5.256110034870208
Peechi_Dam,2017,1,0.3325596217901132,1.9965223341208609,-0.0146417438618704,-0.3194734750414499,32.33255301833361,27.12338819606333,18.029284618746885,5.848700761795044,1.0374158740549642,598999874.0,0.07804173417389393,0.0001494884490966797,0.2797920883342784,27.9180162727625,5.256110034870208
Peechi_Dam,2017,2,0.34128275742052,2.0362041111420925,-0.0256992429946187,-0.3183758966125992,17.967800745049658,28.289951669602203,17.17272332055228,11.13396680355072,0.7118015389329834,657404410.0,0.056200966238975525,9.462237358093262e-06,0.269123531523205,27.9180162727625,5.256110034870208
Peechi_Dam,2017,3,0.370341079297359,2.176322822152961,-0.0285976778861824,-0.3454015125264928,37.27652075483627,28.140535588418288,22.23253269400652,49.172191858291626,0.626183139485042,672278664.2438965,0.10341865196824074,0.001486748456954956,0.3754516519525999,27.9180162727625,5.256110034870208
Peechi_Dam,2017,4,0.3092248716299602,1.8952982205934672,-0.0323745908257167,-0.2796498636126266,34.28830476639894,28.508293045891666,24.473482047186963,28.750839114189148,1.3923563401437713,600505844.0,0.1067363154143095,0.0007520020008087158,0.4124161190456814,27.9180162727625,5.256110034870208
Peechi_Dam,2017,5,0.2948360873832946,1.8362200110020488,-0.0339226194672195,-0.2635493867297467,0.1819824239233867,27.355462133756248,24.56138293768771,321.44648361206055,0.985409124521237,549762524.0,0.11271932814270258,0.03585316240787506,0.4634264874201949,27.9180162727625,5.256110034870208
Peechi_Dam,2017,10,0.194659151559559,1.4834205341415885,-0.0039662725337615,-0.1908402212732755,-42.63484908451596,25.67727196396038,23.281458955170024,269.08718967437744,0.5627998701160964,486287818.92749023,0.10900574922561646,0.023295298218727112,0.4729327130061324,27.9180162727625,5.256110034870208
Peechi_Dam,2017,11,0.3766978218039197,2.208716526209273,-0.031190289570957,-0.3496152718915413,30.647591110511485,26.273122999403256,22.365460756089988,111.54255771636964,0.6827786467156207,511306660.0,0.11445036996155977,0.002534329891204834,0.4307450824313693,27.9180162727625,5.256110034870208
Peechi_Dam,2017,12,0.3710968389811478,2.180139843405951,-0.0277620897959242,-0.346908750137544,35.47522606401196,26.280875265470115,19.68388121410084,16.340635895729065,1.388214479408347,583054504.0,0.11370653193444014,0.0014678463339805603,0.3757558843140961,27.9180162727625,5.256110034870208
Peechi_Dam,2018,1,0.3281991805838798,1.9770728796345511,-0.0214647075682311,-0.3089106557377026,31.26374298172209,27.11939474126348,17.734363748694022,3.17545172572136,0.5080392426495405,648101820.0,0.07140008639544249,2.8878450393676758e-05,0.2621569479665449,27.9180162727625,5.256110034870208
Peechi_Dam,2018,2,0.3394094069807456,2.0275938245788883,-0.0109630962052594,-0.329673016812205,35.04274018544453,28.49400184722174,17.475115076700888,11.817619681358336,0.5912734980693453,655120310.0,0.05618334375321865,7.550418376922607e-05,0.273839655376616,27.9180162727625,5.256110034870208
Peechi_Dam,2018,11,0.3595986467386215,2.1230414954849484,-0.0314122680871833,-0.3319358627893378,29.687887665632505,26.33119055430097,22.528387747870568,98.21190142631532,0.7291696177454777,511505512.0,0.11811417248100042,0.01684214174747467,0.4495977189805772,27.9180162727625,5.256110034870208
Peechi_Dam,2018,12,0.3560676384939245,2.105916272513864,-0.0222781944552015,-0.3364584152520171,27.12360563521736,26.62012888590499,21.46514017658853,11.537494361400604,0.5415693080915829,571067756.0,0.12164048198610544,0.004535704851150513,0.4004272132791499,27.9180162727625,5.256110034870208
Peechi_Dam,2019,1,0.3309822834742103,1.9894574547083803,-0.0215593448225988,-0.3116467756147883,30.892488058083813,26.64791926312193,15.926977206814684,3.30904233455658,0.9829519012117788,678698632.0,0.08619849942624569,7.88271427154541e-06,0.2751752381683677,27.9180162727625,5.256110034870208
Peechi_Dam,2019,2,0.326389282154369,1.969073898343662,-0.0086181111714786,-0.3186675378726564,34.575066405303915,28.82986439296178,19.352122152419327,7.386662423610687,0.3008521864031424,629001176.0,0.05867204163223505,6.480515003204346e-05,0.269473461877732,27.9180162727625,5.256110034870208
Peechi_Dam,2019,3,0.262166342627043,1.7106380686413287,-0.0084333458427359,-0.2542952281324953,33.85241476905685,29.375610667403063,21.80822902392316,19.26606333255768,1.1297944473102326,719569314.7844238,0.057859938591718674,0.00011482089757919312,0.2701592394100722,27.9180162727625,5.256110034870208
Peechi_Dam,2019,4,0.1226524698843451,1.2795983704842178,0.0042982459487904,-0.1268838238888882,26.02243320685409,28.788838937547496,24.487745179070373,94.68640661239624,1.0783712607863043,629160578.0,0.10355626698583364,0.003396548330783844,0.41233033074273,27.9180162727625,5.256110034870208
Peechi_Dam,2019,6,0.3849781029275745,2.2519167358434373,-0.0329755939140762,-0.3565285973394408,20.173773346885127,26.13159181806776,24.176124360826293,620.8237342834473,1.3710953820485476,455762112.0,0.1056317500770092,0.024022728204727173,0.4842220942179362,27.9180162727625,5.256110034870208
Peechi_Dam,2019,9,0.3280750902269876,1.976523077073648,-0.0244502886538492,-0.306080031932532,28.374998592788813,25.305046568976536,23.42412211100265,278.8250789642334,0.93894270321266,439672274.9375,0.10021063778549433,0.016815081238746643,0.4826810201009114,27.9180162727625,5.256110034870208
Peechi_Dam,2019,12,0.3618390501351614,2.134005614764734,-0.0215113307583465,-0.3429974881702768,32.540461121709484,27.3920445678055,19.96177245519499,36.63732135295868,2.460243232783656,557834324.0,0.11030976288020611,0.0009985044598579407,0.3377152309622815,27.9180162727625,5.256110034870208
Peechi_Dam,2020,1,0.3324190857632017,1.9958915201859384,-0.0150204104771919,-0.3189914221429983,31.392773169045995,28.752029304094208,18.41410793591575,5.564204573631287,0.9045576191850102,660426360.0,0.06649651378393173,5.304813385009766e-06,0.2541154020576067,27.9180162727625,5.256110034870208
Peechi_Dam,2020,2,0.3472316082899989,2.063873841625163,-0.0128412525462979,-0.3358880431687436,33.5451532475621,29.443771397382363,18.186186047258047,9.325682163238524,0.729022064072095,677996896.0,0.04931626562029123,2.4653971195220947e-05,0.2531613317029229,27.9180162727625,5.256110034870208
Peechi_Dam,2020,3,0.3540462780835129,2.096197037252419,-0.0157082543123993,-0.3402301966493612,38.08704429121889,29.13941234465568,22.70282098093344,26.90260374546051,0.8042197341997266,691885152.5170898,0.0797763979062438,0.00028768181800842285,0.3288549402708648,27.9180162727625,5.256110034870208
Peechi_Dam,2020,4,0.1648078309741791,1.3946584680419432,-0.0068552260730493,-0.1581312607994268,28.397206940157844,29.128287188212084,23.85454196929936,80.70530843734741,0.7838497398063682,638080616.0,0.08524997998028994,0.005104318261146545,0.367236073811849,27.9180162727625,5.256110034870208
Peechi_Dam,2020,7,0.3239400310282683,1.958317444888719,-0.0234203865274604,-0.3028170571737739,30.092955865171973,25.21945470174154,23.438158761301395,897.5758819580078,0.9789127960338366,399256654.0,0.08763631526380777,0.05164569616317749,0.4804629254084761,27.9180162727625,5.256110034870208
Peechi_Dam,2020,10,0.368449104281989,2.166807320772141,-0.0273635771226882,-0.3445594045289775,15.925778725030682,25.50218263031337,22.99246864729031,127.27949976921082,0.9135039073777536,521434223.3293457,0.11406887974590063,0.00803353637456894,0.4678622215024887,27.9180162727625,5.256110034870208
Peechi_Dam,2020,12,0.3571353348937437,2.1110747075660607,-0.0280849950475796,-0.3323842012855457,31.410718792999205,26.47258183058875,19.539004590434445,41.57565081119537,1.9439918750218728,522486428.0,0.1109241871163249,0.000562816858291626,0.3710601765622375,27.9180162727625,5.256110034870208
Peechi_Dam,2021,1,0.3594576184778892,2.122353895221471,-0.0284111548127188,-0.3344621942931641,29.11012672550192,26.585629256053664,19.93484011824416,38.15345877408981,1.4259085767495363,547813556.0,0.10847732704132795,0.002306506037712097,0.3803231434155536,27.9180162727625,5.256110034870208
Peechi_Dam,2021,2,0.3650389861306686,2.149799682680329,-0.018031255175683,-0.3493069078331333,32.805444180719746,28.350888347625755,17.54319815862749,6.77801650762558,0.6575983922438663,640473734.0,0.07092717755585909,4.690885543823242e-05,0.2671167282831101,27.9180162727625,5.256110034870208
Peechi_Dam,2021,3,0.3365702168172573,2.014637043283143,-0.0166587314992343,-0.3217152891769979,36.75555242791427,29.242328631493365,21.04859303710282,75.44387912750244,0.5997586858460721,730299595.0380859,0.0650238748639822,0.00019484013319015503,0.2823851595642746,27.9180162727625,5.256110034870208
Peechi_Dam,2021,12,0.3575233151366337,2.112953430248344,-0.03651782485396,-0.3252519715020984,33.33657956678894,26.703450159872773,19.466864768407675,22.24116462469101,1.7486250697065322,607860056.0,0.11977637559175491,0.00015319138765335083,0.3558361299576298,27.9180162727625,5.256110034870208
Peechi_Dam,2022,1,0.3531715061176017,2.0920097350622058,-0.0203162018533464,-0.335260835494342,26.81746750315307,27.81487717987392,18.45290433001776,6.771657586097717,0.973572401065808,648286840.0,0.07358359359204769,1.255422830581665e-05,0.2554972863966419,27.9180162727625,5.256110034870208
Peechi_Dam,2022,2,0.3515454575526878,2.0842562879610065,-0.0214211126436515,-0.3326292074411681,32.00226028348311,28.5447926112584,18.79123919804892,9.801851868629456,0.2826987797447413,626730102.0,0.05171905551105738,1.7754733562469482e-05,0.2547618775140671,27.9180162727625,5.256110034870208
Peechi_Dam,2022,3,0.3607947274604651,2.1288853298316623,-0.0295281198200195,-0.3348337895331537,34.938135850185404,28.79245801946172,20.72357978410622,52.924060583114624,0.5630700643004704,686945436.0039062,0.06832634843885899,0.00028902292251586914,0.3089348577683972,27.9180162727625,5.256110034870208
Peechi_Dam,2022,10,0.0693926964976084,1.1491342185612454,0.0024298237651439,-0.0718104121638794,18.769596975159686,25.54355304266818,22.9237822132726,208.3097219467163,0.4402243624539884,513668059.3046875,0.11045281775295734,0.012208707630634308,0.465470467844317,27.9180162727625,5.256110034870208
Peechi_Dam,2022,11,0.1800158664544333,1.4390715846562898,-0.0109086785200176,-0.1694399230783022,26.15975911049032,25.505256779988656,22.2340628941854,127.52187848091124,0.3650036570067328,511711836.0,0.11376912333071232,0.010754048824310303,0.4530497233072916,27.9180162727625,5.256110034870208
Peechi_Dam,2023,1,0.3559707987197699,2.105449249854371,-0.0226942289205055,-0.3359908662314466,30.166614879604253,26.90388729546663,16.962548315396873,10.776232779026031,1.0615617013606455,655445160.0,0.09427990298718214,1.4998018741607666e-05,0.2699057056057837,27.9180162727625,5.256110034870208
Peechi_Dam,2023,2,0.3276664039229182,1.9747137606532807,-0.013570377558858,-0.3154989101931745,33.37088725696174,28.290829753875755,17.07422225134718,11.313003659248352,0.3258088600614883,652470804.0,0.05580985080450773,2.816319465637207e-06,0.2525404521397182,27.9180162727625,5.256110034870208
Peechi_Dam,2023,3,0.2287915651550984,1.5933326317965153,-0.0124068790301855,-0.2170006618757316,30.020930858558188,29.07044877083075,19.428177585396725,40.701244473457336,0.300627103342137,732368705.1289062,0.061607517302036285,0.00012727826833724976,0.2822348071682837,27.9180162727625,5.256110034870208
Peechi_Dam,2023,4,0.3186926840081061,1.9355328396676068,-0.019482998412258,-0.3010791126191608,34.70757397116472,28.970752292209227,23.32126628028027,38.6774890422821,0.902558033857707,664524818.0,0.07197685167193413,0.0052402690052986145,0.327491717868381,27.9180162727625,5.256110034870208
Peechi_Dam,2023,5,0.2188090937406206,1.5601936530171776,-0.0181426252792625,-0.2014662433915186,24.632007369739767,27.731633245816795,24.66371245845676,226.57917404174805,0.7661760731254007,574420700.0,0.11835300829261541,0.010415993630886078,0.4720752675046203,27.9180162727625,5.256110034870208
Peechi_Dam,2023,8,0.3501207727965461,2.0774948887139484,-0.0250711550218668,-0.3279281488220527,30.659351600464674,26.34451481398719,23.55361481943441,185.4119358062744,1.6119750046986874,627497412.0,0.11873259115964174,0.005451329052448273,0.4564930905577957,27.9180162727625,5.256110034870208
Peechi_Dam,2023,10,0.4211267761904787,2.454987927819756,-0.0379784760349217,-0.3893758819038878,37.918331151914174,26.0648961303055,23.48328880392097,284.3516063690185,0.3105696852430785,526034808.75390625,0.11583722941577435,0.013823561370372772,0.4663973572433635,27.9180162727625,5.256110034870208
Peechi_Dam,2023,11,0.3899933039836749,2.278652534572302,-0.0311944678404392,-0.3632176084774514,34.13130266970995,26.474552981058764,22.98624142540825,225.7987163066864,0.9528491173896698,477386068.0,0.11097573395818472,0.0347692146897316,0.4415240393744574,27.9180162727625,5.256110034870208
Peechi_Dam,2024,1,0.3566700131581082,2.108824461639048,-0.0247398318931195,-0.3348851935336562,30.33686871198927,27.07464723484492,20.84029292855212,28.97641569375992,1.005336746858553,585900254.0,0.1186835328117013,0.003176853060722351,0.3763588115733157,27.9180162727625,5.256110034870208
Peechi_Dam,2024,2,0.3659042524880516,2.154097796504011,-0.0241702722141272,-0.3447832451513708,32.34304147945193,29.625698080830205,19.1298767089844,4.853340446949005,0.599050432296295,666125880.0,0.07045434508472681,1.0073184967041016e-05,0.2576501780542834,27.9180162727625,5.256110034870208
Peechi_Dam,2024,3,0.36440811587687,2.1466732819586323,-0.0276883044546434,-0.3401518905457329,34.63414504946218,29.671569012057432,22.640950344454893,14.399316549301147,0.8768559232119053,716811675.1640625,0.06548036076128483,0.00010548532009124756,0.2698777311591692,27.9180162727625,5.256110034870208
Peechi_Dam,2024,4,0.3778789062993685,2.2148082105738927,-0.0215952387968562,-0.3592150002808266,38.32280027956119,29.992192310757105,24.640297169155588,21.93738913536072,1.0559599967793405,680770452.0,0.08267366141080856,0.0003397837281227112,0.3426961898803711,27.9180162727625,5.256110034870208
Peechi_Dam,2024,9,0.3803373215921813,2.227562462110619,-0.0304392620994121,-0.3539963414834564,33.36789872420013,25.809146224127915,23.53811090257437,85.08663296699524,1.5209489495185564,538726665.0625,0.11605586297810078,0.010654851794242859,0.4712220085991753,27.9180162727625,5.256110034870208
Peechi_Dam,2024,12,0.3593234132275735,2.1216998424673448,-0.0288321499805408,-0.3339510180153391,29.90089971672154,26.070531176495308,21.398856735229515,65.4756332039833,0.6901586181111959,527546732.0,0.11293468624353409,0.0032804906368255615,0.4052324807772072,27.9180162727625,5.256110034870208
Peechi_Dam,2025,1,0.365102977568736,2.150117151819729,-0.0344166259811417,-0.3348945062225535,32.84330511328835,27.666375219693748,17.3814952481178,6.354947865009308,1.850641270106636,625474696.0,0.08917628228664398,9.994208812713623e-05,0.2841319422568044,27.9180162727625,5.256110034870208
Peechi_Dam,2025,2,0.3449917954524042,2.053396867572628,-0.0166017135679492,-0.3302817557684918,33.18636129662514,29.080802013760547,18.004813834599133,4.296261429786682,0.3370449796266417,660920812.0,0.053059572353959084,8.113682270050049e-06,0.2547735032581147,27.9180162727625,5.256110034870208
Peechi_Dam,2025,3,0.3496268870336907,2.075157874959084,-0.0164230264100307,-0.3351281435006786,35.86608332996718,28.790876622353835,22.921337710144712,98.80735778808594,0.295629169990551,677136828.0930176,0.09305346105247736,0.0005567371845245361,0.3596831906226373,27.9180162727625,5.256110034870208
Peechi_Dam,2025,4,0.2430168803978926,1.6420668416638655,-0.0161074715208897,-0.2278011106926522,31.41320056013961,27.84061001671688,24.120602205064586,156.29286193847656,0.6131868440919573,603107702.0,0.11421709973365068,0.0026386529207229614,0.4331892649332682,27.9180162727625,5.256110034870208
Peechi_Dam,2025,10,0.34570111559211,2.0567070304726363,-0.0274108700422741,-0.3213352078097342,30.81703766717584,25.708483242732257,23.318401652510488,264.95069122314453,0.2160493552724864,480559074.6101074,0.1058122394606471,0.0258236825466156,0.472511968305034,27.9180162727625,5.256110034870208
Peechi_Dam,2025,11,0.3608580126793729,2.12919513922764,-0.0361736826862244,-0.3289786739195602,33.09213644694398,25.75172676510283,21.464197836981896,109.61719810962676,0.732585207673757,499494796.0,0.11081223841756582,0.0007181614637374878,0.4255714628431532,27.9180162727625,5.256110034870208
Peechi_Dam,2025,12,0.3514391407587939,2.08375069432949,-0.0224063425097943,-0.331644320091792,31.161078000833182,26.38993998291676,17.96929183877927,18.3914715051651,1.4378544533231932,606841300.0,0.09817663207650185,0.00014482438564300537,0.3197077064103977,27.9180162727625,5.256110034870208
Peechi_Dam,2026,1,0.3402818790306224,2.0315977937080723,-0.0314992694293502,-0.312128196435434,30.281190774209563,27.43823932114469,16.722795515163,8.536770462989807,1.4897890314799371,631898660.0,0.059508479200303555,1.255422830581665e-05,0.2543488369193128,27.9180162727625,5.256110034870208
Peechi_Dam,2026,2,0.3323968875773271,1.99579190507692,-0.0137755988783808,-0.3200869560490952,30.89223233425492,28.119612721034457,18.25458928971068,33.99062359333038,0.5702367282424489,614494286.0,0.05247730761766434,0.00013406574726104736,0.2746454874674479,27.9180162727625,5.256110034870208
Peechi_Dam,2026,3,0.3595034570021955,2.12257735325022,-0.0332203957417498,-0.330226910768063,34.51339650946488,28.60730770890433,21.95955441382625,33.058263421058655,0.7044470963129891,712846076.6914062,0.07170421537011862,0.00023362040519714355,0.3154946193900159,27.9180162727625,5.256110034870208
Peechi_Dam,2026,4,0.3044059767166053,1.875240345739964,-0.023516851938519,-0.2829144157992833,33.662662691503385,29.04863406287302,24.055850134955563,29.91824972629547,1.1565652119392695,670830816.0,0.08788725361227989,0.0004920661449432373,0.3602794435289171,27.9180162727625,5.256110034870208
Sathanur_Dam,2016,1,0.2226333568118449,1.572788551612597,-0.0245331026593699,-0.1991881975789997,20.713873380031373,23.57860754689869,17.563307616531176,6.494292259216309,1.3058994501346357,560744309.0,0.08393791492562742,2.5803223252296444e-05,0.1639292060687978,28.13226744186046,6.114926207513415
Sathanur_Dam,2016,2,0.1870193059847698,1.460083018850301,-0.0189491424830907,-0.1686678981562181,31.23722110640381,26.00473256165958,18.13514456474917,3.1020987927913666,1.3918431736364931,635203976.7500001,0.05885650042910129,4.5495107769966125e-06,0.1210433285811851,28.13226744186046,6.114926207513415
Sathanur_Dam,2016,3,0.155873462176197,1.3693130240355813,-0.005581955534591,-0.150422385960882,36.11634827591422,28.60058824272568,19.79582364892451,4.2593178153038025,1.4612097795910437,739291568.5644531,0.04339975398033857,2.51922756433487e-06,0.116972005495461,28.13226744186046,6.114926207513415
Sathanur_Dam,2016,4,0.1412974428518047,1.329095195246797,0.0065831774575142,-0.1477431916400893,42.02232820656167,31.433698908488,21.39541880289721,3.7179534435272217,1.6043323475189708,739738053.5,0.03246001759544015,9.719282388687135e-06,0.1186890416675143,28.13226744186046,6.114926207513415
Sathanur_Dam,2016,6,0.2443490526254171,1.6467246642762197,-0.0151066225309694,-0.2300917652744639,29.12488538891512,28.70947717030845,21.8409224404229,157.51194620132446,3.014089996657855,526071363.99999994,0.11703147494699805,0.0010361690074205399,0.2836501227484809,28.13226744186046,6.114926207513415
Sathanur_Dam,2016,8,0.213746551482967,1.5437090339918211,-0.0065348297392677,-0.2075015593659866,40.29626697565368,29.83329203615904,19.890423588086207,167.5494155883789,3.4636529426101155,609974574.0,0.10604460339527577,8.397269994020462e-05,0.175841728846232,28.13226744186046,6.114926207513415
Sathanur_Dam,2016,11,0.2403249816888328,1.6327047116097069,-0.0149458950998409,-0.2261915376320023,31.47394053638164,26.026761182149244,18.06571201748318,44.47914046049118,1.4159765795613573,560590831.0,0.04492067557293922,6.889365613460542e-05,0.166801659266154,28.13226744186046,6.114926207513415
Sathanur_Dam,2016,12,0.2140516811972457,1.5446965813816196,-0.0184647638148477,-0.1963630253011309,29.43244693120857,23.90630720815357,18.210115933161887,91.40990877151488,1.193267851410167,498301712.49999994,0.07346600969322026,0.000864681787788868,0.2364876911204348,28.13226744186046,6.114926207513415
Sathanur_Dam,2017,1,0.1608210291475058,1.3832818379234004,-0.0043174154894162,-0.1566123545024809,22.4843841547484,24.01401450864733,17.170597412765687,12.14460039138794,1.5964403146199786,538273232.25,0.03629768826067448,0.00012857839465141296,0.1526633872780748,28.13226744186046,6.114926207513415
Sathanur_Dam,2017,2,0.1513284268635821,1.356624238760162,-0.001907351290579,-0.1494642163968569,33.49571817547405,24.971551967802498,15.530897235870384,3.892953455448151,1.3444689940024122,653347744.75,0.03181349684018642,1.8281862139701841e-06,0.1348847633316403,28.13226744186046,6.114926207513415
Sathanur_Dam,2017,3,0.1331862006349578,1.3073006007345969,0.0086475358727525,-0.141670569915448,-24.325690581130544,28.407533551287884,20.00018137039683,15.276937425136566,1.388679042943788,689458044.7438965,0.03733199764974415,7.559917867183685e-05,0.1482019168074413,28.13226744186046,6.114926207513415
Sathanur_Dam,2017,4,0.1495752617829709,1.351766017758527,0.0081962611411537,-0.1575783385142355,40.476312365525416,31.74919643402103,20.016001849704253,19.406250774860386,0.9112203316775932,745541397.0,0.015472754370421171,4.48618084192276e-06,0.1171688397725423,28.13226744186046,6.114926207513415
Sathanur_Dam,2017,5,0.1793207859663344,1.4370057944686252,0.0035734219413922,-0.182777086392182,32.68303165435742,31.35486392359581,21.982589832429028,106.96907758712769,1.218250054172455,720785886.25,0.06163236848078668,0.0008755084127187729,0.1747646895788049,28.13226744186046,6.114926207513415
Sathanur_Dam,2017,6,0.2109570651166129,1.5347163146395586,0.0009177594086217,-0.2118338118403228,40.40814128082423,29.867547586229136,21.199718432956274,110.5487780570984,3.114025843616561,533939880.25,0.0847925404086709,0.00025970302522182465,0.2150996605555216,28.13226744186046,6.114926207513415
Sathanur_Dam,2017,7,0.1679066035382663,1.4035763395124792,0.0136332580145567,-0.1811252452094968,42.43643026805034,30.672932315129174,19.65057808660697,190.6201629638672,3.657247755265471,540459293.0,0.03681067761499435,7.903389632701874e-05,0.1446740114560691,28.13226744186046,6.114926207513415
Sathanur_Dam,2017,12,0.2152153046728975,1.5484696782553709,-0.0201957492311346,-0.195870895424685,27.54340641196768,23.5844457564815,18.793097063290247,56.15048563480377,1.6056930696071487,470522701.5,0.08472541719675064,0.00031020957976579666,0.2476031754606513,28.13226744186046,6.114926207513415
Sathanur_Dam,2018,1,0.1847842094951187,1.453338150824281,-0.0195804130358407,-0.1658036993036619,28.88839196561287,23.74261323662216,16.20606870343613,9.037601470947266,1.328529022384456,619746733.0,0.06455034739337862,3.1072646379470825e-05,0.1390930606472877,28.13226744186046,6.114926207513415
Sathanur_Dam,2018,3,0.1438334732108631,1.3359941523298715,-0.0015432095689603,-0.1423218541396105,32.548860085326055,27.7701029500654,17.925388364894445,20.463927686214447,1.2427034674394464,740321392.0117188,0.04483335593249649,8.722674101591109e-05,0.1422317720228625,28.13226744186046,6.114926207513415
Sathanur_Dam,2018,4,0.1543973688499235,1.3651771249574582,-0.0031414185864353,-0.1513293490479857,35.57403703109287,30.35246923234729,21.128218608432405,11.462660610675812,1.745523923576746,722201351.2499999,0.024005571845918894,1.4375895261764526e-05,0.1203171041276719,28.13226744186046,6.114926207513415
Sathanur_Dam,2018,5,0.1558116787514006,1.3691396216449592,0.0079041738524659,-0.1635144742932432,48.91965488854464,31.39678053496988,21.937898438976674,119.807541847229,0.5983247997330139,697590252.25,0.04419549263548106,0.00011909566819667815,0.1526665251742127,28.13226744186046,6.114926207513415
Sathanur_Dam,2018,9,0.2305334422630804,1.5992032790641428,-0.017660753213887,-0.2137429207437024,36.80421495760288,28.95429293314617,20.795494503445127,145.23562479019165,1.0817156756910984,601796125.3125,0.08215043693780899,0.0005286680534482002,0.2267948574490017,28.13226744186046,6.114926207513415
Sathanur_Dam,2018,10,0.2727709653754688,1.7501652227521436,-0.0308126688074859,-0.2440091449752888,34.66730164480339,26.591088046822502,21.02542010481642,210.69802045822144,0.7965776167049037,575415731.6516113,0.10389396257232875,0.0006160112097859383,0.2739825838355607,28.13226744186046,6.114926207513415
Sathanur_Dam,2018,11,0.2652119487766469,1.721873330234736,-0.0251727029226992,-0.2416525427809939,30.93535082329663,24.98621883392337,20.44882570902508,121.55822896957396,1.4617170919949798,428636270.5,0.07975988835096359,0.0017893016338348389,0.2851131147808499,28.13226744186046,6.114926207513415
Sathanur_Dam,2019,1,0.2156062046031683,1.5497396992899244,-0.018346973406248,-0.1980426326576435,27.852097051354235,23.79341296534386,15.395860105945305,7.545658528804779,1.6552417155307144,618851884.5000001,0.028466723975725472,5.835667252540588e-06,0.1244208863986435,28.13226744186046,6.114926207513415
Sathanur_Dam,2019,2,0.1514815036857146,1.3570493851193717,-0.0139616069760539,-0.1378113574248883,32.2243373224656,27.02323212396533,17.878461728777268,5.071067869663239,1.6359361787500322,591537000.75,0.017264067544601858,6.875023245811462e-06,0.1199372808138529,28.13226744186046,6.114926207513415
Sathanur_Dam,2019,3,0.1406515389407223,1.3273445995757016,0.010871693219329,-0.1512918886494574,37.86217710314168,29.25838149286085,17.75726269957846,3.5395430624485016,1.6242659275700002,760067920.2844238,0.016700012260116637,7.236376404762269e-06,0.1189736704672536,28.13226744186046,6.114926207513415
Sathanur_Dam,2019,4,0.1327735133149108,1.3062026249277234,0.0173070511993552,-0.1497364823572698,40.9782182488878,30.993489477369508,19.95467667049832,24.39449128508568,1.4869313196171958,732405018.0,0.017682509380392727,2.1134503185749054e-05,0.1234722640779283,28.13226744186046,6.114926207513415
Sathanur_Dam,2019,5,0.1334256932157071,1.307938262584375,0.0207523976774373,-0.1537523654999819,41.9073203016336,32.91426040075163,21.0184080349502,82.04335117340088,0.7358585213112295,727222686.0,0.032539402949623764,0.00013606064021587372,0.1410289195276075,28.13226744186046,6.114926207513415
Sathanur_Dam,2019,8,0.2944986359352501,1.8348634061839213,-0.0273876626615176,-0.2692829093964766,36.15225649022421,28.979201663437777,20.760044905959944,236.13734817504883,3.423794532210677,484367340.25,0.0856519463704899,0.00038096774369478226,0.2214482625325521,28.13226744186046,6.114926207513415
Sathanur_Dam,2019,11,0.2757797707138752,1.7615909071905258,-0.02571062044841,-0.2518549197696554,33.48338541317577,25.67331316206196,21.704487164815305,91.8677829504013,1.5933431249628438,468799023.25,0.09914981666952373,0.0014762552455067635,0.2905818541844686,28.13226744186046,6.114926207513415
Sathanur_Dam,2020,1,0.1965319063116894,1.4892089875268404,-0.015118059765672,-0.1819544662181026,30.871715923519616,24.1158195085423,18.6627933830344,13.97844910621643,1.3405308674334495,577407567.5,0.08646390971262008,8.049048483371735e-05,0.2008986344901464,28.13226744186046,6.114926207513415
Sathanur_Dam,2020,2,0.1541656990582405,1.3645293147525257,0.0061109106484517,-0.1601257563825881,32.853689163413605,25.44288217829564,18.00796444333838,3.688991159200668,1.6633168439692143,579290077.0,0.04469849122688174,1.0528601706027983e-05,0.1226474827733533,28.13226744186046,6.114926207513415
Sathanur_Dam,2020,3,0.1386193613948084,1.321853905653767,0.0104611830936573,-0.1488646724744964,36.34348531472284,27.727384349864,19.17929619409705,3.780559718608856,1.5303705551384277,719052299.5170898,0.03666009171865881,1.7498619854450226e-05,0.1232868753453736,28.13226744186046,6.114926207513415
Sathanur_Dam,2020,4,0.1352703564952009,1.312861615214074,0.0034099699114028,-0.1386163871243565,41.56122383743048,29.98135454389785,20.97106554243311,31.8214847445488,1.3706377067429192,730866394.5,0.026977121364325285,2.7655623853206635e-05,0.125238127178616,28.13226744186046,6.114926207513415
Sathanur_Dam,2020,7,0.2902373391593322,1.817843358554717,-0.0235373645410829,-0.2685344467604368,12.141644313221777,27.945909241707056,22.46804170505981,215.82220840454104,1.8682780782039865,547102881.0,0.12212360347621143,0.0014012623578310013,0.3140738138588525,28.13226744186046,6.114926207513415
Sathanur_Dam,2020,10,0.3008941604931015,1.860797159712846,-0.0264873651174425,-0.276611358440746,33.12638491579696,27.29360154674908,21.41403847150906,191.654399394989,1.5141120028736503,553466830.3293457,0.11982849589549005,0.0006803143769502641,0.2916668230487454,28.13226744186046,6.114926207513415
Sathanur_Dam,2021,2,0.2108822735761144,1.534476077560159,-0.0171264364819368,-0.1944581541937389,30.302798680818057,23.9207085700262,16.572814014979826,12.628238677978516,1.3446868069248763,614090952.0,0.0880575298797339,2.327095717191696e-05,0.1595027673812139,28.13226744186046,6.114926207513415
Sathanur_Dam,2021,3,0.1445167194296696,1.3378598336447294,-0.0056075623637125,-0.1390218184731889,34.108468628731714,27.315024784047125,17.553998914328986,3.735280632972717,1.131522808916293,783930811.2880859,0.0641237604431808,1.871958374977112e-06,0.1184346316963113,28.13226744186046,6.114926207513415
Sathanur_Dam,2021,4,0.1617697968428953,1.3859794033515058,0.0002230098578959,-0.1619869628171004,40.94690703443109,30.09886271158853,20.692864778306728,36.97157168388367,0.9555372686044672,705412811.0,0.050222930149175234,5.79124316573143e-05,0.1367867602242364,28.13226744186046,6.114926207513415
Sathanur_Dam,2021,5,0.2209277476493335,1.5671559909436803,-0.0096301000888283,-0.2117481536836021,37.17107330724514,30.6689377528366,21.50199019319274,98.16963577270508,0.8737814232385734,663403876.25,0.06415729504078627,0.00018297042697668076,0.1726843490395494,28.13226744186046,6.114926207513415
Sathanur_Dam,2021,7,0.2515543335573657,1.6722046631734928,-0.0164218872085927,-0.2361078069656458,36.50227730178182,28.21498957808302,21.424312087028227,232.3767604827881,3.0154433123698494,514543922.00000006,0.1199778497684747,0.0010283216834068298,0.2960903798380205,28.13226744186046,6.114926207513415
Sathanur_Dam,2021,8,0.2634992462317479,1.715543724520507,-0.0143712546596235,-0.2500749791970089,27.47900381350314,29.103662396502727,20.775193314911235,249.16830730438232,2.51614398984456,572045268.0000001,0.08163920289371163,0.0002670753747224808,0.1987974207888367,28.13226744186046,6.114926207513415
Sathanur_Dam,2021,9,0.2929760440589486,1.8287584645388613,-0.0362501572179996,-0.2594816933942817,21.20085968037108,28.4634124120077,21.311307334899936,143.09321212768555,2.029483788707094,522293573.5500489,0.09996582346502692,0.0005961814895272255,0.2429274082183838,28.13226744186046,6.114926207513415
Sathanur_Dam,2021,12,0.2343539521448706,1.612173086510109,-0.0238185329605842,-0.2117172177778844,27.03852078851384,23.399634215652327,19.457719339350263,58.66365051269531,1.3646894542320858,503180704.0,0.09994793648365885,0.0002767462283372879,0.3134728042028283,28.13226744186046,6.114926207513415
Sathanur_Dam,2022,2,0.1710381599880969,1.4126562930463509,-0.0102172130334854,-0.1611024789040206,30.14709606826836,25.097486296154216,17.432567918868358,7.198272168636322,1.3917930447577829,580673215.75,0.06242704624310136,3.5017728805541992e-06,0.1266511934144156,28.13226744186046,6.114926207513415
Sathanur_Dam,2022,3,0.135197839623693,1.312667673181722,-0.001016645794664,-0.1341996393433439,36.384632223331664,28.146251912270884,17.64542525096607,7.506038069725037,1.0177801002847664,714132107.7539062,0.05527853057719768,1.0045245289802551e-05,0.1196795560980355,28.13226744186046,6.114926207513415
Sathanur_Dam,2022,4,0.1321104558974982,1.3044407132110705,0.001695773501684,-0.1337762595826216,41.11785604841157,29.575040711296992,21.703048366970563,55.07060295343399,1.1014634059307868,690877204.0,0.06325208547059447,0.00013077165931463242,0.1586907439761691,28.13226744186046,6.114926207513415
Sathanur_Dam,2022,5,0.1395826169651868,1.3244532705112473,0.0027658898321886,-0.1422935714981617,31.116189619890008,29.622655671642747,22.076694148073955,213.71486568450928,1.8307518429906435,632910355.0,0.10008756071329117,0.008085096254944801,0.2253189625278596,28.13226744186046,6.114926207513415
Sathanur_Dam,2022,6,0.2037757500068948,1.5118551714762754,-0.0093820998823258,-0.1947660124425896,-1.2566869891084025,28.996389367845325,21.954585181342225,111.58791780471802,2.3041755502919536,649237421.0,0.1330501784104854,0.0018950849771499632,0.2755695793363783,28.13226744186046,6.114926207513415
Sathanur_Dam,2022,8,0.2935425136506943,1.8310266911250568,-0.0301044603483805,-0.2657867949867192,36.397325688455794,27.803218275500967,21.58460878351684,258.8810377120972,2.249673004269225,545770353.75,0.11703496624249966,0.0024989452213048935,0.2795822774210283,28.13226744186046,6.114926207513415
Sathanur_Dam,2022,9,0.2900832582479959,1.817231771523233,-0.0278059820459483,-0.2644100206146311,19.9529359701055,28.003129683600548,21.282152112325093,132.35696697235107,1.722965580570407,578651408.875,0.11036205571144819,0.0013880934566259382,0.246963538063897,28.13226744186046,6.114926207513415
Sathanur_Dam,2022,11,0.2421691936221551,1.639111505059119,-0.0373771152901782,-0.206662703539135,27.41828971145844,24.04361025492352,20.45059324900313,141.19423639774325,1.1752456444007595,420160068.5,0.08656327472999692,0.018644575960934162,0.3291374895307753,28.13226744186046,6.114926207513415
Sathanur_Dam,2022,12,0.2227192343329727,1.5730728050162033,-0.0278125370759864,-0.196121550029539,27.34760280637749,23.587879927440383,19.717570323328857,174.54000568389893,1.1188464526732902,419557712.00000006,0.08796241274103521,0.0022454913705587383,0.3051856871574155,28.13226744186046,6.114926207513415
Sathanur_Dam,2023,1,0.2246743840176527,1.579561359476012,-0.0264822200288572,-0.1993784410845087,27.52152094669316,23.063559858260646,16.878495357882628,7.545612215995789,1.540895722886244,568875049.5,0.07539144740439951,2.165045589208603e-05,0.165192691228723,28.13226744186046,6.114926207513415
Sathanur_Dam,2023,2,0.1869460397382422,1.4598613348566831,-0.0205437366508906,-0.1670438467085017,31.099338630764464,25.36776711146041,15.279337796710765,10.116309702396393,1.252592545681437,631346573.25,0.05786569498013705,4.9379654228687286e-05,0.1412888651802426,28.13226744186046,6.114926207513415
Sathanur_Dam,2023,3,0.1509305272166128,1.3555198533327035,-0.0201999925671997,-0.1311303241953972,26.165863406912536,27.40530109200432,19.0785150507445,18.54067850112915,1.28037308256316,713174214.1289064,0.0636683190241456,0.00023421272635459897,0.1627966203997212,28.13226744186046,6.114926207513415
Sathanur_Dam,2023,4,0.1596818568740806,1.3800509561297256,-0.0085906605367542,-0.1512987438124794,38.24585700389849,29.66290249294707,20.397162479824487,22.893098175525665,1.1742320192716154,711075969.0,0.05163588502909988,9.363517165184022e-05,0.1472927517361111,28.13226744186046,6.114926207513415
Sathanur_Dam,2023,5,0.2364584815431685,1.6193729504613372,-0.0314152192501628,-0.2065778038265812,36.72922244956044,30.100163191108265,22.60340873964373,171.71769666671753,1.0817635727936663,661670577.75,0.11615627573337405,0.0032974807545542717,0.2391805828258555,28.13226744186046,6.114926207513415
Sathanur_Dam,2023,6,0.2467550132716426,1.65517864073254,-0.0236544001535291,-0.2244104614854136,36.39278236767586,30.426719326443163,21.41332670847578,354.8764877319336,2.75644597861441,587593655.0,0.08787613455206156,0.002116965129971504,0.2058607869678073,28.13226744186046,6.114926207513415
Sathanur_Dam,2023,7,0.2677113056891326,1.7311632905682557,-0.0331198582288475,-0.2366900743218038,35.4424609083581,28.87304382734408,20.939854209653788,138.44412660598755,3.91559739241024,504584131.75,0.10087251465301961,0.00034693721681833267,0.2295681763720768,28.13226744186046,6.114926207513415
Sathanur_Dam,2023,8,0.252165353835481,1.674387995070253,-0.0317125929118139,-0.2222298927552168,36.96060130075915,30.564863213159697,20.71440865711503,257.2793321609497,2.1264332382092315,661031323.75,0.071771317278035,0.00023351330310106277,0.1692909963669315,28.13226744186046,6.114926207513415
Sathanur_Dam,2023,9,0.2912214834381488,1.8217559551629992,-0.0402883375309624,-0.2539122550839943,33.80169624765733,28.528414577907995,22.29654208289253,209.64372062683103,2.189254815421777,567563403.5625,0.12106142449192703,0.0010892832651734352,0.3002934482362535,28.13226744186046,6.114926207513415
Sathanur_Dam,2023,10,0.2814026374857757,1.7831997504171346,-0.0301387019817887,-0.2534131604510165,33.671997664316905,27.84988010365481,21.67166364116053,125.45017337799072,0.3000498776087467,595416513.5039061,0.09758167352993041,0.00024116691201925278,0.2210948133981356,28.13226744186046,6.114926207513415
Sathanur_Dam,2023,11,0.2667289411804986,1.7275043463733797,-0.0353434448182736,-0.2335875541757935,26.48735027532905,24.948384157816577,22.161013221740745,182.9363832473755,1.3762536691999117,384584978.25,0.08318727859295905,0.0029974486678838726,0.3624151282840305,28.13226744186046,6.114926207513415
Sathanur_Dam,2024,1,0.1897216287167916,1.4682875304109042,-0.0259280329147864,-0.1646032973029556,29.824159764427463,23.9250284092401,19.66003707967775,24.53201055526733,1.365518091248251,492098223.0,0.09090686240233481,0.04804530832916498,0.2649736865874259,28.13226744186046,6.114926207513415
Sathanur_Dam,2024,2,0.1370806553695443,1.3177137150129574,-0.0082061417283101,-0.1290196482675511,19.3142336978442,26.120363117086526,19.47590360093397,3.412700772285461,1.4278299559960397,598613819.75,0.0744724809192121,2.467632293701172e-05,0.1401056667854046,28.13226744186046,6.114926207513415
Sathanur_Dam,2024,3,0.1328056333118173,1.3062880443262157,-0.004145069751725,-0.1287314287458164,34.59462662393952,28.304902279761507,19.32255224822672,4.41105854511261,1.3820435781208271,758966550.1640624,0.05415332247503102,4.9639493227005e-06,0.118689001247447,28.13226744186046,6.114926207513415
Sathanur_Dam,2024,4,0.136111873620571,1.3151145836232718,0.0259661905847869,-0.1615072480321061,-45.37255113085647,31.01833129458953,21.299815940856945,3.1164051294326782,1.6225382834928213,756515773.2499999,0.03595287911593914,9.871087968349457e-06,0.1189402527279323,28.13226744186046,6.114926207513415
Sathanur_Dam,2024,5,0.1766388889754745,1.429067845469843,-0.0007410716354018,-0.1759208457429945,23.631751588274028,30.38479379223241,23.31086132910952,169.58327865600586,0.6766821059606857,591572315.75,0.08592588594183326,0.01780738309025764,0.2431934905308549,28.13226744186046,6.114926207513415
Sathanur_Dam,2024,6,0.2945668830926601,1.8351376651667803,-0.027505353198136,-0.2692429812661393,24.85417226137736,29.374582756890163,22.68934260474316,264.1680107116699,2.291812018097409,514397472.5,0.1188569307560101,0.0006876746192574502,0.2755765067206489,28.13226744186046,6.114926207513415
Sathanur_Dam,2024,8,0.3091765625116126,1.895095753078904,-0.0323510912976253,-0.2796223092521426,33.62597126314688,28.19356277219714,22.68919168287709,229.6854557991028,1.6442585931228162,538865400.25,0.12422603974118829,0.0035407636314630504,0.3037013161566949,28.13226744186046,6.114926207513415
Sathanur_Dam,2024,9,0.2718744153458953,1.7467789103305549,-0.019378047827263,-0.2538336636304539,36.46286758648694,29.989389144049824,20.195393413967626,90.49627208709715,2.644749413188958,582731184.5625001,0.08704930066596715,0.00010536145418882371,0.1677627007166544,28.13226744186046,6.114926207513415
Sathanur_Dam,2024,10,0.2823756677645647,1.786973504326283,-0.0464508438931849,-0.2390604817323008,29.800349026284607,26.7073741912842,22.89811912454587,336.56858825683594,0.1645754834778523,481889345.4987793,0.0972372677642852,0.01769481413066387,0.3429654388017552,28.13226744186046,6.114926207513415
Sathanur_Dam,2024,11,0.270121343968206,1.740181513011498,-0.0362424930586383,-0.2361911316036657,28.17611869328709,24.857465828789657,20.84529997507736,154.89176392555237,1.5020978079463565,407855785.5,0.09179579047486187,0.010728079825639725,0.3116973770989312,28.13226744186046,6.114926207513415
Sathanur_Dam,2024,12,0.1322804814789052,1.3048922575911597,-0.0077542978761424,-0.1246540465257388,26.285835399831285,24.25265483240935,21.08432682406521,200.246687412262,1.2640821452024358,401009723.0,0.08741842466406524,0.03182734362781048,0.3591424624125163,28.13226744186046,6.114926207513415
Sathanur_Dam,2025,1,0.2299415857622969,1.5972055665151608,-0.0314452536605635,-0.1999420272237114,27.96948706986575,22.81081918285741,18.25635414533724,15.278600573539734,1.586128302449351,490442478.0,0.08610807394143194,0.00012158695608377457,0.2406991784290601,28.13226744186046,6.114926207513415
Sathanur_Dam,2025,2,0.2008871912752091,1.5027755507905851,-0.0242111544480384,-0.1775395377971732,30.35873685782019,25.1815430822827,17.48324916930426,5.013054013252258,1.058816135467163,639427896.25,0.06969249085523188,3.207474946975708e-06,0.130118123122624,28.13226744186046,6.114926207513415
Sathanur_Dam,2025,3,0.1624289297013791,1.387857067803137,-0.0125993228170759,-0.1501368611479134,33.33751268753713,27.87363963793684,19.37602731027914,29.98364508152008,1.1574843594495992,729633227.8430177,0.06536453356966378,9.369291365146637e-05,0.1474811748791766,28.13226744186046,6.114926207513415
Sathanur_Dam,2025,4,0.2184519669317031,1.5590237776533775,-0.0216321880419319,-0.1977542853594391,35.99701324294767,30.22733419206412,21.455315272013365,17.803431034088135,0.8557480138538069,704253160.0000001,0.051953327492810786,7.627904415130615e-05,0.1443266683154636,28.13226744186046,6.114926207513415
Sathanur_Dam,2025,5,0.2233135700547505,1.5750417708997244,-0.0144736908255772,-0.2095170743603773,34.9136634469412,30.02482322774904,22.16993494751631,274.7075366973877,1.475569173427696,587572227.5,0.07458821160253139,0.007106505334377289,0.227769410738381,28.13226744186046,6.114926207513415
Sathanur_Dam,2025,6,0.2730796445919724,1.7513330519921682,-0.0261391087168005,-0.2487158844125481,35.057664747467584,29.61814975738525,21.052335082160084,94.97281098365784,3.2465750586405875,564425520.25,0.0967712386045605,0.00015540607273578644,0.1950295077429877,28.13226744186046,6.114926207513415
Sathanur_Dam,2025,8,0.2795754965729406,1.7761409981004257,-0.0272872200278265,-0.2542277388022644,29.976406357833525,28.379160448300013,21.00537497817828,219.2798976898193,2.5365149215156286,511041092.25,0.09762307989876717,0.00047967396676540375,0.2464047785728208,28.13226744186046,6.114926207513415
Sathanur_Dam,2025,9,0.2893026449417414,1.8141373902201343,-0.0257521361546339,-0.265528740682519,26.221831708029868,28.76016154819069,20.65456576877176,201.5110912322998,2.4412992600318884,550645858.625,0.08540421049110591,0.0004667481407523155,0.2173907571368747,28.13226744186046,6.114926207513415
Sathanur_Dam,2025,11,0.2811554270604144,1.7822426088874257,-0.0371892903388358,-0.2465439935205418,32.41141406819884,25.176411755879823,20.295735380384656,106.11143606901167,1.5268275123857349,429790190.5,0.08282966259866953,0.0055727409198880196,0.2590759886635674,28.13226744186046,6.114926207513415
Sathanur_Dam,2025,12,0.2159280324333062,1.5507862578059564,-0.0265318879483117,-0.1904874429236261,25.225614055589745,22.621195955173903,17.77339392631285,30.381557941436768,1.6369901837391183,509913342.0,0.08443221950437874,0.0005264775827527046,0.260935603931386,28.13226744186046,6.114926207513415
Sathanur_Dam,2026,1,0.1819157469427658,1.4447359700738276,-0.0230532134169875,-0.1595315678480455,28.248113904947672,22.69421715685116,17.08830257949012,20.326292753219604,1.7705007728930746,511971318.99999994,0.065927479066886,0.0001794835552573204,0.1915835001135385,28.13226744186046,6.114926207513415
Sathanur_Dam,2026,2,0.1436271854445404,1.3354314452849532,-0.0140872582040946,-0.1298025584764387,30.526238931209832,24.726155762445387,16.700433667500818,4.542468845844269,1.468763427960267,607848821.75,0.0371493297861889,4.153698682785034e-07,0.1239018326713925,28.13226744186046,6.114926207513415
Sathanur_Dam,2026,3,0.1306194795931233,1.3004886273090002,-0.0112450012813365,-0.1195500754010872,33.51768140925839,27.84089975254517,18.397735973071065,14.012355387210846,1.2752879118083311,743523442.4414061,0.030156230553984642,1.0695308446884157e-05,0.1202993623671993,28.13226744186046,6.114926207513415
Sathanur_Dam,2026,4,0.1364285214846636,1.3159634723444396,-0.0002231020942684,-0.1362095652675208,38.87093485571654,30.58348852793381,20.66384913126632,20.26931345462799,1.3522218392754373,758445457.5,0.020546096959151328,4.059635102748871e-06,0.1170923047595553,28.13226744186046,6.114926207513415
Sathanur_Dam,2026,5,0.1865602506251152,1.4586946993148142,-0.0115450018901607,-0.1753930169580556,38.54707885282448,,,,,,,,,28.13226744186046,6.114926207513415
Sholayar_Dam,2016,1,0.3041028007587401,1.873987712812481,-0.0207469334568507,-0.2851549671837781,26.803710889419165,24.333360741728143,16.19056427658245,14.087841749191284,0.9137254686464604,648151848.0,0.09898347314447165,3.293156623840332e-05,0.294979485132361,30.318178147460223,5.021577969797304
Sholayar_Dam,2016,3,0.3143974002236567,1.91714179708834,-0.0233208159940488,-0.293226522240009,31.03078601363177,26.32974047096832,20.99041324328352,25.01753234863281,0.3095998034470864,699666634.5644531,0.1226655151695013,0.001163296401500702,0.3905646416448777,30.318178147460223,5.021577969797304
Sholayar_Dam,2016,4,0.2555954519857932,1.6867111509934387,-0.0152172636326855,-0.2413167811353922,30.30354705681293,26.20343971252441,22.950305345323383,69.18110537528992,0.6199677968163384,619610204.0,0.14990021381527185,0.007267698645591736,0.477414067586263,30.318178147460223,5.021577969797304
Sholayar_Dam,2016,12,0.2954431419390337,1.838663731844531,-0.0237446571074859,-0.2736179685373484,27.60819641220968,23.05819680408769,18.84488582405993,50.87636148929596,0.5429666873841613,547910476.0,0.11437505949288607,0.0016215890645980835,0.4104711471065398,30.318178147460223,5.021577969797304
Sholayar_Dam,2017,1,0.2930308989907965,1.8289779527068235,-0.018857362867508,-0.2756969797351919,26.499593242608967,23.27789245933616,16.939947526172944,26.26413369178772,0.7873871927018978,570013508.0,0.10058960318565369,0.0009436681866645813,0.3540809795420657,30.318178147460223,5.021577969797304
Sholayar_Dam,2017,2,0.3045706698553476,1.8759212666281864,-0.01257200710847,-0.2931210421606841,28.78290605428356,24.46648859296528,15.31163352330526,9.59542155265808,0.6866851578455019,660790428.0,0.09611282777041197,4.336237907409668e-05,0.3187764031546456,30.318178147460223,5.021577969797304
Sholayar_Dam,2017,3,0.3067549747225259,1.884982837344548,-0.0257106370436266,-0.2832785173337845,30.22485496266773,24.481586915703247,20.755592169812928,91.9493967294693,0.0815855891927504,635445998.2438965,0.14075419306755066,0.03101222962141037,0.4568131969821069,30.318178147460223,5.021577969797304
Sholayar_Dam,2017,4,0.323672964245715,1.9571492699082584,-0.0271066225406611,-0.2991913511385365,30.6495355850276,25.015459929572216,22.68325852288143,60.57597970962525,0.4530896923967121,595376194.0,0.14684774912893772,0.02722066640853882,0.4775014241536458,30.318178147460223,5.021577969797304
Sholayar_Dam,2017,5,0.3055076821858747,1.879801473247228,-0.0231788373069425,-0.2843423621047475,27.9250558055636,24.204357463057363,22.59546286880333,222.7266159057617,0.4128784134552533,518229334.0,0.12585766147822142,0.06413385272026062,0.478458999305643,30.318178147460223,5.021577969797304
Sholayar_Dam,2017,10,0.0160721752946916,1.0326694192218933,-0.0075853186930489,-0.0084878913823094,-64.33973292463293,22.88537953284481,21.014623752717057,225.00751793384552,0.4659997759185552,454223140.92749023,0.10549324564635754,0.020205780863761902,0.4811921273508379,30.318178147460223,5.021577969797304
Sholayar_Dam,2017,11,0.2107351463064987,1.5340036245636106,-0.0307496515132745,-0.1811594136470123,23.68687166898286,23.23783925374352,20.3226737552219,157.8762354850769,0.549525383910101,470249896.0,0.11131924949586391,0.013719141483306885,0.4541542689005534,30.318178147460223,5.021577969797304
Sholayar_Dam,2017,12,0.2528764376802641,1.676933376040533,-0.0157485583063222,-0.2380760026086175,27.195310170508947,23.02805583502657,18.29311445502828,51.2700514793396,0.892711473172602,561877628.0,0.12241547089070082,0.0041937753558158875,0.4139229764220535,30.318178147460223,5.021577969797304
Sholayar_Dam,2018,1,0.2940703383972393,1.8331434543480567,-0.0224175351189092,-0.2734555128440883,25.423579438835983,23.42632150957661,16.45024444005827,12.921648740768433,0.5584346067036506,628885848.0,0.09367093164473772,0.00011054426431655884,0.3073466311218918,30.318178147460223,5.021577969797304
Sholayar_Dam,2018,2,0.3062435605597385,1.882856123993092,-0.0160096693728481,-0.2916638778078812,30.0088719686417,24.45574733643309,16.32023982093449,16.968503773212433,0.6921662026682395,642463804.0,0.09290708042681217,0.0026838406920433044,0.3334760665893554,30.318178147460223,5.021577969797304
Sholayar_Dam,2018,11,0.3116719869268317,1.905591465136844,-0.0249477317617198,-0.2889711530028677,25.13622020799062,23.27165008121068,20.535703828599765,142.64727306365967,0.5842878328847021,472324268.0,0.11364333983510733,0.02674712985754013,0.4754822201199001,30.318178147460223,5.021577969797304
Sholayar_Dam,2018,12,0.3145853654412514,1.9179417817472568,-0.0238558219109121,-0.2929278771595502,23.714965129929112,23.30793078022623,19.626771771010567,35.794899582862854,0.5971292945932983,551158404.0,0.12768769450485706,0.007619261741638184,0.4423092872865738,30.318178147460223,5.021577969797304
Sholayar_Dam,2019,1,0.2982636452687598,1.8500732312293915,-0.0202515261842525,-0.2797015989807666,26.13643225092659,22.94366281570928,14.485668088031105,14.121134757995604,0.8890811408179797,672954228.0,0.11238684877753258,8.559226989746094e-05,0.3262087709160261,30.318178147460223,5.021577969797304
Sholayar_Dam,2019,2,0.3143684550545256,1.9170186446993955,-0.0146043760607852,-0.3011466901679775,29.93410048659041,25.144910430908222,18.092562884376207,9.172969460487366,0.3015511858254566,610577434.0,0.09066289849579334,0.00026541203260421753,0.3345056034269787,30.318178147460223,5.021577969797304
Sholayar_Dam,2019,3,0.3086470890836117,1.892878540641422,-0.0166973713652844,-0.2934621025625163,32.07784963750953,25.982431378928595,20.07337886851326,23.344987273216248,0.3980061345914934,717798706.7844238,0.11294742207974195,0.0005905851721763611,0.3745073503063571,30.318178147460223,5.021577969797304
Sholayar_Dam,2019,4,0.2269645817846487,1.587203578093808,-0.0143286334911309,-0.2133297162226835,24.37147803351036,25.476206016540573,22.401419766744027,106.0388536453247,0.4035156587353857,608780648.0,0.14545916859060526,0.05259482562541962,0.4679485744900173,30.318178147460223,5.021577969797304
Sholayar_Dam,2019,6,0.3204165540088302,1.942979279142104,-0.0213684017034087,-0.3011097876797529,18.63423401733872,23.260706943935816,21.945845497979064,337.9864749908447,0.9239135677658472,428502892.0,0.11016433779150248,0.02143670618534088,0.4880334006415473,30.318178147460223,5.021577969797304
Sholayar_Dam,2019,9,0.2662578453998954,1.7257531647340287,-0.0210175622781528,-0.2466203932472594,27.62561453526473,22.432026820712625,21.19515346950959,289.2653579711914,0.4905034791907893,403786158.9375,0.09964077826589346,0.02267138659954071,0.484466446770562,30.318178147460223,5.021577969797304
Sholayar_Dam,2019,12,0.3067781293091158,1.8850791998335887,-0.021905453311147,-0.2868000047215892,26.22329635092774,23.96173752815497,19.042275857412733,100.56642627716064,1.3757886111068498,517529572.0,0.11739298515021801,0.002093270421028137,0.3945691713722803,30.318178147460223,5.021577969797304
Sholayar_Dam,2020,1,0.3002320157413037,1.8580901741578144,-0.0199698721606225,-0.281952617275408,20.27820238833965,25.093298520324083,17.131316962293397,21.82762384414673,0.6356526758787643,648870116.0,0.08298956602811813,3.133714199066162e-05,0.2869205679944766,30.318178147460223,5.021577969797304
Sholayar_Dam,2020,2,0.3021573275069627,1.865975496819385,-0.0148529116094157,-0.2885996268026635,29.117833170502426,25.87851008272719,16.9099114648227,7.71825385093689,0.5609904172089231,660442874.0,0.07342631462961435,0.00010182708501815796,0.29196206454573,30.318178147460223,5.021577969797304
Sholayar_Dam,2020,3,0.3129421792355169,1.910963152671224,-0.0166571205603182,-0.2978376013885868,33.39918190140554,25.79223125006564,20.818564638527505,44.47490835189819,0.2335849158507842,671585646.5170898,0.1411771858111024,0.0048042163252830505,0.4294531832459152,30.318178147460223,5.021577969797304
Sholayar_Dam,2020,4,0.2450325076856615,1.6491206844801198,-0.0148002100111597,-0.2310702815773657,28.66493641097657,25.684683672587084,21.9846526463827,107.55555152893066,0.1782246230641738,619353454.0,0.1441438877955079,0.014913491904735565,0.4592174530029297,30.318178147460223,5.021577969797304
Sholayar_Dam,2020,7,0.3638355223642311,2.1438410510325365,-0.0267902859817904,-0.3403628407003697,30.77278558834695,22.519871053388044,21.31047846476241,623.7708358764648,0.539783293654488,381001952.0,0.0924306521192193,0.034001439809799194,0.4855062423213835,30.318178147460223,5.021577969797304
Sholayar_Dam,2020,10,0.3381676104752641,2.021913148487953,-0.0272017444358759,-0.3138529202495174,16.758592849543902,22.61847232285368,20.61752377581854,157.25986230373385,0.5124010766445479,504401665.3293457,0.1143310209736228,0.015665866434574127,0.469507566062353,30.318178147460223,5.021577969797304
Sholayar_Dam,2020,12,0.3090378613419957,1.894514602326005,-0.0239176538607495,-0.2872433554247457,29.08427545540292,22.96557525716804,18.73225108320997,106.0852952003479,1.1788356694495734,478914140.0,0.118116888217628,0.006762117147445679,0.4351758239089802,30.318178147460223,5.021577969797304
Sholayar_Dam,2021,1,0.3157683853619721,1.922986832547981,-0.0273415903529779,-0.2909386457636007,23.628474774218148,23.08309596892326,18.875054541967245,100.13971614837646,1.0079007574034928,514039612.0,0.12240416556596756,0.009532704949378967,0.4217800017326109,30.318178147460223,5.021577969797304
Sholayar_Dam,2021,2,0.3234854847136701,1.9563297679629448,-0.022032857327337,-0.3036165968511927,27.441801042821112,24.54903462273733,16.32427086603076,7.429723501205444,0.5864718103181075,629154314.0,0.1032164329662919,0.00011434406042098999,0.3109952835809617,30.318178147460223,5.021577969797304
Sholayar_Dam,2021,3,0.3248128500305449,1.962141681888464,-0.0217949127582852,-0.3051783767061206,29.337776499878203,25.91372060057938,18.51007657204906,123.95853209495544,0.0943823328423142,730503479.0380859,0.11467922851443291,0.009181089699268341,0.3558848186205792,30.318178147460223,5.021577969797304
Sholayar_Dam,2021,12,0.2456970322095214,1.6514545022385971,-0.0215736871094432,-0.2253176618473108,27.488964963171725,23.371631548481616,18.382948647776004,86.07540428638458,1.002272534625821,583261436.0,0.11785082705318928,0.000882364809513092,0.3880293241111181,30.318178147460223,5.021577969797304
Sholayar_Dam,2022,1,0.2826229569099308,1.787934210140166,-0.0176320910679304,-0.2663179906315933,23.27641416231677,24.34778366088869,17.126157543223428,27.17745018005371,0.5451376629130269,620564840.0,0.08068147487938404,6.459653377532959e-05,0.289476825344947,30.318178147460223,5.021577969797304
Sholayar_Dam,2022,2,0.2983576367917255,1.8504550250571496,-0.026691919914564,-0.2738465591668624,27.315579178321627,25.044301423572392,17.095205901918007,9.758532285690308,0.3042692136528713,604104694.0,0.06880872417241335,8.31708312034607e-05,0.2977157774425688,30.318178147460223,5.021577969797304
Sholayar_Dam,2022,3,0.2687619898477627,1.735087580558918,-0.0159119293990767,-0.2539360233904538,25.67909390027876,25.49644144940123,18.258969674059188,58.63664722442627,0.038750422540618,683965284.0039062,0.0928456149995327,0.004613898694515228,0.3567654394334362,30.318178147460223,5.021577969797304
Sholayar_Dam,2022,10,0.3099700004588668,1.8984247080996344,-0.0218413657264904,-0.2900926104827526,30.52564536614102,22.73976597529588,20.84255688985189,192.40650248527527,0.208217299330268,467644521.3046875,0.11019106302410364,0.023485951125621796,0.4763301931401735,30.318178147460223,5.021577969797304
Sholayar_Dam,2022,11,0.2972087206281245,1.845795129654303,-0.0250015578070243,-0.2742449898592072,26.464171203432727,22.71606678432892,20.158474244011813,166.43105244636536,0.3871318563208504,480774236.0,0.10892339237034321,0.02815968543291092,0.4564094755384657,30.318178147460223,5.021577969797304
Sholayar_Dam,2023,1,0.3029221392268694,1.869119954235522,-0.0208830269028906,-0.2838346306649046,25.04678073343615,23.29793288938464,15.600141246344492,23.11476707458496,0.8877513397398049,634477618.0,0.10001505445688963,0.00013943761587142944,0.3128009509014827,30.318178147460223,5.021577969797304
Sholayar_Dam,2023,2,0.3112510614803315,1.9038157275401544,-0.0208723633212145,-0.2922774921090416,25.71863663679881,24.672976680029024,14.479954905737031,16.275114715099335,0.679040600191914,642362972.0,0.07357207871973515,4.76837158203125e-05,0.2964630581083752,30.318178147460223,5.021577969797304
Sholayar_Dam,2023,3,0.2722376852620822,1.7481499927902169,-0.0282831838601717,-0.2458474650536452,26.937439548813245,25.399048926240653,18.0397104735016,72.70793390274048,0.1384254635487912,697443745.1289062,0.09599026199430227,0.003626406192779541,0.3502915290094191,30.318178147460223,5.021577969797304
Sholayar_Dam,2023,4,0.324788715992713,1.962035806229825,-0.0253801282430979,-0.3018971803262822,30.439934238314947,25.24622701009116,21.80770019955105,78.53571844100952,0.1571041569303239,634405888.0,0.15108200162649155,0.025275923311710358,0.4649285634358724,30.318178147460223,5.021577969797304
Sholayar_Dam,2023,5,0.1654832625254598,1.3965966291491152,-0.0077024913731759,-0.1579821404654418,24.03427644134576,24.53044036947273,22.58273390082905,147.7055697441101,0.3368053764177237,537687010.0,0.12328982912003994,0.02580185979604721,0.469730725852392,30.318178147460223,5.021577969797304
Sholayar_Dam,2023,8,0.3544478015616547,2.0981228238989784,-0.0276924480038449,-0.3299944228288253,28.152987435522107,23.47492528525732,21.28707626096667,214.8417615890503,0.5468350844615534,583296258.0,0.11611518822610378,0.0067099928855896,0.472619641211725,30.318178147460223,5.021577969797304
Sholayar_Dam,2023,10,0.3287588653174827,1.9795551801901368,-0.0269305238957741,-0.3045244942468265,29.96471547573094,23.35207901000979,21.415701228316152,255.09062099456787,0.1206920918996456,486744040.75390625,0.113869808614254,0.03743918240070343,0.4715883603660009,30.318178147460223,5.021577969797304
Sholayar_Dam,2023,11,0.3166446237818596,1.92673485803024,-0.0231255268081156,-0.2956842668200835,28.996287951507554,23.71123375362822,21.16218543582493,294.70214462280273,0.6809471964330718,425850700.0,0.10427941661328077,0.033579498529434204,0.4622535069783529,30.318178147460223,5.021577969797304
Sholayar_Dam,2024,1,0.3110209886634065,1.9028460476902989,-0.0222304769971427,-0.2908011529850086,27.554639657475605,23.971588389078818,19.37075800331695,50.56554079055786,0.7586475525369637,563957038.0,0.12325800489634275,0.01196378469467163,0.397011480023784,30.318178147460223,5.021577969797304
Sholayar_Dam,2024,2,0.314233794581674,1.9164458443675785,-0.0196482169359079,-0.2964156877518524,27.56327482787151,25.99759721427131,17.906973512145328,5.243408560752869,0.5890195698548087,647488214.0,0.09387730713933706,7.784366607666016e-05,0.2998310615276468,30.318178147460223,5.021577969797304
Sholayar_Dam,2024,3,0.3241846191768045,1.95938810620712,-0.0304782492230178,-0.296637318597725,28.44322610067689,26.44487262848889,20.6446150789979,19.73787307739257,0.3265372389115109,715518587.1640625,0.11466241721063852,0.000728905200958252,0.369929693078482,30.318178147460223,5.021577969797304
Sholayar_Dam,2024,4,0.3176703177026769,1.93113439425094,-0.0238777538687913,-0.2960380878223065,27.412306138082897,26.67868048350016,22.617627355787533,40.57909417152405,0.3984955749059365,666491498.0,0.1531306952238083,0.00750964879989624,0.4553413179185655,30.318178147460223,5.021577969797304
Sholayar_Dam,2024,9,0.3383735316384866,2.0228536729386075,-0.0251865827552503,-0.3158790192826933,29.54610797106045,23.018545638190403,21.33346409267853,65.92010176181793,0.6096647641384746,503889801.0625,0.11856158077716827,0.013285771012306213,0.4803098042805989,30.318178147460223,5.021577969797304
Sholayar_Dam,2024,12,0.3127556018423416,1.9101728662489392,-0.0221874718495969,-0.2925985462430304,25.54071894774768,23.302548775621688,19.83576344725907,109.71570312976836,0.4741560384495186,505119412.0,0.11463865358382463,0.00528109073638916,0.4254229555847824,30.318178147460223,5.021577969797304
Sholayar_Dam,2025,1,0.3063838335391505,1.8834391363813288,-0.0265176909936531,-0.2821585657214153,27.42419403684812,24.028519771945128,16.685946482996826,22.28113412857056,1.1212978744266553,598183752.0,0.10652734618633986,0.00025566667318344116,0.3302062249952747,30.318178147460223,5.021577969797304
Sholayar_Dam,2025,2,0.3124495503401813,1.9088774518139664,-0.0193421715107256,-0.2948895297812871,27.65458781806194,25.55472256342574,15.637117708297012,5.046839833259583,0.5736554843892046,657985754.0,0.07159159984439611,1.0557472705841064e-05,0.2793608620053246,30.318178147460223,5.021577969797304
Sholayar_Dam,2025,3,0.3315338036636155,1.9919239162148497,-0.0230038687256918,-0.3109010404069962,28.87581120071991,25.662920683173752,20.68443729851839,156.85567045211792,0.0967847096389094,661006066.0930176,0.12891218159347773,0.008127853274345398,0.4096267454085811,30.318178147460223,5.021577969797304
Sholayar_Dam,2025,4,0.3186047398266679,1.935153965543059,-0.0239196818084774,-0.2969480767427935,29.43678956143868,24.553348731994674,22.2128466712104,185.65793323516849,0.2000311789408863,584918656.0,0.13769330084323883,0.029467634856700897,0.4767461140950521,30.318178147460223,5.021577969797304
Sholayar_Dam,2025,10,0.3020339917277359,1.865469057656223,-0.0216919301062334,-0.2821908917542449,26.8396866103443,22.985700984667744,21.17908923651584,254.760633468628,0.2513801797577595,459206472.6101074,0.10845368541777134,0.025622226297855377,0.4778574871760542,30.318178147460223,5.021577969797304
Sholayar_Dam,2025,11,0.2987438806578314,1.8520250231486768,-0.0277878424281466,-0.273224194641629,28.446453661954195,22.9147503111098,19.86834280225969,184.69610571861267,0.5512829828196327,461530628.0,0.10767944902181625,0.0104193314909935,0.4553739759657118,30.318178147460223,5.021577969797304
Sholayar_Dam,2025,12,0.2970023745683652,1.8449598229752435,-0.0200324875685145,-0.278627636841118,26.259626524933537,22.93830345317884,17.25652984701179,44.7336140871048,0.9203334882344372,582768492.0,0.11550947185605764,0.0003875046968460083,0.3739913202101184,30.318178147460223,5.021577969797304
Sholayar_Dam,2026,1,0.3002486754980377,1.8581582198840003,-0.0216321359919921,-0.2804379899096885,24.489780284205835,23.50390264859766,15.928760946950604,30.38280415534973,1.05255970934917,604840404.0,0.08861533179879189,0.00011632591485977173,0.3143820198633337,30.318178147460223,5.021577969797304
Sholayar_Dam,2026,2,0.3081634504924027,1.8908562310324093,-0.0175614850078369,-0.2921832048361392,26.15597016731772,24.40959946768629,16.95317153022404,41.77487897872925,0.6100456349586696,590879426.0,0.07372721377760172,0.001573219895362854,0.3156852040972028,30.318178147460223,5.021577969797304
Sholayar_Dam,2026,3,0.3208474005611528,1.9448462711510035,-0.0280318863938285,-0.295472985756572,29.180688726972903,25.226343327183884,19.95291273875904,49.078728675842285,0.1924804628167053,710644552.6914062,0.1282053953036666,0.000605359673500061,0.3994522915091565,30.318178147460223,5.021577969797304
Sholayar_Dam,2026,4,0.3282182482475864,1.9771573800312208,-0.0220999116764569,-0.3083550187767406,32.053109708751435,26.059294870164702,21.989433034261083,60.722585678100586,0.514302564161072,668163136.0,0.142379904165864,0.0020153000950813293,0.4511279424031575,30.318178147460223,5.021577969797304
Somasila_Dam,2016,1,0.129787581636749,1.2982894265767009,-0.008741330763833,-0.1211837357819285,23.794352421219685,23.64206737395256,17.43179884059458,7.204652428627014,1.356148799951638,554844140.0,0.08416120614856482,0.0001234114170074463,0.1734421842841692,24.327499400623346,6.057324382642052
Somasila_Dam,2016,2,0.0730729424283429,1.1576670824989783,0.0098178173648022,-0.0828313352014508,26.26943098327172,26.0158100917422,17.928237840499037,2.957628190517425,1.877837719518671,625192422.0,0.06789822783321142,4.179775714874268e-06,0.1264934539794922,24.327499400623346,6.057324382642052
Somasila_Dam,2016,4,0.0857874219195034,1.187674998083323,0.0353844318555694,-0.120805145023607,43.05403984086297,32.16159943474668,20.37060699462893,3.35538136959076,1.5653558443419364,773240830.0,0.05028194189071655,5.364418029785156e-07,0.118347782558865,24.327499400623346,6.057324382642052
Somasila_Dam,2016,8,0.1366710829330082,1.3166141669326314,0.0130173607876616,-0.1494226064403348,32.567104755222715,29.649023289834304,19.757819460797062,80.42723989486694,3.928280351714773,529446902.0,0.11509543936699629,0.00030726194381713867,0.2106715171567855,24.327499400623346,6.057324382642052
Somasila_Dam,2016,10,0.1459697464951074,1.3418374135952578,0.0105589023726043,-0.1562877656130357,34.33454027182694,29.685985840007845,17.542512019988067,34.68847954273224,0.7425999388773816,603131434.4282227,0.07312858011573553,9.18656587600708e-05,0.1454785049602549,24.327499400623346,6.057324382642052
Somasila_Dam,2016,11,0.1330628968122683,1.3069724350774596,0.014089495004939,-0.1468770283771188,32.98369895279279,26.71042783525257,17.5756014082167,14.43705415725708,1.3215165788097047,550983352.0,0.05191153474152088,0.00010865926742553711,0.1601878907945421,24.327499400623346,6.057324382642052
Somasila_Dam,2016,12,0.14177493013193,1.3303910247080626,-0.0130994734361829,-0.1289148744266181,27.796602021144395,23.95176199225972,18.33964073837444,71.54229354858398,1.2044459031796462,488052216.0,0.07632183469831944,0.004634179174900055,0.2592262965376659,24.327499400623346,6.057324382642052
Somasila_Dam,2017,1,0.153747806104232,1.3633616721191484,-0.0088163370677016,-0.1451281892059303,28.88205110071908,24.145053707656075,17.19226554952644,7.482226192951202,1.5799930712014372,548270354.0,0.053786130622029305,5.712360143661499e-05,0.1450325135261782,24.327499400623346,6.057324382642052
Somasila_Dam,2017,2,0.102740131581415,1.229008641080747,0.019074831280375,-0.1215767028362647,6.183248167386068,25.989998753865564,14.952034727732382,1.7771419286727903,1.741099075818811,640148932.0,0.03938664961606264,3.0547380447387695e-07,0.1249981834774925,24.327499400623346,6.057324382642052
Somasila_Dam,2017,3,0.1035743025568677,1.2310828501509758,0.028537833207009,-0.131722791358786,34.84058533857501,29.58917155111993,18.459840741721564,6.253968626260757,1.7712335646879342,712489160.2438965,0.0457482673227787,7.130205631256104e-05,0.1310263602964339,24.327499400623346,6.057324382642052
Somasila_Dam,2017,4,0.0891122922051876,1.1956603244123725,0.0380615244326747,-0.1267439329429714,39.380475618569335,33.07373629675976,19.217525015936985,9.61871999502182,0.9175780051557868,730866458.0,0.03778595570474863,1.2889504432678223e-05,0.1199713601006401,24.327499400623346,6.057324382642052
Somasila_Dam,2017,5,0.0854637237349604,1.1869006751355864,0.0407951449026383,-0.1258201958962996,39.415195217118026,33.767259113762975,20.132966019004925,31.87790036201477,0.8788369510608771,743771354.0,0.06106652691960335,0.00013843178749084473,0.1397515778900474,24.327499400623346,6.057324382642052
Somasila_Dam,2017,12,0.1571425703156927,1.3728805484328483,-0.0091761112804557,-0.1481801285143301,28.883612081426577,23.89374436409247,18.30880245906053,20.448498249053955,1.4429098846644504,502623096.0,0.08055840712040663,3.7454068660736084e-05,0.1988001177387852,24.327499400623346,6.057324382642052
Somasila_Dam,2018,1,0.1192513327401822,1.270795374828546,0.0067016615788598,-0.1258524153246377,28.321921544095403,24.17523994035622,16.33090692745742,7.186938762664795,1.4560878498359704,602259336.0,0.06077292375266552,1.7508864402770996e-06,0.1259533051521547,24.327499400623346,6.057324382642052
Somasila_Dam,2018,3,0.0934235779723021,1.2061019362567271,0.0314091922573914,-0.1244675377748428,34.06765687318483,28.48768179698658,17.071415960660545,13.967665016651154,1.6718025666548184,731794101.7617188,0.0785111915320158,0.006761536002159119,0.1590526129609795,24.327499400623346,6.057324382642052
Somasila_Dam,2018,4,0.1166409453549662,1.264085016713474,0.0217341281333177,-0.1380251673699876,36.31013437904073,31.253939501444503,20.52268204159208,10.116186112165453,1.804897860616677,724448800.0,0.053671940229833126,3.8743019104003906e-05,0.1237187067667643,24.327499400623346,6.057324382642052
Somasila_Dam,2018,5,0.1407654978488544,1.3276532715956808,0.0252238724065964,-0.1654020851834062,37.65748965319983,32.87300438829652,21.16645409778885,32.227070569992065,0.9766665599593172,728608906.0,0.06008017808198929,0.00016977638006210327,0.1442567558698756,24.327499400623346,6.057324382642052
Somasila_Dam,2018,9,0.153905155118429,1.3638011886007209,0.0013073350739765,-0.155181266851359,36.67116565804599,29.06894069247778,20.72048229641388,83.46717309951782,1.308085980525374,572444538.5625,0.09481834340840578,0.0011026039719581604,0.2297147750854492,24.327499400623346,6.057324382642052
Somasila_Dam,2018,10,0.138074324559545,1.3203856863620806,0.0125953404451665,-0.1504080913272056,37.34833181532196,28.281314940093694,19.688737057101378,65.95680403709412,1.2761606495211997,588969816.9016113,0.08216548431664705,0.00025226175785064697,0.1812415789532405,24.327499400623346,6.057324382642052
Somasila_Dam,2018,11,0.1413470909348724,1.3292298656246713,0.006502463423093,-0.1477137899800851,31.930124573637045,25.187150298224594,20.434873750474765,55.270654916763306,1.3403972549678955,438463884.0,0.07706665992736816,0.0020309463143348694,0.2800282796223958,24.327499400623346,6.057324382642052
Somasila_Dam,2019,1,0.1543529218232424,1.3650528117616922,-0.0011971830359294,-0.1531840454678672,28.78574348407369,23.289654709190472,16.61788730006066,10.65921401977539,1.5346821200694838,576967496.0,0.047607080079615116,0.00014647841453552246,0.1436694155457199,24.327499400623346,6.057324382642052
Somasila_Dam,2019,2,0.1200737130683779,1.2729176633353805,0.0157090681965695,-0.1355271437122783,31.686222853602885,26.4168743678502,17.951310094197595,2.026016443967819,1.8403566906602664,583026748.0,0.04593764804303646,4.302710294723511e-05,0.1471170924958728,24.327499400623346,6.057324382642052
Somasila_Dam,2019,3,0.0871556461237507,1.190954012595155,0.0318696767250558,-0.118695631220565,36.97024386489045,29.66297993403612,17.612102721839847,3.3478042483329773,1.9813689890753063,755882416.7844238,0.041643282398581505,8.627772331237793e-06,0.1203111422959194,24.327499400623346,6.057324382642052
Somasila_Dam,2019,4,0.0764287512147842,1.1655069954057404,0.0397727722258511,-0.1158493664695533,38.70047824360893,31.799746598137745,19.424360847473167,19.463271915912628,1.7691732849618846,736326548.0,0.04141487926244736,4.544854164123535e-05,0.1262129889594184,24.327499400623346,6.057324382642052
Somasila_Dam,2019,5,0.0983015035771774,1.2180363036362036,0.0300524195529354,-0.1279758571053967,39.878371254954914,34.78021374364056,19.277327699558725,39.06465911865234,0.4159979142948016,722912946.0,0.04297905135899782,6.408989429473877e-05,0.1237571265107841,24.327499400623346,6.057324382642052
Somasila_Dam,2019,9,0.147212293552985,1.345249567835161,-0.0082116232157071,-0.1391689049306676,22.12538336015677,27.532835197448776,22.252716403537363,156.97058296203613,1.7364511371236604,474074300.9375,0.11586111225187778,0.01033473014831543,0.3361990822686089,24.327499400623346,6.057324382642052
Somasila_Dam,2019,11,0.2147002916017124,1.5467983479571623,-0.014445284850904,-0.2008780111947111,31.537368168586625,25.43026235368518,21.71215758853492,65.08814215660095,1.1524537607305592,456162402.0,0.09975920990109444,0.0020317956805229187,0.3458406660291884,24.327499400623346,6.057324382642052
Somasila_Dam,2020,1,0.1834003627589463,1.4491806128608602,-0.0091817294403514,-0.1745125005917628,26.5064272942289,23.78419548772996,19.43782107855685,23.11476755142212,1.454825827173981,513615196.0,0.0951322577893734,0.0014435052871704102,0.2882539482526882,24.327499400623346,6.057324382642052
Somasila_Dam,2020,2,0.1717316926194597,1.4146764788395052,0.0003733872310797,-0.1720940447637158,30.11475693594747,25.19587325172864,17.839133133285372,1.8901322484016416,1.9150859697969032,587295676.0,0.08026072569191456,4.581362009048462e-05,0.1460834371632543,24.327499400623346,6.057324382642052
Somasila_Dam,2020,3,0.1108187085064895,1.2492600992995553,0.0179357980726572,-0.1284990989458716,34.55965255786202,28.11359119210192,18.77800054242539,4.903240144252777,2.100994745615814,727675416.5170898,0.07343090791255236,3.209710121154785e-05,0.1255795468566238,24.327499400623346,6.057324382642052
Somasila_Dam,2020,4,0.0429155841036292,1.0896798305161746,0.0062580869228506,-0.0491604680263418,-3.381632244702132,30.66000919342042,20.41342055002849,43.37976425886154,1.6882162181629596,735209752.0,0.05991094093769789,7.180124521255493e-05,0.1296500735812717,24.327499400623346,6.057324382642052
Somasila_Dam,2020,5,0.1049557398943763,1.2345263682982348,0.0277117599483265,-0.132282754357787,39.62187078321938,32.5629726820095,21.328128166608963,25.613090872764587,0.4445468049417302,743370802.0,0.05749965459108353,0.000101432204246521,0.1333138045444283,24.327499400623346,6.057324382642052
Somasila_Dam,2020,12,0.1684637742572912,1.4051868554657938,-0.0340187653043222,-0.1352199449377527,26.25516775482833,22.75638349389521,19.57655499366024,70.09575176239014,1.3129978102088906,416821816.0,0.08358922228217125,0.00662616640329361,0.355358410907048,24.327499400623346,6.057324382642052
Somasila_Dam,2021,1,0.1724764165464993,1.416849549656831,-0.0225886943627016,-0.1504739713429563,29.651867275062727,23.33293320850663,19.06405613806941,21.57757979631424,1.2294628547058633,503392332.0,0.0932654170319438,0.001851700246334076,0.2894242604573567,24.327499400623346,6.057324382642052
Somasila_Dam,2021,2,0.1528323007483703,1.3608076674391132,-0.0053441803417858,-0.1476086817720199,29.434602465841408,24.30877118337725,16.175353804088786,4.053442597389221,1.4612363695816295,596527996.0,0.0873028077185154,0.00011991709470748901,0.1626535143171038,24.327499400623346,6.057324382642052
Somasila_Dam,2021,3,0.1007937115871482,1.224183733779386,0.0157717181155317,-0.1163804209105514,33.41016982193236,28.1657236037716,16.120879663446942,2.95613780617714,1.6427290381075066,790971389.0380859,0.0818207710981369,4.246830940246582e-07,0.1221594041393649,24.327499400623346,6.057324382642052
Somasila_Dam,2021,4,0.0816153664340745,1.1777367857673675,0.0232480081900657,-0.1046647842165277,38.725594756971645,30.85218471950958,19.7644793616401,19.44699066877365,1.411886570129085,724484756.0,0.07194327469915152,0.00016410648822784424,0.1424322128295898,24.327499400623346,6.057324382642052
Somasila_Dam,2021,5,0.0961276442217281,1.2127018126114903,0.0295029386906357,-0.125275296159998,40.134689714998615,31.394052800824568,21.100029717722293,33.219300866127014,0.599020651917661,688558584.0,0.0800598943606019,0.000337451696395874,0.1704929926062143,24.327499400623346,6.057324382642052
Somasila_Dam,2021,9,0.2360566417563854,1.617995141155764,-0.0195563775789424,-0.2175043540651297,18.91044612246685,28.20230435265438,21.428061146206343,77.44070076942444,2.4081541586137627,511597387.3000488,0.12371327355504036,0.0014570578932762146,0.2841660817464193,24.327499400623346,6.057324382642052
Somasila_Dam,2021,12,0.201738463252896,1.50544452905742,-0.0245364014919087,-0.1780835639930697,27.038118531179634,23.31265714912007,19.45625383930826,32.39156675338745,1.01073702908783,486022988.0,0.0934187863022089,0.0006887465715408325,0.3274444457023374,24.327499400623346,6.057324382642052
Somasila_Dam,2022,2,0.1429495019080995,1.3335847822884557,-0.0021649748504832,-0.1408281108337896,27.91475872681883,24.52536889939085,17.586739453815312,1.8547663688659668,1.5711837026031192,596753238.0,0.08121267147362232,1.4550983905792236e-05,0.1527305557614281,24.327499400623346,6.057324382642052
Somasila_Dam,2022,3,0.0943445366330102,1.208345315518248,0.0125295372453928,-0.1067478879061779,35.322921175574834,28.669715663950967,17.73047610047047,3.332021862268448,1.3537965362896107,739867670.0039062,0.07716488838195801,5.8785080909729e-06,0.1207663218180338,24.327499400623346,6.057324382642052
Somasila_Dam,2022,4,0.080987440466566,1.1762488219044187,0.0218912890849211,-0.1026966566492557,36.35593174046659,30.95209115346273,20.691845024956592,3.676786452531815,1.7521317800607064,738449072.0,0.06213120464235544,1.7337501049041748e-05,0.1212270100911458,24.327499400623346,6.057324382642052
Somasila_Dam,2022,5,0.0775614606231832,1.168166132077661,0.019882095132899,-0.0972935209411764,36.91426537392567,30.397289591963613,21.487871588430096,94.9218281507492,1.6819821255081049,660696362.0,0.11525880359113216,0.01607590913772583,0.226216326477707,24.327499400623346,6.057324382642052
Somasila_Dam,2022,6,0.1396582700812159,1.3246576685159734,0.0105068721006429,-0.149945116978414,21.714291737432745,30.73069383833144,20.859992218017624,103.5555009841919,2.5320688173573696,626664402.0,0.10518028121441603,0.0005500391125679016,0.1945933659871419,24.327499400623346,6.057324382642052
Somasila_Dam,2022,7,0.1672137662896157,1.4015766820366706,-0.0070608616291841,-0.1603422164288229,30.739471958813,28.229889806111657,21.29163759293096,162.18180084228516,3.1000989940651427,468584870.0,0.10914555750787258,0.0011924058198928833,0.2608573667464717,24.327499400623346,6.057324382642052
Somasila_Dam,2022,9,0.2512565712803415,1.671141973719855,-0.0258241474866499,-0.2269046918813234,34.317823026392034,27.994827546013767,21.13225926293268,113.10590982437134,1.9056644524803408,551637509.875,0.1268248688429594,0.0018523931503295898,0.2831540213690863,24.327499400623346,6.057324382642052
Somasila_Dam,2022,10,0.2197064380005655,1.5631378975819996,-0.0212039700780813,-0.1994315494585522,29.459374007440715,26.05696502603513,21.37725636061805,158.7351484298706,0.4117072085709098,493706095.3046875,0.10811830963939428,0.003198489546775818,0.3385401079731603,24.327499400623346,6.057324382642052
Somasila_Dam,2022,11,0.1633709502641949,1.39054572708367,-0.0239194275930009,-0.1399986007494774,27.26356017671128,23.96937353346084,20.58550874922014,219.24752378463745,0.8783374509746578,412650084.0,0.08757239114493132,0.018986426293849945,0.3680260764227973,24.327499400623346,6.057324382642052
Somasila_Dam,2023,1,0.1683103339787996,1.4047431171869562,-0.0113565055602538,-0.1572544072041201,26.83382825881017,23.034142881824152,17.489957694597138,8.057804703712463,1.3814015139473612,567041938.0,0.09663297329097986,0.00012405961751937866,0.2250208290674353,24.327499400623346,6.057324382642052
Somasila_Dam,2023,2,0.142943633223279,1.333568803090214,-0.000729101856494,-0.1422293545767331,30.378251517187262,25.65373898006624,15.321373944055496,2.3302717804908752,1.444494013479226,637777232.0,0.0845849011093378,1.7210841178894043e-06,0.1348922139122372,24.327499400623346,6.057324382642052
Somasila_Dam,2023,3,0.0919943327855922,1.2026294242585815,0.0105507064858327,-0.102445605034095,28.74171389454545,27.80585021152291,18.40044793569916,42.5825434923172,1.4347846244949576,704269387.1289062,0.08868313673883677,0.00043380260467529297,0.1648653091922883,24.327499400623346,6.057324382642052
Somasila_Dam,2023,4,0.082384599619988,1.179562373486474,0.0276411403374354,-0.1097757581311954,38.587847784626206,31.12275424533425,18.40995714399554,16.956180036067963,1.7529156853063972,726161000.0,0.07176813390105963,0.00013199448585510254,0.127517212761773,24.327499400623346,6.057324382642052
Somasila_Dam,2023,5,0.1164956751508282,1.2637127445204437,0.0201587064844539,-0.136334214077631,41.04383569881696,32.66432131285313,20.11092295492853,71.76799440383911,0.4066040214779252,677095316.0,0.09103204030543566,0.0003452003002166748,0.1787372301983577,24.327499400623346,6.057324382642052
Somasila_Dam,2023,6,0.1152152997267893,1.2604369168933691,0.0292802925003776,-0.1440097698428154,38.547959774935634,32.92664167616107,19.494366476270898,96.04076838493349,3.14902701143653,629802572.0,0.07676225248724222,0.00023009628057479858,0.1554540634155273,24.327499400623346,6.057324382642052
Somasila_Dam,2023,9,0.1494977886783154,1.351551793018845,0.0122692766247406,-0.1614708905959511,36.080968597816025,29.35448065863716,21.31498046451145,114.3953619003296,2.434533478912919,563102947.0625,0.12981174793094397,0.0018879175186157227,0.2707745869954427,24.327499400623346,6.057324382642052
Somasila_Dam,2023,10,0.1861415290460557,1.4574297268857432,-0.0070386953022897,-0.1793378009659822,36.9510335530245,29.22554591189152,19.64567644673013,32.26632595062256,0.722828002891861,596605306.7539062,0.09509673714637756,0.00012318789958953857,0.1737005582419775,24.327499400623346,6.057324382642052
Somasila_Dam,2024,1,0.170337908508353,1.4106199626455225,-0.0157767599901367,-0.1549776323543084,28.62964392831861,24.118637175201115,18.91206239679809,7.684664607048035,1.5891762687059443,520226626.0,0.08766594342887402,0.00011358410120010376,0.2051205173615486,24.327499400623346,6.057324382642052
Somasila_Dam,2024,2,0.0849859606006852,1.1857588123051677,0.0065947926988367,-0.0915294542629333,26.329328177518505,26.77063903808596,18.61623008991114,2.3770550191402435,1.938231869682837,616535774.0,0.07713577710092068,1.3232231140136719e-05,0.1283298799361305,24.327499400623346,6.057324382642052
Somasila_Dam,2024,3,0.1130328999385612,1.2548750679269425,0.0153772090916661,-0.1281873027648882,34.89974724313328,29.19648973198349,18.55915273440786,2.9796565771102905,2.16168767721754,747922581.1640625,0.07013486325740814,4.336237907409668e-06,0.119563974359984,24.327499400623346,6.057324382642052
Somasila_Dam,2024,4,0.0930290679208594,1.2051423361663856,0.0346594036535994,-0.1272780847707227,40.42843894240821,32.46694817013213,18.94467271169032,3.714000552892685,2.1540692383249453,771552236.0,0.05990168545395136,7.614493370056152e-06,0.119457287258572,24.327499400623346,6.057324382642052
Somasila_Dam,2024,5,0.1022854355318784,1.2278796392091078,0.0308445770347613,-0.1327113148716319,36.33825474052702,32.60557337525074,22.143354936825347,58.85925316810608,0.3744945007611817,659151970.0,0.1044729882851243,0.0008798539638519287,0.2173636651808215,24.327499400623346,6.057324382642052
Somasila_Dam,2024,10,0.2067559959225408,1.5212923006282224,-0.0418548095407764,-0.1663406539600269,32.127948322595614,27.511120240406346,22.21945576821605,293.2305564880371,0.1991154393686782,508715667.7487793,0.10202705394476652,0.00300009548664093,0.2828471070976667,24.327499400623346,6.057324382642052
Somasila_Dam,2025,1,0.1388523204422775,1.322482017285562,-0.0186151531203258,-0.1205487565892376,24.314513214661588,23.179301546978703,18.05188965335969,10.762388110160828,1.3144054643581664,526344564.0,0.07408817391842604,4.564225673675537e-05,0.2017934040356707,24.327499400623346,6.057324382642052
Somasila_Dam,2025,2,0.1300746281385562,1.2990477858123068,-0.0064188080677108,-0.1237591495640084,29.48793084967315,26.17386028198973,16.655242243267253,1.854765385389328,1.5044746256459802,632966342.0,0.05809543561190367,1.0505318641662598e-06,0.1231204668680826,24.327499400623346,6.057324382642052
Somasila_Dam,2025,3,0.1052772109298075,1.2353292264729572,0.0082104536471165,-0.1133896535470319,33.81162001967863,29.20382342594928,17.75093280423073,6.080668568611145,1.758863859566906,760293700.0930176,0.054394218139350414,4.559755325317383e-06,0.1191889239895728,24.327499400623346,6.057324382642052
Somasila_Dam,2025,4,0.0920552191395277,1.2027771315614275,0.0218893793862216,-0.1137154582820573,37.91281106276904,31.29896776411272,20.609325620863217,6.377607941627502,1.3272346035665337,709365748.0,0.05410734657198191,8.392333984375e-05,0.1336559295654296,24.327499400623346,6.057324382642052
Somasila_Dam,2025,5,0.1094132033560401,1.2457103648254095,0.0191678858928417,-0.1283119908015676,34.44504158450695,30.988842674993748,21.465635512977546,148.3574981689453,1.1829782324538471,613752280.0,0.08528585825115442,0.0025229454040527344,0.2218844095865885,24.327499400623346,6.057324382642052
Somasila_Dam,2025,6,0.1882999665053937,1.4639644172360256,0.0026833821032415,-0.1908868971321475,35.78116751449937,30.954705746968614,20.155497720506503,41.32605648040772,3.703218055602153,576616914.0,0.09746099915355444,0.000183984637260437,0.1786740409003363,24.327499400623346,6.057324382642052
Somasila_Dam,2025,9,0.1940746279707515,1.4816193526258865,-0.0108451034544993,-0.183615992004763,36.42123399484774,28.718944846259262,20.15612148708772,118.95514583587646,3.045536514539809,547124532.125,0.10373692493885756,0.0003918558359146118,0.1970597796969943,24.327499400623346,6.057324382642052
Somasila_Dam,2025,11,0.2181145460804054,1.5579194368868137,-0.0333810056855965,-0.1860884284519375,30.732303563022583,24.88776192135282,20.10864770677358,91.06005787849426,1.0455521178934677,443050708.0,0.09401111025363207,0.001442141830921173,0.2855390972561306,24.327499400623346,6.057324382642052
Somasila_Dam,2025,12,0.1730224497642778,1.418445336792902,-0.0348284027015183,-0.1390318663749744,26.01494165343536,22.124322858420783,18.13646516287201,44.50868844985962,1.0471980272665398,449196544.0,0.07973478827625513,0.00521647185087204,0.294671150945848,24.327499400623346,6.057324382642052
Somasila_Dam,2026,1,0.1639770811374262,1.392278913502803,-0.0209599912064097,-0.1435103289297585,27.055497521939515,22.81848178166217,17.126840374033975,19.534014463424683,1.4706342423559926,504483000.0,0.07428702525794506,0.0001326054334640503,0.1785784485519573,24.327499400623346,6.057324382642052
Somasila_Dam,2026,2,0.1435904883182238,1.3353313721054958,-0.0027875007795484,-0.1408593677117281,26.13162704192393,24.85419989086336,16.145667693728512,1.8421964943408968,1.597619627385661,603184018.0,0.06062694266438484,1.430511474609375e-06,0.1253518831162225,24.327499400623346,6.057324382642052
Somasila_Dam,2026,3,0.1018169784474043,1.226717664449733,0.0032904328786835,-0.105072209831194,33.05463741370909,28.757672082224246,17.20454821842975,5.116544127464294,1.8069063805200272,751018460.6914062,0.06197182834148407,3.7476420402526855e-06,0.1191392919068695,24.327499400623346,6.057324382642052
Somasila_Dam,2026,4,0.0823380512413739,1.1794518152414564,0.0236871012381929,-0.1058187688695737,39.49295399124799,32.08389068179662,19.26719182332357,4.151746094226837,1.5489776745971398,754912684.0,0.04970871843397617,1.9744038581848145e-06,0.1185134675767686,24.327499400623346,6.057324382642052
Somasila_Dam,2026,5,0.0914264637328281,1.2012527551890828,0.0306521677064826,-0.121737471998353,37.23301186747102,,,,,,,,,24.327499400623346,6.057324382642052
Srisailam_Dam,2016,1,0.146884330115097,1.3443479830464578,0.0391333911844031,-0.184954587175525,36.15286771011239,23.300299375800705,14.024165377052896,6.598136499072567,1.3655895276284966,555318260.0,0.045894941315054893,8.374452590942383e-05,0.1670594164120253,27.839550213260942,6.249654905001938
Srisailam_Dam,2016,2,0.1208231382808731,1.274855136757393,0.0414942653354658,-0.1615076900839578,38.945831471872566,26.01852650697208,14.481679381447291,0.7214560858961759,1.810885428508039,618142296.0,0.031214987859129906,7.972121238708496e-07,0.1354262253333782,27.839550213260942,6.249654905001938
Srisailam_Dam,2016,3,0.1248449122360516,1.2853092302874791,0.0507411118010258,-0.1744807288117678,46.06995309013638,28.72964543988633,16.568819136260686,7.816962666583786,1.5832961940469334,711062564.5644531,0.02991030551493168,1.0602176189422607e-05,0.1360588278821719,27.839550213260942,6.249654905001938
Srisailam_Dam,2016,4,0.1259461564700833,1.2881885536054452,0.0518093608077561,-0.1766031482054118,51.56867571507416,31.86828074985084,16.935526699490026,4.905230008291476,1.4529206327449844,739617052.0,0.027650234289467335,4.336237907409668e-06,0.133674070570204,27.839550213260942,6.249654905001938
Srisailam_Dam,2016,6,0.1573595011696849,1.3734914269801146,0.0265468044468297,-0.1831412528293999,41.86741030569141,26.569824324713863,21.83880960676408,174.990913495873,3.30938829499232,457823728.0,0.10442551225423813,0.006075352430343628,0.3159065034654405,27.839550213260942,6.249654905001938
Srisailam_Dam,2016,8,0.2310471862601955,1.6009398291593389,0.0180205674682256,-0.2480350347085894,43.02424491840992,25.930325793194527,20.739396031697595,181.7780874877265,3.9264951261658,478924624.0,0.11319984588772058,0.0014842525124549866,0.2865187532158308,27.839550213260942,6.249654905001938
Srisailam_Dam,2016,10,0.2600253767982713,1.7027953895856354,0.0049919901624783,-0.2646738086788895,37.91975331767469,25.2700332190401,17.871088548885893,32.21679790814718,1.1716427239294511,587067278.4282227,0.12951034121215343,0.00026203691959381104,0.2629118068243867,27.839550213260942,6.249654905001938
Srisailam_Dam,2016,11,0.2161858807776477,1.5516253802422768,0.0203131705167506,-0.2354650253176169,36.411537612419465,24.46107345157202,14.671800952487558,6.397672700159477,1.416636272053278,567754344.0,0.08564344141632318,6.10649585723877e-05,0.1714887407090928,27.839550213260942,6.249654905001938
Srisailam_Dam,2016,12,0.1616334274786757,1.385591298070426,0.0283335598753526,-0.1891009710173523,34.06969068453287,22.867714613227463,14.132073954100292,8.345321319319986,1.5013745048697125,517147436.0,0.06074300315231085,0.0001395195722579956,0.182983152327999,27.839550213260942,6.249654905001938
Srisailam_Dam,2017,1,0.1446452708296929,1.3382111909756988,0.025608588791982,-0.1696255392701693,33.31724797360357,23.17221632106333,13.504681544150117,6.312316862019626,1.4066560810489392,580749808.0,0.03390529006719589,7.875263690948486e-06,0.1373278505058698,27.839550213260942,6.249654905001938
Srisailam_Dam,2017,2,0.121162274612254,1.2757329848551888,0.0508288376653638,-0.1709383818279953,40.02331457153832,25.87993492853076,11.757815047672864,0.7261823682594255,1.328345252222502,640258806.0,0.025628849864006042,0.0,0.1335861796424502,27.839550213260942,6.249654905001938
Srisailam_Dam,2017,4,0.1278388383998553,1.2931541646851388,0.0472506101615924,-0.1740381773701384,45.71937684102125,31.652504200405588,16.002825037638388,11.086081458763644,0.4209804118620359,711748904.0,0.03373642824590206,4.328042268753052e-05,0.1419726901584201,27.839550213260942,6.249654905001938
Srisailam_Dam,2017,5,0.1426699659734685,1.332823907505971,0.0442342929663476,-0.1857321211543214,50.12727817612552,32.082885688863826,18.65838289568501,59.493832291978784,0.9050416335303748,726178896.0,0.052014454267919064,8.733570575714111e-05,0.1591461960987378,27.839550213260942,6.249654905001938
Srisailam_Dam,2017,9,0.3170591733306674,1.928511405232424,-0.0114315793104406,-0.306739366894313,41.94787589773671,25.51715977986657,22.37236035664881,185.9121885588675,1.1764616491579951,497761665.1813965,0.12021793331950903,0.02091258019208908,0.3775214301215278,27.839550213260942,6.249654905001938
Srisailam_Dam,2017,10,0.2733773379460957,1.752460258185053,0.0017195310056616,-0.2749676119543241,34.18526534213197,24.93210752343623,21.125846870996668,150.36827648047247,0.1716951416738098,528280896.92749023,0.12265286967158318,0.018771037459373474,0.3637955573297316,27.839550213260942,6.249654905001938
Srisailam_Dam,2017,12,0.1790622113525151,1.436238199358625,0.0310040183441286,-0.2089064545780341,33.6728147106262,23.09422844507361,14.17440960791805,6.029813629208189,1.5195581576194972,575487068.0,0.06176353059709072,4.470348358154297e-08,0.136352067352623,27.839550213260942,6.249654905001938
Srisailam_Dam,2018,1,0.1496910363328374,1.3520862244877645,0.0417291234825651,-0.1902318809859697,36.01862899413459,23.63043094758069,13.03301073710128,6.308280298204133,1.1789023522449498,601234460.0,0.041326917707920074,1.862645149230957e-07,0.1330758166569535,27.839550213260942,6.249654905001938
Srisailam_Dam,2018,3,0.1360026941581761,1.3148220329822993,0.0525922669889598,-0.1872555800319507,43.3152046147481,28.65979306210756,12.936256560458958,6.66546781225638,1.417111987933193,719990109.7617188,0.042210787534713745,5.963444709777832e-05,0.1462675525296119,27.839550213260942,6.249654905001938
Srisailam_Dam,2018,4,0.1395671228654536,1.3244114133115104,0.0430780785624201,-0.1815536494200909,42.164251566449934,29.81791790856255,18.72222088707821,12.360096037387851,1.2295814102327969,693083864.0,0.05234901048243046,7.75456428527832e-05,0.1609182993570963,27.839550213260942,6.249654905001938
Srisailam_Dam,2018,5,0.1726431369732188,1.417336568265417,0.0330298242446162,-0.2045067873435007,42.18097598299812,30.96625035603841,20.14220017053748,55.23842974142595,0.732413656789141,725728506.0,0.06290511507540941,0.00014796853065490723,0.1692653368878108,27.839550213260942,6.249654905001938
Srisailam_Dam,2018,10,0.2225465528602358,1.572501295554043,0.0154684154099601,-0.2371984263199295,35.67097535279265,26.3465319889848,18.077731827766684,69.10832337899642,1.220468919709495,616827612.9016113,0.13268464896827936,0.0007741227746009827,0.2401465549263902,27.839550213260942,6.249654905001938
Srisailam_Dam,2018,11,0.192135616541731,1.4756630456197255,0.0244064591957187,-0.2155313736719644,38.58148850154453,24.78755177391901,16.69540706210671,7.403008876424847,1.5209497749600531,494699092.0,0.0684006093069911,7.030367851257324e-05,0.1692730797661675,27.839550213260942,6.249654905001938
Srisailam_Dam,2019,1,0.1536950010265964,1.3632142105104743,0.0321833500634122,-0.1849634442064263,34.19259248503283,22.26681049716092,12.767684637090213,20.467082522132184,1.3568819309033235,580875932.0,0.034908853471279144,0.00013306736946105957,0.1581722382576235,27.839550213260942,6.249654905001938
Srisailam_Dam,2019,2,0.1463884306231376,1.3429860509739842,0.0306443464635074,-0.1762421586778131,37.05098603705113,25.315323493594235,15.197435814993751,0.7367930633269929,1.444874786274993,579855676.0,0.041319590993225574,1.0505318641662598e-05,0.1558907826741536,27.839550213260942,6.249654905001938
Srisailam_Dam,2019,3,0.132415019528209,1.3052496816074477,0.0417411205488732,-0.1731988438633447,43.63693270262661,28.81030436279957,14.99357376098635,2.4527121628775745,1.4688729880421558,721619154.7844238,0.02642610017210245,1.8924474716186523e-06,0.133411140852077,27.839550213260942,6.249654905001938
Srisailam_Dam,2019,4,0.1438017704936612,1.3359076567504082,0.0389265400464575,-0.1817111450860511,45.29283248637944,30.78273270924888,17.109473694695396,28.78159598690091,1.115926685675584,696384932.0,0.0405358737334609,6.551295518875122e-05,0.1525549146864149,27.839550213260942,6.249654905001938
Srisailam_Dam,2019,5,0.1523315155925629,1.3594129506868484,0.0303680183671718,-0.1818582565259919,18.784053990165944,32.420584102343526,18.09310653440417,70.76983133229344,0.9371305822868498,711999194.0,0.04907027445733547,0.00010097026824951172,0.1568610693818779,27.839550213260942,6.249654905001938
Srisailam_Dam,2019,11,0.2434573103840556,1.6436049511168913,0.0037962797003499,-0.2470252814033302,37.21815914057754,23.79622915056018,19.9596836302016,7.547351483142738,1.2960204060585956,490188414.0,0.10389971639961004,0.0015597343444824219,0.2965700997246636,27.839550213260942,6.249654905001938
Srisailam_Dam,2020,1,0.1532574617344475,1.3619930611927835,0.0308987150529032,-0.1832882229882159,39.45598331008665,22.71099267775014,17.655778277817603,11.502803260629827,1.3376700253432696,496568956.0,0.07302486523985863,8.362531661987305e-05,0.1986921782134681,27.839550213260942,6.249654905001938
Srisailam_Dam,2020,2,0.1407024507953649,1.3274824906124751,0.0416554328640723,-0.1812953079629017,39.24511580915146,23.92079692270568,15.844262892624442,0.7558698022850987,1.6437129000513064,570300460.0,0.06098606903105974,4.929304122924805e-05,0.1552883235887549,27.839550213260942,6.249654905001938
Srisailam_Dam,2020,3,0.1671192044453332,1.4013040169428763,0.0288330073373706,-0.1950125342822897,43.148911299275824,27.06690520419869,16.94120461248582,3.5154337494662324,1.671089757666358,688981992.5170898,0.05603695381432772,2.2135674953460693e-05,0.1416707602880334,27.839550213260942,6.249654905001938
Srisailam_Dam,2020,4,0.1948487317217502,1.4840052780104749,0.0176431904781873,-0.2117639300530754,43.06182295369968,29.861129527621813,17.544144291347948,27.634647584322728,1.3451283939676848,715746422.0,0.05366152245551348,5.27799129486084e-05,0.1468763775295681,27.839550213260942,6.249654905001938
Srisailam_Dam,2020,5,0.1366816772004581,1.316642595415399,0.0091350529759251,-0.1456348912722208,32.42039417571198,31.27643821880384,19.455881967852235,87.56928547945891,0.4519919644760006,724023908.0,0.06575655750930309,0.00014290213584899902,0.1655958647369056,27.839550213260942,6.249654905001938
Srisailam_Dam,2020,11,0.2799735695520735,1.7776758122001235,-0.0068543014741782,-0.2736443980401065,33.154353360194534,22.924232122633214,18.31057056850858,42.67206104957696,1.6564868925136504,449640692.0,0.0952846622094512,0.007141858339309692,0.2643096076117621,27.839550213260942,6.249654905001938
Srisailam_Dam,2020,12,0.2166255831679919,1.5530575891003255,0.003350913575877,-0.2198169330373525,21.94708754778833,21.20744511183875,16.384119677800015,10.118143955866495,1.4350223493175789,539851808.0,0.09379987139254808,1.2159347534179688e-05,0.2414392860986853,27.839550213260942,6.249654905001938
Srisailam_Dam,2021,1,0.176905531292431,1.4298547445476333,0.0097130413191371,-0.1862984576977562,36.34717704541493,22.56665979200796,16.045682587162162,8.607777617194436,1.3436896156810163,553556880.0,0.06776594091206789,1.0535120964050293e-05,0.1499165565736832,27.839550213260942,6.249654905001938
Srisailam_Dam,2021,2,0.1537489083392341,1.3633647503780522,0.0257391092968644,-0.1787805187702014,37.52577076624675,23.65225379126417,12.689569182623018,1.0977507290345705,1.2612958921457014,605213650.0,0.057237349450588226,2.0347535610198975e-05,0.1404666900634765,27.839550213260942,6.249654905001938
Srisailam_Dam,2021,3,0.1447164323569854,1.338405735435311,0.0279135609046977,-0.1719354512465182,42.89765435935453,27.834842177360315,11.447642201249325,2.5523268688808787,1.1887921735474405,782503865.0380859,0.06200863886624575,4.917383193969727e-07,0.1333538588657174,27.839550213260942,6.249654905001938
Srisailam_Dam,2021,4,0.1633745500710716,1.3905560130520782,0.0310867360660944,-0.1934786503436776,48.02362904033714,29.5873952229818,16.932217534383142,31.59878125877092,0.8707104469965059,712740566.0,0.06078179553151131,5.451589822769165e-05,0.1482583575778537,27.839550213260942,6.249654905001938
Srisailam_Dam,2021,5,0.2031685308049843,1.5099410318476294,0.0179301433943483,-0.220296170302124,46.57651428939573,29.27022362575741,20.440319746284104,73.02707115809123,0.9184955697958854,697750258.0,0.09174968302249908,0.0003160834312438965,0.2048855853337113,27.839550213260942,6.249654905001938
Srisailam_Dam,2021,9,0.3050683816339434,1.8779810086961624,-0.0132664374238986,-0.2929877154768061,32.60210449782085,24.854363271925195,21.516632652282738,142.92560323079428,2.785240639968581,437692881.3000488,0.11157856229692698,0.004250921308994293,0.3589184867011176,27.839550213260942,6.249654905001938
Srisailam_Dam,2021,10,0.1130985644933235,1.2550420147391277,0.0013002245050633,-0.1143819687266843,31.534547401656027,25.61128059305173,20.610726621074093,140.25460395668492,0.7166196153376994,538136310.0288086,0.12481078691780567,0.0028365105390548706,0.3124379804057459,27.839550213260942,6.249654905001938
Srisailam_Dam,2021,12,0.2093609633473598,1.52959935859919,0.0015239938603284,-0.2108176926979384,29.93005172870653,22.10087171985259,15.948971623246392,7.569327992020232,1.2293994456808932,516204940.0,0.09548560902476311,5.2966177463531494e-05,0.2480102867208501,27.839550213260942,6.249654905001938
Srisailam_Dam,2022,1,0.1668961827451942,1.400661188410205,0.0180455702984305,-0.1843864296483516,34.07607513962023,22.10479810981343,15.222081182336296,14.54543927944068,0.9620199793776396,534063532.0,0.07784311752766371,0.00011241436004638672,0.1857453212943128,27.839550213260942,6.249654905001938
Srisailam_Dam,2022,2,0.1469975452720792,1.3446591377488275,0.0306507534761289,-0.1768514792836511,38.86488811105716,23.77770567394441,13.917337830861412,0.7498119118002555,1.3632514583545492,610334394.0,0.05612896475940943,3.5762786865234375e-07,0.1359183674766904,27.839550213260942,6.249654905001938
Srisailam_Dam,2022,3,0.1305546669751338,1.3003171378720828,0.037628288871367,-0.1673607878220979,44.15137709684575,28.35567469032867,13.598044249832014,4.0692751579212425,1.027885790220652,703786148.0039062,0.05457383766770363,9.149312973022461e-06,0.1356861770793956,27.839550213260942,6.249654905001938
Srisailam_Dam,2022,4,0.1375418617572333,1.3189531309600044,0.0399955133357753,-0.1765660749855989,45.59053690898247,30.04539898766416,17.666603597005235,10.818686884461028,1.1505114848373943,687226922.0,0.04363608453422785,5.7443976402282715e-06,0.1343084123399522,27.839550213260942,6.249654905001938
Srisailam_Dam,2022,5,0.1451243995553968,1.3395216788967206,0.0377902625171588,-0.1819169767694134,48.15742050867425,29.42357539925524,20.23824173711961,133.45294367183342,1.4385456301809585,659238548.0,0.08415867574512959,0.0002937689423561096,0.1929784590198147,27.839550213260942,6.249654905001938
Srisailam_Dam,2022,9,0.3350652733870835,2.0078140303901963,-0.0192697275264213,-0.3178477670044999,37.15396431400183,24.84704922570125,21.337066120571592,174.01945209503174,2.057266705202257,469556373.875,0.11579500883817673,0.027652613818645477,0.3549037509494357,27.839550213260942,6.249654905001938
Srisailam_Dam,2022,11,0.2625874949176494,1.7121861728892838,-0.0047849698508313,-0.2581268545537386,34.18432039811694,22.934238984849745,17.204413371615942,12.104174650076663,1.3506090801016408,495236984.0,0.10031972080469131,0.00018459558486938477,0.2426077100965711,27.839550213260942,6.249654905001938
Srisailam_Dam,2023,1,0.1911339289170538,1.472597221592334,0.0119617166080552,-0.2026323691876656,32.51513020498584,22.277356822516367,13.488907627392848,6.435038098783204,1.392705306542459,595136622.0,0.07485737558454275,1.9237399101257324e-05,0.156741214054887,27.839550213260942,6.249654905001938
Srisailam_Dam,2023,2,0.152605051494184,1.3601745603116175,0.0333881585472238,-0.1850503412365928,38.15408772944153,25.61268847783407,10.71457985923405,0.7262573906530938,1.2229132079800358,641744820.0,0.05540350638329983,2.2351741790771484e-08,0.1339430809020996,27.839550213260942,6.249654905001938
Srisailam_Dam,2023,3,0.1389758387670096,1.322815189223019,0.0386864552007938,-0.1767122038853945,40.844893558576246,26.41039752755114,14.17509563815213,28.8573115106785,1.2541503252465862,707544331.1289062,0.0835924381390214,0.0003314018249511719,0.1914780729560442,27.839550213260942,6.249654905001938
Srisailam_Dam,2023,4,0.1454167243168854,1.340321952124902,0.0381157983122568,-0.1825208688571683,49.21139553068588,29.70668436686202,15.836872291564989,43.16167201598486,1.380274934095116,707065380.0,0.0670731607824564,0.00011769682168960571,0.1502317004733615,27.839550213260942,6.249654905001938
Srisailam_Dam,2023,5,0.2522427042372202,1.6746646423019114,0.0015917591904299,-0.253732587347166,43.3730444808042,29.725999635265737,19.84633227112477,137.47738680695045,0.6861039691013711,683287730.0,0.10993417538702488,0.004523999989032745,0.2212983203190629,27.839550213260942,6.249654905001938
Srisailam_Dam,2023,6,0.2519412897128851,1.673586942437143,0.0071098132084215,-0.2585879059101944,43.53870697657902,30.00467173258465,19.71180354224316,71.95447949207191,3.1142016958858805,620607552.0,0.06386646162718534,0.00011576712131500244,0.1732319302029079,27.839550213260942,6.249654905001938
Srisailam_Dam,2023,9,0.2883226077390958,1.8102620959284188,-0.0102531220414783,-0.2788939539242444,34.867578400067146,25.76031290690105,21.759039709303124,170.28914383685952,2.8038507528142347,492643937.0625,0.12550760805606842,0.010981783270835876,0.3363882700602214,27.839550213260942,6.249654905001938
Srisailam_Dam,2023,10,0.2927585083675416,1.827888385597386,-0.0153402619397613,-0.2786697501028299,38.2677583339422,26.49809085476784,17.948568331810748,22.97916730967436,0.610062712170489,603089002.7539062,0.12317584455013275,4.8704445362091064e-05,0.2085465872159568,27.839550213260942,6.249654905001938
Srisailam_Dam,2023,12,0.2018778847623012,1.5058821974934935,0.0077361494232739,-0.2092871783689179,33.10010085920828,21.87115087611704,17.363806578933577,21.68849357330438,1.3685481923639158,467053928.0,0.07904626615345478,0.00036713480949401855,0.2472552842991326,27.839550213260942,6.249654905001938
Srisailam_Dam,2024,1,0.1612768476735658,1.3845770734388794,0.0211680581439877,-0.1818241730568971,35.96113115961117,22.865030194354347,16.007915156374736,6.310994202440436,1.655025096611568,537727112.0,0.04939272254705429,5.5655837059021e-06,0.1434021611367502,27.839550213260942,6.249654905001938
Srisailam_Dam,2024,2,0.1401617066742295,1.326018759020601,0.0371262731007386,-0.1763702053472955,39.48544968908504,25.633016687152065,15.48274971095998,0.7268212503668938,1.688149359434109,609312614.0,0.03983220271766186,8.121132850646973e-06,0.1356980334753277,27.839550213260942,6.249654905001938
Srisailam_Dam,2024,3,0.1355659725399381,1.313652559324318,0.0435618341694238,-0.1780761774136271,43.581157767434206,28.24809528473889,16.039813121672637,2.435157321619265,1.8125001555332845,697896539.1640625,0.036957042291760445,1.6689300537109375e-06,0.1335354466592112,27.839550213260942,6.249654905001938
Srisailam_Dam,2024,4,0.1421138450122973,1.331311664574735,0.0452713067256781,-0.1861872824418167,52.16714372691399,31.69108282725017,16.04197360144724,7.336972325137168,1.771757868517614,722859196.0,0.03927685599774122,1.5348196029663086e-05,0.1369188096788194,27.839550213260942,6.249654905001938
Srisailam_Dam,2024,5,0.1715375356571927,1.4141105796344506,0.0260151100058788,-0.1966749702618634,41.61031996221016,30.651757956063875,21.157457339379107,158.8413113247265,0.5393032320095146,669177386.0,0.09554944559931755,0.00047801434993743896,0.2209998100034652,27.839550213260942,6.249654905001938
Srisailam_Dam,2024,9,0.3067333479387795,1.884892838929436,-0.0166109908440532,-0.2916081428172052,27.890024733773373,24.753419770134823,21.37291721767849,148.11187603979403,2.8560406193755417,438870253.0625,0.11448553577065468,0.02253512293100357,0.3703131993611653,27.839550213260942,6.249654905001938
Srisailam_Dam,2024,10,0.2781444915428755,1.7706375813003752,-0.0172457746308913,-0.2621562324410317,35.36590301171509,24.92905223805417,21.66213522470128,195.62928005420804,0.5542915884593962,501473179.7487793,0.11629982385784388,0.0025714635848999023,0.3607898630121702,27.839550213260942,6.249654905001938
Srisailam_Dam,2024,11,0.2710538989755199,1.7436870808268916,-0.009340790908884,-0.2623774103583802,33.131385892877915,23.406219694349545,17.470834710862903,13.635363535447556,1.4985777624518577,499164536.0,0.10117414686828852,0.00027463585138320923,0.2327729119194878,27.839550213260942,6.249654905001938
Srisailam_Dam,2025,1,0.1938506682675988,1.480929923618536,0.0074014102905806,-0.2009637421452798,30.860093428441303,22.02741720138061,14.33973932573872,6.493504385153453,1.3324201278834975,587099940.0,0.0690282043069601,3.166496753692627e-06,0.1547633550500357,27.839550213260942,6.249654905001938
Srisailam_Dam,2025,2,0.1508995279392451,1.3554338571335711,0.0305344460701865,-0.1806018269816531,39.41887261212986,26.10117613020401,12.947132705506874,0.7262565839301908,1.25363531225563,626869226.0,0.053363985382020473,7.003545761108398e-07,0.1335048448471796,27.839550213260942,6.249654905001938
Srisailam_Dam,2025,3,0.1411222521060461,1.3286201149164492,0.034113071073969,-0.1743957622014705,42.91353074793278,28.09444842594928,13.61482834354524,4.686526824127545,1.2488239504004923,755969346.0930176,0.05201155040413141,1.0386109352111816e-05,0.1360662726945774,27.839550213260942,6.249654905001938
Srisailam_Dam,2025,4,0.1702593866059203,1.4103918353700178,0.0232673433713205,-0.1927631021075615,42.72596111973223,29.29633918338357,18.94277831183541,43.96697340589581,0.7043138643575441,706694632.0,0.06965924892574549,0.00014457106590270996,0.1719322416517469,27.839550213260942,6.249654905001938
Srisailam_Dam,2025,5,0.2148900449701892,1.5474138841151996,0.0072609750412761,-0.2218049352749523,38.22472437935198,28.35688860493326,20.70973676045736,281.19318294525146,1.5566721768075442,598755584.0,0.08016311936080456,0.0023620575666427612,0.2346350557060652,27.839550213260942,6.249654905001938
Srisailam_Dam,2025,6,0.1886039244098157,1.4648874454381138,-0.0042341150097735,-0.1845171593985221,28.28780404518352,26.859200647142245,21.18665006425647,49.97040821747346,3.642729125232213,527726474.0,0.11748535465449095,0.006904706358909607,0.2856103473239474,27.839550213260942,6.249654905001938
Srisailam_Dam,2025,7,0.2807681602738023,1.7807445242710256,-0.0145894373922381,-0.2672735419932612,31.625415929444955,25.46438041604977,21.04392064822622,101.20304312489252,4.250358685162193,437697702.0,0.10898139886558056,0.0010199099779129028,0.3182738519483997,27.839550213260942,6.249654905001938
Srisailam_Dam,2025,9,0.1854124943831162,1.4552303910988766,-0.0054420445888994,-0.1801522275464406,22.645529012535235,24.36406203375924,21.071231079101608,218.32319560195464,2.964006658123598,452413622.125,0.1161378612741828,0.013988293707370758,0.3804022047254774,27.839550213260942,6.249654905001938
Srisailam_Dam,2025,11,0.2707408405700305,1.7425092631861,-0.0073755489680343,-0.2638922480906673,31.69734321028432,22.353481864929226,17.19116181267634,36.53210975184586,1.1648714041726462,516737760.0,0.10635734349489212,0.0005318224430084229,0.2757131576538086,27.839550213260942,6.249654905001938
Srisailam_Dam,2025,12,0.2215345591201545,1.569157081320834,0.0043511190480807,-0.2256681513925811,29.94886066277684,21.163897266182857,13.537974109444576,9.313326418399813,1.3328615164326767,549137520.0,0.08311296626925468,4.360079765319824e-05,0.1824884107035975,27.839550213260942,6.249654905001938
Srisailam_Dam,2026,1,0.1869018621395304,1.4597276846097105,0.0067816307878844,-0.1934383099812053,32.36312477830006,22.0068139599216,13.320646027595783,7.249665955702465,1.482529024302142,564524704.0,0.06203148793429136,2.1919608116149902e-05,0.144655760898385,27.839550213260942,6.249654905001938
Srisailam_Dam,2026,2,0.1602558955589138,1.3816779295296784,0.0281320997456639,-0.1875424909588525,35.01622394818219,24.117993836175856,12.605375771295485,0.8340030532104502,1.3854066413405055,600426572.0,0.047771867364645004,2.9355287551879883e-06,0.1340339070274716,27.839550213260942,6.249654905001938
Srisailam_Dam,2026,3,0.1482970481646258,1.3482365485409056,0.0192164396412942,-0.167037474221154,37.69429294581494,27.682854793917784,14.48881453647408,8.130621203870485,1.11180124339252,729562790.6914062,0.0547506557777524,1.6845762729644775e-05,0.1384587031538768,27.839550213260942,6.249654905001938
Srisailam_Dam,2026,4,0.1572654168425276,1.3732264463463728,0.0312081019384082,-0.1875530169834195,47.24314070322475,31.085526423984103,16.638695187038877,12.789429256410312,0.818701048624298,720932690.0,0.05129924975335598,3.0234456062316895e-05,0.1385624991522895,27.839550213260942,6.249654905001938
Srisailam_Dam,2026,5,0.1750094107453241,1.424270077803999,0.0264502534063316,-0.2005313956456809,37.4451125251731,,,,,,,,,27.839550213260942,6.249654905001938
Supa_Dam,2016,1,0.0514906169139145,1.108571655340686,-0.0185857949536013,-0.0329363418434201,24.12131605299584,22.64793987479265,13.852369132093202,3.4547979894912606,0.8895739810290392,602280936.0,0.08234305959194899,1.0579824447631836e-06,0.3364721523818149,32.51987767584098,5.483995922528032
Supa_Dam,2016,2,0.0344685949431798,1.0713981850049743,-0.0265539118319256,-0.007921933867443,28.248735798617645,24.45272639921341,17.259025937661363,2.838348000338584,0.2842213624237545,619569048.0,0.08763273805379868,8.568167686462402e-07,0.3355704778912424,32.51987767584098,5.483995922528032
Supa_Dam,2016,3,0.0299064600915798,1.0616568585631507,-0.0301144384744071,0.0002081658603844,31.367685702377912,26.3908333809145,18.55054534173786,7.581717545335944,0.6297333501080657,717509192.5644531,0.11631313245743513,1.8477439880371094e-06,0.3356520129788306,32.51987767584098,5.483995922528032
Supa_Dam,2016,4,0.0171624978844204,1.03492438546042,-0.0173390469255713,0.0001766015944928,35.45642480692493,27.03392745123972,21.20348188612201,14.248976642435249,1.3637569289166336,714763792.0,0.12319475971162319,2.8461217880249023e-05,0.3439330206976996,32.51987767584098,5.483995922528032
Supa_Dam,2016,5,0.0438079694362956,1.0916300660035192,-0.0114339018919591,-0.0323902917126916,36.538336033717655,26.564734497890697,21.93513196309408,79.21667030002132,1.9667215838662864,665625596.0,0.12856581900268793,7.753074169158936e-05,0.3573535385952201,32.51987767584098,5.483995922528032
Supa_Dam,2016,10,0.064948710442413,1.1389201023895557,-0.0344969782316348,-0.0305201135705562,25.59125871009172,23.471126338999795,19.299027686990712,64.58974436557655,0.4014617351407916,562048226.4282227,0.10673307999968529,0.00016251206398010254,0.3754463811074534,32.51987767584098,5.483995922528032
Supa_Dam,2016,11,0.0631342818278333,1.134777654050591,-0.0352403045692981,-0.0279561761530856,26.0236330248307,23.777653312683128,15.17081353929308,14.864771192724056,1.3683985584448903,606049880.0,0.10567205864936113,3.510713577270508e-05,0.352010875278049,32.51987767584098,5.483995922528032
Supa_Dam,2016,12,0.0440734084762764,1.0922108640288466,-0.0226150474841497,-0.0214797703566393,25.12282140192974,23.45230540203795,14.211905313307284,7.404755679043857,1.7303466803905567,579592760.0,0.09040695056319237,5.386769771575928e-06,0.34039306640625,32.51987767584098,5.483995922528032
Supa_Dam,2017,1,0.0428320578255593,1.0894974767505394,-0.0305587190144354,-0.0122894243504168,24.904700786596777,23.188565867434303,13.271020589849002,3.432483916029786,1.2014362234481608,625369212.0,0.089371208101511,0.0,0.3356562788768481,32.51987767584098,5.483995922528032
Supa_Dam,2017,2,0.0340957281276713,1.0705985657596886,-0.0230981348738779,-0.011006261209791,26.674268000001348,24.92786787123908,14.093179979778483,2.848155272729469,0.9361243660793211,654545548.0,0.10056310053914785,3.725290298461914e-08,0.3350438163394019,32.51987767584098,5.483995922528032
Supa_Dam,2017,3,0.0243993822750707,1.050019202185356,-0.0307540072635771,0.0063593969450258,29.90818165219593,25.353662478539263,16.849242413428556,6.686293645338579,0.7742577118066393,745174344.2438965,0.11041128728538752,1.7434358596801758e-06,0.3349656340896442,32.51987767584098,5.483995922528032
Supa_Dam,2017,4,0.03139884396547,1.064833381149404,-0.0257360622616697,-0.0056673613999538,32.13372018835605,26.51364515092638,20.466298887464745,10.79946417880781,1.4273051077551602,719687214.0,0.12195082567632198,1.739710569381714e-05,0.3402863184611002,32.51987767584098,5.483995922528032
Supa_Dam,2017,5,0.0492773169105904,1.1036628614991324,-0.027526721592256,-0.0217801388348347,38.44102457045631,26.62020770247267,22.002941447432363,77.63931898637253,1.9319201029806503,676490104.0,0.13341560773551464,7.697939872741699e-05,0.3562822034282069,32.51987767584098,5.483995922528032
Supa_Dam,2017,9,0.1089630187580856,1.2445757494963106,-0.0377277263649269,-0.0715293443027694,20.86440513471331,23.235538143581834,21.68946647644043,303.580942327326,1.1422175293538268,420821023.1813965,0.08487392496317625,0.0072734057903289795,0.3878797743055555,32.51987767584098,5.483995922528032
Supa_Dam,2017,11,0.0628147142046301,1.1340497234787903,-0.039007127088231,-0.0238660642611265,27.624143886176512,23.92398834228516,16.756194263034445,5.789782598163143,1.398847739773203,558627640.0,0.10116225108504295,6.589293479919434e-05,0.3587104161580404,32.51987767584098,5.483995922528032
Supa_Dam,2018,1,0.0431058958224235,1.090095436128686,-0.025986638814906,-0.0171384551166766,24.807358374606338,23.05440083165325,14.217281780448047,3.4324855497389133,0.8954939362726289,618967436.0,0.08907742984592915,8.940696716308594e-08,0.3364889493552587,32.51987767584098,5.483995922528032
Supa_Dam,2018,2,0.0434058654962179,1.0907508501894256,-0.0247180095716672,-0.0187079277837197,24.94809313919643,24.185384845733665,12.823247982206794,3.6565784920345656,1.0943852425246687,615875378.0,0.09284537564963102,1.4156103134155273e-06,0.3358767146155947,32.51987767584098,5.483995922528032
Supa_Dam,2018,3,0.023758489260267,1.0486733846059555,-0.0301584008219758,0.0064045005018686,28.611845344437427,25.75181570155649,17.624152960828553,17.350377021413863,0.290428901962524,693412397.7617188,0.10554186347872019,1.961737871170044e-05,0.3423115514939831,32.51987767584098,5.483995922528032
Supa_Dam,2018,4,0.0371818325181603,1.0772354194674283,-0.0279092755098932,-0.009282189303258,32.562485267456,26.825396749708432,20.619771342807383,33.63368489525535,1.0210335214083603,679837940.0,0.11777370609343052,3.816187381744385e-05,0.3506190405951606,32.51987767584098,5.483995922528032
Supa_Dam,2018,9,0.0355526447957341,1.073726460244591,-0.0513195423200316,0.0157957175289895,28.155083054761008,22.961798222859727,20.43693466186528,125.23360719825284,1.301216872167718,544736372.5625,0.10058077611029148,0.003460019826889038,0.3825287924872504,32.51987767584098,5.483995922528032
Supa_Dam,2018,10,0.0912235843066203,1.2007613374011656,-0.0401091685810987,-0.0513021251801821,14.91818138416926,24.640934080718694,19.644350716375584,107.40553923809168,0.5771304743023752,584086746.9016113,0.12018826138228178,0.0010067448019981384,0.3770501946890226,32.51987767584098,5.483995922528032
Supa_Dam,2018,12,0.0485632662592068,1.1020840683085025,-0.0329579384244416,-0.0156303449073284,24.4985624300341,23.2802431332168,15.713407565701402,7.7467025988029725,1.0589208679715605,544717296.0,0.08939927536994219,5.200505256652832e-06,0.3417065117948799,32.51987767584098,5.483995922528032
Supa_Dam,2019,1,0.0354416815993159,1.0734878978765767,-0.030217129474598,-0.0052301533358935,24.493600563685845,22.196269607543968,12.685298989408809,3.43248480016535,1.2956859172542243,635653796.0,0.08766858372837305,5.066394805908203e-07,0.335878433719758,32.51987767584098,5.483995922528032
Supa_Dam,2019,2,0.027308927265761,1.0561512859144384,-0.0316145633395483,0.0043093565990853,26.665215356198587,24.28874994913741,14.448944255283948,2.8481570608688127,0.3026188296836373,627142402.0,0.08883269689977169,3.0547380447387695e-07,0.3353919982910156,32.51987767584098,5.483995922528032
Supa_Dam,2019,3,0.0176524864473361,1.0359393925343097,-0.0312159609606602,0.0135709526419455,29.10832972615969,25.494307639009207,17.189697437901657,5.152368204160172,0.841906836733868,741851656.7844238,0.10883153602480888,3.3676624298095703e-06,0.3350892425865255,32.51987767584098,5.483995922528032
Supa_Dam,2019,4,0.0279365702374127,1.0574789039111077,-0.0293757626698853,0.0014403744874009,31.88039006231156,26.95439069536002,20.431053013271764,32.4172513665575,1.07098209325446,688012222.0,0.11919321026653051,4.2729079723358154e-05,0.3489535013834635,32.51987767584098,5.483995922528032
Supa_Dam,2019,5,0.0590767595364547,1.1255719000146085,-0.0292476084525059,-0.029880780708374,30.9448451504988,26.75689700136905,21.19139807506275,35.246271592198,1.8243923566629257,734104920.0,0.13311497773975134,2.276897430419922e-05,0.347165282054614,32.51987767584098,5.483995922528032
Supa_Dam,2019,10,0.0428092292413805,1.0894476431431788,-0.0534967057612025,0.0107120086558022,29.404542386845947,23.14992222529588,21.40973680557744,399.8442856759737,0.7421456616383376,404965356.16015625,0.08687766827642918,0.0062217116355896,0.3882054359682144,32.51987767584098,5.483995922528032
Supa_Dam,2019,11,0.101976633022113,1.227113540186141,-0.0301383965885917,-0.0720597056125125,24.879597679273843,24.04107778337272,18.93094827863905,23.95928294369669,1.493643088917439,541590472.0,0.10191126726567745,8.609145879745483e-05,0.3704802831013997,32.51987767584098,5.483995922528032
Supa_Dam,2019,12,0.0167955587873055,1.034164936778743,-0.0054603147740511,-0.0113362836529203,18.74591945627208,23.92167483914284,17.373679692258122,6.281380732854208,1.8528149564304155,514263640.0,0.08937846776098013,9.819865226745605e-06,0.3463585351103095,32.51987767584098,5.483995922528032
Supa_Dam,2020,1,0.0383006578904961,1.0796520413676962,-0.0297327207853017,-0.0085777052481109,24.50360972527688,23.510836742770323,16.453120557723537,3.615445615667286,0.4487649857789507,590776088.0,0.09080242365598679,9.387731552124023e-07,0.3377224501743111,32.51987767584098,5.483995922528032
Supa_Dam,2020,2,0.0308507106649381,1.0636655487538045,-0.0321601771402014,0.001310766971484,27.9228197681648,24.36888196221713,15.568417660943396,3.518222272396088,0.6379839867981665,628085358.0,0.09360606595873833,3.2782554626464844e-07,0.3352064373849452,32.51987767584098,5.483995922528032
Supa_Dam,2020,3,0.0230737623744925,1.047237470928358,-0.0309868650641641,0.0079187644760971,29.790319189454067,25.46457352997157,18.13951767952216,5.425767260970492,0.756254617061113,695254946.5170898,0.1095383120700717,9.879469871520996e-06,0.3384796060541624,32.51987767584098,5.483995922528032
Supa_Dam,2020,4,0.0765774742509461,1.165855763998888,-0.0285952718982964,-0.04808750213826,29.24512737082432,26.735926077101,21.079881053500745,48.32196848320239,0.9977775287518644,687973260.0,0.12225145660340786,7.893145084381104e-05,0.3551259994506835,32.51987767584098,5.483995922528032
Supa_Dam,2020,10,0.0612987018219755,1.1306032109275943,-0.0699722436960177,0.0087109047538047,31.204972265685967,23.090532659715223,20.930766698365574,162.40321243170538,0.6944910875233972,429290267.3293457,0.08652813639491796,0.004158914089202881,0.3854003208939747,32.51987767584098,5.483995922528032
Supa_Dam,2020,11,0.072068694637485,1.1553319609350392,-0.0451474619554395,-0.0270091127358558,25.22985200874092,23.981862873501257,17.175823932223864,5.259998558145581,2.197031149092139,555387028.0,0.10655129328370094,8.940696716308594e-06,0.3535202450222439,32.51987767584098,5.483995922528032
Supa_Dam,2020,12,0.0357931724500633,1.0742437647760996,-0.0303204930543489,-0.0054786251648205,24.21993018432454,23.44640365518552,15.842526515837676,10.121549006664392,1.894283148302845,571487672.0,0.09299289528280497,2.3171305656433105e-05,0.3478303929810883,32.51987767584098,5.483995922528032
Supa_Dam,2021,1,0.0396301138507037,1.0825309381775907,-0.0346447770558606,-0.004992190955504,,23.645173316873525,16.476170763405435,12.71709849256458,1.2024001448457642,571034564.0,0.09180838987231255,7.361173629760742e-05,0.3545243663172568,32.51987767584098,5.483995922528032
Supa_Dam,2021,2,0.0316518420915775,1.065372855481945,-0.0317012062815118,4.941377179084199e-05,26.30478868994726,23.35202476410643,14.973237337384944,5.60892381812587,1.0263965962493962,598384272.0,0.09115056414157152,1.6257166862487793e-05,0.3427307719276065,32.51987767584098,5.483995922528032
Supa_Dam,2021,3,0.0230611056135661,1.047210947882364,-0.0367563659811115,0.0137068788997914,29.480528087770267,26.445285620740663,17.235221481323265,19.14791337468408,0.1137238595633781,731760395.0380859,0.1182224778458476,9.357929229736328e-06,0.339609638337166,32.51987767584098,5.483995922528032
Supa_Dam,2021,4,0.0337075178473044,1.0697666979095424,-0.0334770996889289,-0.0002306784628583,30.52389689287156,26.206175062391537,20.912805642022025,51.720849514007575,1.0651152573509328,678642336.0,0.11812454555183649,7.225573062896729e-05,0.3540593677096896,32.51987767584098,5.483995922528032
Supa_Dam,2021,5,0.0703525403502581,1.1513531599962947,-0.0408500963802121,-0.0295874756546243,28.44616597493348,24.913542048136435,22.31369214211741,296.29864822734487,1.1182430670213723,554027046.0,0.12114303465932608,0.005177684128284454,0.3832819128549227,32.51987767584098,5.483995922528032
Supa_Dam,2021,10,0.0599154523715201,1.1274682208587874,-0.0453272298425391,-0.0146279491349021,29.019313353134294,23.956789455618942,20.73715733763993,132.77125570990822,0.2117820701360981,533404002.0288086,0.10424669738858938,0.005809195339679718,0.3811399603402742,32.51987767584098,5.483995922528032
Supa_Dam,2021,12,0.0433106584953998,1.090542784614459,-0.0308328932102076,-0.012494450285496,24.784684886815626,22.401288071499096,16.47087602512812,20.766645561565056,1.2641924153692832,545773120.0,0.08825328946113586,1.2092292308807373e-05,0.3580265045166015,32.51987767584098,5.483995922528032
Supa_Dam,2022,1,0.0438184676991069,1.0916530307663757,-0.0278088903543417,-0.0160291095033655,25.26351107172121,21.66038866760914,14.7471200348229,3.519107179208236,0.419205285372094,607761052.0,0.08753577619791031,6.034970283508301e-07,0.3395656052456107,32.51987767584098,5.483995922528032
Supa_Dam,2022,2,0.0354782877611788,1.0735665922518791,-0.0371364107693473,0.0016603105275041,26.594164743838743,23.621728878929503,14.477364453815312,2.8481566887913337,0.317926604143074,628591708.0,0.09046702086925507,7.450580596923828e-09,0.3358216739836193,32.51987767584098,5.483995922528032
Supa_Dam,2022,3,0.0311159872565001,1.0642305721783805,-0.0339606497730289,0.0028476717057405,27.83036584222833,25.998431326753348,17.70272807459679,25.95433486230446,0.0911075992396342,664259898.0039062,0.10822504665702581,3.93986701965332e-05,0.3437710423623362,32.51987767584098,5.483995922528032
Supa_Dam,2022,4,0.06049258334563,1.1287751054931463,-0.0196909379008147,-0.0408503045179752,24.86243599663556,26.802533319261386,21.873287624783018,106.36784625775888,1.1159039197466445,646121966.0,0.11894047353416681,7.97659158706665e-05,0.3617755466037326,32.51987767584098,5.483995922528032
Supa_Dam,2022,5,0.080811633033848,1.1758325843495447,-0.0060192453818112,-0.0748287862480493,30.765091849042108,25.39136196259534,21.82604310640727,144.95922483097422,2.1500270147238023,570563830.0,0.11940101906657219,0.010302789509296417,0.3669283261863134,32.51987767584098,5.483995922528032
Supa_Dam,2022,10,0.0331188468336103,1.0685065516587042,-0.075558907195525,0.0425465298138905,26.104328781789945,22.86573991262788,19.41970532735189,168.04521566448793,0.3909317442010921,518391095.3046875,0.1034076176583767,0.0018725022673606873,0.3837902725383799,32.51987767584098,5.483995922528032
Supa_Dam,2022,11,0.0523599665280402,1.1105060248166256,-0.0634179553816411,0.0110948299244782,25.72332249520736,23.68040868971088,16.47380356258816,5.705222498286855,1.4596423716911322,548818800.0,0.10112168081104755,3.415346145629883e-05,0.3562978320651584,32.51987767584098,5.483995922528032
Supa_Dam,2022,12,0.0489196611405315,1.102871774637242,-0.0341299245308055,-0.0148144712114863,24.98945472188734,23.61348450363323,15.939142707086376,14.51637544415214,1.7176518064933797,547525048.0,0.09206568822264671,8.910149335861206e-05,0.3580682610952726,32.51987767584098,5.483995922528032
Supa_Dam,2023,1,0.0430083686071196,1.0898824340700282,-0.0373605333222412,-0.0056569249200227,25.14467565600989,22.96140997691822,13.376949462070286,3.4600947995980587,1.0276090583460802,637783500.0,0.09378477092832327,6.034970283508301e-07,0.339563718406103,32.51987767584098,5.483995922528032
Supa_Dam,2023,2,0.0348808524789122,1.0722829975314527,-0.0370965378030493,0.0022185560443928,26.227235574857445,25.132678944723978,12.481399404434969,2.8481542413884946,1.4858116220721111,657789014.0,0.10158377606421709,2.9802322387695312e-08,0.3357076871962774,32.51987767584098,5.483995922528032
Supa_Dam,2023,3,0.0372438194080555,1.0773691619100412,-0.0362152751685958,-0.0010299334086648,27.83821847653224,25.380620246805165,13.52589683942898,4.463323605783058,0.2362892194464707,769646871.1289062,0.12192377354949713,3.427267074584961e-07,0.3351084391276042,32.51987767584098,5.483995922528032
Supa_Dam,2023,5,0.0562137009108062,1.1191237909790714,-0.0306972198051711,-0.0255605885680201,33.963576517449155,26.5962585818383,20.97024282640029,64.87955578890714,1.6286866405009226,705835824.0,0.12994646281003952,0.00047773122787475586,0.3537777521276987,32.51987767584098,5.483995922528032
Supa_Dam,2023,10,0.0710404713754989,1.152946321527457,-0.046360503031476,-0.0247615197156004,30.58260094518812,24.61655943675709,20.60643806047341,55.32541212891088,0.2881695794456161,567219466.7539062,0.10940157901495695,0.0002915039658546448,0.3750717409195439,32.51987767584098,5.483995922528032
Supa_Dam,2023,11,0.0551863882045093,1.1168196298519346,-0.0415746599676175,-0.0136430301958631,27.57844095032084,24.790354304843504,19.6088569853041,58.52480761751985,1.1088614118372015,510897250.0,0.09819971956312656,0.00013874471187591553,0.3696259180704752,32.51987767584098,5.483995922528032
Supa_Dam,2023,12,0.0569301628325589,1.1207337157628785,-0.0276526299832966,-0.0293236962272132,25.705581619292783,23.92497469584152,16.57307184691075,6.38814413547516,1.6658071921981812,547866804.0,0.09714861400425434,4.552304744720459e-06,0.3500664823798723,32.51987767584098,5.483995922528032
Supa_Dam,2024,1,0.035720354704568,1.074087127896647,-0.027865389317756,-0.0078627917076713,25.886994327780258,23.295413363877174,16.38266314024571,5.586066211714889,0.5278166531893407,586383420.0,0.08772806450724602,2.130866050720215e-05,0.3452543853431619,32.51987767584098,5.483995922528032
Supa_Dam,2024,2,0.0319388589628483,1.0659852102494891,-0.0256537567171978,-0.0062902561778543,27.232544053783272,25.09075510310032,15.937454609487247,2.848155428062786,0.3692153516883054,656795510.0,0.0953436503186822,0.0,0.3360814938600036,32.51987767584098,5.483995922528032
Supa_Dam,2024,3,0.0377774927949007,1.0785213243548637,-0.0301480807223794,-0.007638111261815,29.49263006179672,26.292833397978143,17.693800226847372,4.114212682752899,0.7729401694988036,724808225.1640625,0.11520874407142401,8.493661880493164e-07,0.3351478576660156,32.51987767584098,5.483995922528032
Supa_Dam,2024,4,0.0319627966065816,1.0660362979739564,-0.0264913569462253,-0.0054760764615871,32.434984233438854,27.68432555728492,21.47103447384308,62.504208203518026,0.915923039406794,669454682.0,0.1148701161146164,2.7433037757873535e-05,0.3442881054348415,32.51987767584098,5.483995922528032
Supa_Dam,2024,5,0.0985606858947564,1.2186740346300216,-0.0137901580230085,-0.0848859020253308,28.115222829379945,26.7832814985706,22.60565489902291,133.95897834228748,1.479112705309961,657973280.0,0.13011796213686466,0.0036393851041793823,0.3652658565070039,32.51987767584098,5.483995922528032
Supa_Dam,2024,10,0.0589075101982862,1.1251896297901558,-0.048304032376416,-0.0106337358010557,27.95530614190733,23.64508256399506,21.626102168585703,321.1628991907293,0.1253161239835184,456893869.7487793,0.08988441154360771,0.004107862710952759,0.3857786527243994,32.51987767584098,5.483995922528032
Supa_Dam,2024,11,0.0826127177332223,1.1801043448718715,-0.059811437808137,-0.0229145047420261,26.000220430914737,23.699440722995348,16.713345019022654,15.007871359586716,1.982584358818384,569726880.0,0.11021360009908676,1.9505620002746582e-05,0.3592615127563476,32.51987767584098,5.483995922528032
Supa_Dam,2024,12,0.0415117667073435,1.0866192515785815,-0.0289979124758385,-0.0125289359955632,25.00570736282208,23.420547452537,17.479121247158275,20.631573402520385,1.2871590370868364,496401804.0,0.08353645727038383,4.9695372581481934e-05,0.3540602037983556,32.51987767584098,5.483995922528032
Supa_Dam,2025,1,0.0395104033029556,1.0822713820926848,-0.0309854585137719,-0.0085353942281758,24.95686155314138,23.558585821172244,13.86538459203581,6.225473465341511,1.7642109963992814,630394164.0,0.09375565033406019,4.470348358154297e-08,0.3377384472918767,32.51987767584098,5.483995922528032
Supa_Dam,2025,2,0.0262506009931598,1.0539165436608922,-0.0317813117819196,0.0055353287947552,26.621859847136307,25.35148421242127,14.556141494569374,2.861355042818821,1.018986820831964,640877318.0,0.09793915878981352,2.905726432800293e-07,0.335395994640532,32.51987767584098,5.483995922528032
Supa_Dam,2025,3,0.0346983315233213,1.0718911665781703,-0.0393805296854328,0.0046886048531126,28.53760665495804,26.53912301012269,17.657673710648737,16.493314107259117,0.170290034806715,731310552.0930176,0.113645083270967,5.111098289489746e-06,0.3363202618014428,32.51987767584098,5.483995922528032
Supa_Dam,2025,4,0.0677667595456061,1.1453858468135611,-0.0401275296215802,-0.0277145945716626,29.18258541013216,26.642641809251582,21.50479545593265,28.62555010752245,1.266809934094451,663110762.0,0.12006156425923109,6.728619337081909e-05,0.3559941821628146,32.51987767584098,5.483995922528032
Supa_Dam,2025,5,0.0633156621045782,1.1351910340400018,-0.0227197923634065,-0.040654351786305,32.20351705607044,24.65686655352192,21.767256816741,160.71831789522463,1.8220631373970275,476371430.0,0.10177876148372889,0.012218892574310303,0.3692776874829364,32.51987767584098,5.483995922528032
Supa_Dam,2025,10,0.0575984108044618,1.122237507798835,-0.0364664322271585,-0.0211764577901772,27.550452724284924,23.38185458849836,20.732437900830348,166.6978724075086,0.4989147775229696,463961526.6101074,0.09776570461690426,0.001330256462097168,0.3853424646521127,32.51987767584098,5.483995922528032
Supa_Dam,2025,11,0.0585606044748854,1.124406530581231,-0.0387012771006028,-0.0199044381994866,23.87049736697122,22.729249551561168,16.72375729878746,6.503237346808116,1.1815836720016772,561953708.0,0.10049138404428959,2.037733793258667e-05,0.3659523434109158,32.51987767584098,5.483995922528032
Supa_Dam,2025,12,0.0445386108106303,1.093229535624496,-0.029464809177956,-0.0150936093032201,23.416724566700395,21.94394493923397,12.837077877085733,6.083085948770696,2.175813178585174,604205756.0,0.09404707700014114,2.4586915969848633e-07,0.3414521166073379,32.51987767584098,5.483995922528032
Supa_Dam,2026,1,0.0379744640138898,1.078946894013504,-0.0295219057950923,-0.0084620448357455,24.61449309872023,22.648063749908147,13.455773925781273,5.140778268828536,1.3600191155429953,593519276.0,0.08977891970425844,5.960464477539062e-07,0.336396986438382,32.51987767584098,5.483995922528032
Supa_Dam,2026,2,0.0284799954870009,1.0586297664581334,-0.0364630751559005,0.0079913784614328,25.18711718682892,24.07887320745561,13.77369329361693,3.56337701551842,0.9685249214103248,623161856.0,0.09291714709252119,1.6093254089355469e-06,0.3357405662536621,32.51987767584098,5.483995922528032
Supa_Dam,2026,3,0.0334195317650288,1.0691500249866517,-0.0421833492368261,0.0087761896857216,29.22864573540789,25.804405323151627,18.01163249682355,12.98843521421606,0.273487994827321,709577690.6914062,0.11035067588090897,2.962350845336914e-05,0.3426579301075269,32.51987767584098,5.483995922528032
Supa_Dam,2026,4,0.0481874865697206,1.1012541564431753,-0.0299395911511977,-0.0182742599427219,29.88587381256889,26.730703290303552,21.044210052490257,30.382452198953345,1.227372267379499,696403104.0,0.12201233953237534,4.02107834815979e-05,0.3513891643948025,32.51987767584098,5.483995922528032
Supa_Dam,2026,5,0.0709488094099275,1.1527339077298109,-0.0277143158555409,-0.0433196729282176,31.36424572515613,,,,,,,,,32.51987767584098,5.483995922528032
Tungabhadra_Dam,2016,1,-0.0349563134786569,0.9324487168716076,-0.0346082035682809,0.0694804613070701,24.90109835701628,24.5386698815131,11.55494415939495,6.865768015384674,1.780917311069618,593973427.0,0.041932074003852904,1.2315809726715088e-05,0.1242117497228807,,
Tungabhadra_Dam,2016,2,-0.0163020958806717,0.96791879905247,-0.0245792192493752,0.0408649408429334,28.175085991720607,27.862859147170525,12.552556632030983,7.862903237342834,1.330931591538602,639075269.75,0.040545723866671324,5.029141902923584e-08,0.1177719132653598,,
Tungabhadra_Dam,2016,3,0.0104466222827525,1.021113812590588,-0.0156451712217039,0.0051993987244897,29.82426058090647,30.58693014985772,12.570336483370909,8.386291079223156,0.2277686514649104,758827753.0644531,0.045674778055399656,4.76837158203125e-07,0.1170707979509907,,
Tungabhadra_Dam,2016,4,0.0656079733955405,1.140429223553966,-0.0020989586531303,-0.0635177616732328,36.51495815258807,32.1718289269341,16.732703145345056,16.08252203464508,1.8831649259805627,751894485.5,0.04440950776915997,9.257346391677856e-07,0.117174310154385,,
Tungabhadra_Dam,2016,5,0.0906118166169501,1.1992808313823953,0.0173371440136603,-0.1077796441862862,42.39096418722244,30.59311092335696,19.457683140744507,79.583420753479,2.9589604750163563,725795806.5,0.06675300805363804,8.216500282287598e-05,0.1525312854397681,,
Tungabhadra_Dam,2016,10,-0.0308358953019737,0.9401730276516213,-0.0384133472900923,0.0691673132209789,27.323089519548205,24.940961189680195,17.257046984600777,53.23689317703247,0.5688835296946555,624769252.9282227,0.1224514893256128,5.789659917354583e-05,0.2396342318545105,,
Tungabhadra_Dam,2016,11,-0.0427794078726559,0.9179511840190074,-0.0388578899889704,0.0815018159646364,26.904565681280587,24.476027743021632,13.225457297431149,13.525511264801024,2.1815201931697725,593151633.0,0.08655942080076783,5.466397851705551e-05,0.1552182621426052,,
Tungabhadra_Dam,2016,12,-0.0397181106677816,0.9235983094643376,-0.0293960687979635,0.0690335788748715,24.703254475036715,23.39604247308546,13.086601778255954,14.179530382156372,2.378078915987087,559648173.0,0.0641134027391672,7.431954145431519e-05,0.1560065618125341,,
Tungabhadra_Dam,2017,1,-0.0295147126953754,0.94266286371352,-0.0256883458075012,0.0551612361281634,24.561422094276963,24.06220045192265,11.749208396993652,11.364769279956818,2.1700485886706096,613053146.5,0.04977713467087597,3.213062882423401e-07,0.1194936331882271,,
Tungabhadra_Dam,2017,2,0.0087100594301035,1.017573182322613,-0.021601971339053,0.0128943380360845,28.34147956829986,26.195373335338783,9.178198319389708,6.102269232273102,2.0284471631139165,661544175.5,0.04920558875892312,0.0,0.1174646388916742,,
Tungabhadra_Dam,2017,3,0.0300292983178318,1.061917949203525,-0.003729461475939,-0.0263027825723469,33.26878559721797,29.045130748133545,11.12511344417453,4.799868017435074,0.0627714354746645,775502741.4938966,0.05094476230442524,2.175569534301758e-06,0.117956656281666,,
Tungabhadra_Dam,2017,4,0.0507796456268059,1.106992323527107,0.0120577140143169,-0.0627989087205703,35.176446085566226,31.05388020409481,15.351131312052472,11.954884111881256,1.8055111777250763,765403681.75,0.048348969663493335,3.359280526638031e-06,0.1176862319310506,,
Tungabhadra_Dam,2017,5,0.0712847435387922,1.1535125928918557,0.0256575205470489,-0.0967652813759162,39.13821434885426,30.66990049218623,19.401770425611915,79.78764629364014,3.0646935435074263,732828673.25,0.062223693006671965,4.435330629348755e-05,0.1352304720109509,,
Tungabhadra_Dam,2017,6,0.0812217702331543,1.1768038632211946,0.0372056769294588,-0.1180706481788422,27.85720377279972,25.95128917694097,21.08423177931041,67.43074679374695,4.894160070024016,478831516.75,0.08733800682239234,0.0005561104044318199,0.2857510328292847,,
Tungabhadra_Dam,2017,11,0.0860599700484289,1.188327389605616,-0.061581632140069,-0.024608757269449,25.403828344850808,24.67676340738933,16.450780444675047,7.696184486150742,2.1120031878230248,531912283.00000006,0.09645627101417631,2.8870999813079834e-05,0.197560527589586,,
Tungabhadra_Dam,2017,12,-0.0274274052570193,0.946609550968405,-0.0303562761172119,0.0577356110573934,24.101804945665208,23.51519251177388,13.521974961475678,6.1064393520355225,2.2701243021457262,574311606.0,0.06919613608624785,4.7478824853897095e-06,0.1320474839979602,,
Tungabhadra_Dam,2018,1,-0.0438222512681938,0.916035031414684,-0.0394186420005734,0.0830973497737855,24.01229852993936,23.986204217069883,11.790510842108006,6.4255000948905945,1.916517614935089,625850039.0,0.05712734756525606,3.725290298461914e-08,0.1191851682560418,,
Tungabhadra_Dam,2018,2,-0.0317766727489343,0.9384039713472632,-0.0480327914381622,0.0796878348681171,19.26447396753452,25.36808995292301,9.676557250250028,10.421510457992554,1.9585413881878937,627363029.0,0.05352923052851111,8.7004154920578e-06,0.1218721128645397,,
Tungabhadra_Dam,2018,3,-0.0389964713041787,0.9249343527505358,-0.0144233045689496,0.0533897463840785,26.58843389046706,28.449509885234303,12.067014866490524,15.521604716777802,0.5104881163552145,737128407.0117188,0.06739729107357562,6.800517439842224e-05,0.1445711505028509,,
Tungabhadra_Dam,2018,4,0.047854397211064,1.1005190741224733,-0.0013651616060838,-0.046492272898014,35.8326856383826,30.3609683778551,16.80956355200874,28.566467761993408,0.5584071693019472,713918031.2499999,0.05729707423597574,2.9834918677806854e-05,0.1296622223324245,,
Tungabhadra_Dam,2018,5,0.093491930267385,1.2062682802039733,0.013778026139124,-0.1071319560636674,-13.960792349971143,30.09455216110393,20.33245397178075,138.18484544754028,2.150948261537245,746399398.25,0.08026612165849656,0.00016116350889205933,0.1730984795478082,,
Tungabhadra_Dam,2018,9,-0.1279778007015987,0.7730845400999968,-0.0410082009537758,0.1681037696438639,26.21576192124121,25.45540953742136,19.54128375583224,100.08036637306212,2.535257070038146,578963147.3125001,0.11797815060708673,0.0012889336794614792,0.2840153535207113,,
Tungabhadra_Dam,2018,10,-0.0207630798139662,0.9593185133268136,-0.0243389304161536,0.0450792293894896,27.946231200340208,26.54679424326912,17.023830565585968,42.60642170906067,1.519853221121858,631870517.6516113,0.13245006010401994,0.0005491264164447784,0.2513922747745309,,
Tungabhadra_Dam,2018,11,-0.0236744322473125,0.95374616870065,-0.0291180945009981,0.0527561590602865,25.61098121725388,25.43877010345465,15.341384506225552,10.756983250379562,2.580261697750568,552890976.5,0.08257773460354656,0.00015283934772014618,0.184894929991828,,
Tungabhadra_Dam,2018,12,-0.0132392142534737,0.97386754466816,-0.0473528251609886,0.0605540772037279,22.78220563540981,24.353650050009435,14.198337788735728,12.083206951618196,1.8756117766735567,526144620.49999994,0.05457853840198367,6.468035280704498e-06,0.1349843702008647,,
Tungabhadra_Dam,2019,1,-0.037407491918441,0.9278827419122168,-0.0224792766685322,0.059836452511352,23.20041987337197,23.279881208686447,10.066066483528402,7.806355834007263,1.916202158208976,622401580.5,0.04443893360439688,3.4291297197341915e-06,0.1190688481894872,,
Tungabhadra_Dam,2019,2,-0.041252086013213,0.9207644593132857,-0.0357123231441545,0.0768511913807822,26.039057656779505,27.110205768403542,10.638144157046383,6.920976161956787,1.0984412520579572,633435243.2500001,0.04495815688278526,2.320855855941773e-06,0.1190023819605509,,
Tungabhadra_Dam,2019,3,-0.018123642938057,0.9643979529131518,-0.0166166986695068,0.0347298825258501,28.264355623238032,29.85269032550121,12.2646666578068,10.3157961294055,0.4063745027940523,755750409.2844237,0.04627400659956038,5.764886736869812e-07,0.117085249193253,,
Tungabhadra_Dam,2019,4,0.0531356507968235,1.112234980314845,-0.0011007255815722,-0.0520379688000083,34.07427814437847,31.11120323605013,16.046105978224034,36.54295027256012,1.128208541476165,723371273.5,0.046615966479294,8.922070264816284e-06,0.1200765132904052,,
Tungabhadra_Dam,2019,5,0.1028417452801318,1.2292611024623377,0.0159619538982991,-0.1186089959646963,37.05184233226851,31.14283673276185,17.83278338934781,63.08328437805176,2.742521805916035,758932953.9999999,0.05544463754631579,2.903491258621216e-05,0.1285006769241825,,
Tungabhadra_Dam,2019,12,0.0466653836481076,1.097899274499611,-0.0454670105782923,-0.0012009211067505,24.521104156943863,23.453013110417203,17.351606623331747,14.866149067878723,2.802484029530986,455964454.0,0.08145798090845348,0.00026874616742134094,0.2446383840294294,,
Tungabhadra_Dam,2020,1,-0.0328026897561417,0.9364783030069628,-0.0459838584364518,0.078667886006305,26.610053450289115,24.759205857143627,15.19435807504965,7.753695726394653,1.5566870634534784,564920787.0000001,0.07540345878805964,2.5365501642227173e-05,0.1511414435602003,,
Tungabhadra_Dam,2020,2,-0.0336008628324814,0.9349829048315582,-0.0318238185669092,0.0653547970076356,25.78246198282796,26.013324114920067,12.833771861284616,6.200396060943604,1.914587325183544,629299325.75,0.06412252457812428,7.059425115585327e-07,0.1197214181395782,,
Tungabhadra_Dam,2020,3,-0.0172050536223073,0.9661719069109233,-0.0309624559358903,0.0481418638714898,27.44420369084509,28.846618824620407,14.303312084239051,1.92686265707016,0.3753299397532214,721748367.5170897,0.06372458999976516,3.0640512704849243e-06,0.1184489829565889,,
Tungabhadra_Dam,2020,4,0.0269804813710751,1.0554572253783627,-0.0029189977581546,-0.0240633787475262,31.00947844625398,30.384225569831017,16.199370257059797,36.40121376514435,0.8208851599932443,731302352.0,0.06098157609812915,2.961605787277222e-05,0.1282115379969279,,
Tungabhadra_Dam,2020,5,0.0434154759434081,1.0907718551818002,-0.0051484314495756,-0.0382755999172337,32.42716347696876,31.038726958408176,19.559156077395244,114.75341176986694,2.2017932342806907,720377036.0,0.06001621426548809,5.003344267606735e-05,0.1291234288164364,,
Tungabhadra_Dam,2020,11,-0.0193010333874344,0.9621288848824346,-0.0506900510542997,0.0699226741692889,29.16963443165082,23.290745184156663,17.682963010999913,16.83960908651352,2.545232249832922,497845510.5,0.0998303493252024,0.0002520661801099778,0.2784558720058865,,
Tungabhadra_Dam,2020,12,0.0903583401236847,1.1986679900653865,-0.0384005951672537,-0.0521386563983805,24.4709360511684,22.53812899435724,15.143458712998267,9.716404676437378,2.732991536096624,543458368.5,0.08452924783341587,2.7674250304698944e-05,0.2005736571486278,,
Tungabhadra_Dam,2021,1,-0.0251008389725582,0.9510275711066308,-0.0285150917644444,0.0535775824362857,25.182320488509163,23.68919443109985,14.704340194374026,53.49141979217529,2.370836438743323,571641132.5,0.08130779606290162,0.00032857246696949005,0.1841343782281362,,
Tungabhadra_Dam,2021,2,-0.0182908849421316,0.964075324226886,-0.0243867737427742,0.0426586305607573,24.522148395002887,24.132523813701823,11.394060570853128,17.354594826698303,2.033222396931848,625295361.5,0.06620364787522705,1.491699367761612e-05,0.1281994041942414,,
Tungabhadra_Dam,2021,3,-0.0272339204978659,0.9469762048265178,-0.0189707531398748,0.0461808144131303,27.88911077929436,28.12084143443775,10.183891243062988,1.7206586301326752,1.2961785315083074,786363824.5380858,0.07230086682830004,8.102506399154663e-08,0.1180586071424586,,
Tungabhadra_Dam,2021,4,0.0537338802811756,1.1135703353664237,-0.0078781670353949,-0.0458751333129332,32.71943323333642,29.684488254123323,16.609296798706055,47.15549206733704,0.7288729613797443,730007840.75,0.06434363324660808,3.1958334147930145e-05,0.1294055912229749,,
Tungabhadra_Dam,2021,5,-0.0021705994019436,0.9956682037903748,-0.0168650053351872,0.0190349079230112,30.41069449452505,28.623999470536432,20.172291404970224,155.26393842697144,2.213617536022052,654155179.25,0.07776978961192071,0.00011466722935438156,0.1713193437104584,,
Tungabhadra_Dam,2021,6,-0.1389136403673006,0.7560593965272013,-0.0152562038675392,0.1538438038586292,30.78483697774118,25.73804768456353,20.5336900287204,56.5012834072113,4.500911696021914,494401628.5,0.09071451716590673,0.0004585171118378639,0.2692570050557454,,
Tungabhadra_Dam,2021,10,-0.0246420096720639,0.9519012309871024,-0.0572972492985764,0.0818237304605631,30.54664545914443,25.06793972548621,20.233128689181456,147.29205703735352,0.341434446537417,563953175.2788086,0.12063865817617626,0.009840167127549648,0.3496956645801503,,
Tungabhadra_Dam,2021,12,-0.0304842250321729,0.9408351446986564,-0.032641002566024,0.0630624781831239,25.091878422790785,22.6856351134598,15.954450348884848,11.067322731018066,1.922969771284473,511089914.0,0.0899002201622352,7.07525759935379e-05,0.2736054979344849,,
Tungabhadra_Dam,2022,1,-0.0253265363989974,0.9505981060668816,-0.0419582867288117,0.0672133982673198,25.0438515970572,23.16938807169595,13.38795734528577,6.683060109615326,0.6966245085647828,595732410.5,0.07846872264053671,7.156282663345337e-06,0.1548190911610921,,
Tungabhadra_Dam,2022,2,-0.0263490861227035,0.948654728729298,-0.0312771956765314,0.0575788296161893,24.57119755335151,25.02389424641933,11.322109544844864,6.102272093296051,1.504732456271079,636422033.5,0.06801109027583152,3.166496753692627e-08,0.1218850243659246,,
Tungabhadra_Dam,2022,3,-0.0228827524154357,0.9552583082246712,-0.0270295074588299,0.0498814077483486,27.012449385499963,28.50511762967676,12.8816404937416,2.2618050277233124,0.7459306775807357,737877658.7539061,0.06946667202282697,1.993961632251739e-06,0.1183191601948071,,
Tungabhadra_Dam,2022,4,0.011489980686638,1.0232470697557912,-0.0165274975341013,0.0050384736567721,28.08888258727029,30.775099372863792,16.446517605251813,30.14870846271515,0.3090641259498083,702073894.0,0.060718746623024344,4.393979907035828e-06,0.1186214526494344,,
Tungabhadra_Dam,2022,5,0.0068650130057345,1.0138249343656929,-0.0081449393991299,0.0012799979646286,28.86219014263565,27.782813562372667,20.302439892676546,127.25112223625185,3.393157901085953,636825611.0,0.09574694011826068,0.0017535369843244553,0.2284309889680595,,
Tungabhadra_Dam,2022,10,-0.0197330470791985,0.9612976216947768,-0.024067601787452,0.0437798566254664,27.5159028198363,23.880730278261296,19.407965576007825,135.45972681045532,0.5560829794170474,532903903.3046875,0.11329593556001782,0.015062615275382996,0.3703026335726502,,
Tungabhadra_Dam,2022,11,-0.0152388842781852,0.9699797072114316,-0.0278051152065923,0.043025768651994,28.861342531611285,23.725405502319347,16.109416898091638,7.810448825359344,2.18034186385464,527775611.0,0.09899457322899252,9.802542626857758e-05,0.2307778861787583,,
Tungabhadra_Dam,2022,12,-0.0229407802623411,0.9551473932704924,-0.0304010873536998,0.0533046916093674,25.66407298230763,23.550450610089115,15.52646990540211,20.60250556468964,2.2536636468125675,512407087.0,0.0855074500432238,0.00025297608226537704,0.2205810008510466,,
Tungabhadra_Dam,2023,1,-0.0245734693191686,0.9520318062978972,-0.029220325650963,0.0537551963322289,24.28587978860208,23.33797621778268,10.952099490422086,6.426524221897125,2.215955927912226,624563653.25,0.0719287490937859,3.3527612686157227e-07,0.1329760371997792,,
Tungabhadra_Dam,2023,2,-0.0290445060478158,0.9435505347395224,-0.0288294987231287,0.0578255851792965,25.721575462429143,25.5804219518389,9.348862289247108,6.102267563343048,2.1569584070182293,658962759.25,0.06415897514671087,2.1420419216156006e-08,0.1185734981582278,,
Tungabhadra_Dam,2023,3,-0.0197016835893309,0.9613579463358708,-0.016181400444944,0.0358716481230225,25.3256747466512,27.46101601713451,9.810070948446992,3.2227206379175186,0.2309004233580769,771953560.6289062,0.0648469888838008,1.816079020500183e-06,0.1178846102888866,,
Tungabhadra_Dam,2023,4,0.0689441321653535,1.1480988081320975,-0.0007179138085132,-0.0682295954451095,32.786455556639226,29.900036960178,14.09879652659106,20.212371230125427,0.3125030338457344,754900772.75,0.06077056913636625,6.832741200923921e-05,0.1278010527292887,,
Tungabhadra_Dam,2023,5,0.0748435553461514,1.161796538906789,-0.0071506884905433,-0.0677291143227991,36.03661146606987,30.24091944950885,18.373969711796008,70.40868067741394,2.223202551670759,746046460.75,0.08289130101911724,8.185580372810364e-05,0.16247437589912,,
Tungabhadra_Dam,2023,6,0.0491782558076093,1.103443691960117,-0.0100875697373723,-0.0391100881580864,32.67149143080712,28.77552676730687,19.90481637318936,26.70856761932373,4.717550283999227,612302970.5000001,0.06318037759047002,6.217416375875473e-05,0.1462737454308404,,
Tungabhadra_Dam,2023,8,-0.1090965211599693,0.803269563868312,-0.0344501036570352,0.1430091411967052,29.09071536830833,25.744068666683745,20.344388928977367,2.7690361589193344,4.157160508241627,574291664.25,0.1138527289731428,0.00018766243010759354,0.2582284148021411,,
Tungabhadra_Dam,2023,10,-0.0265753499169009,0.948225232723439,-0.0393237997039343,0.0658303540216476,28.45042178868437,28.010879360732247,15.779120299636702,18.159974336624146,0.916822333354027,600019306.2539062,0.09565937216393648,3.543775528669357e-05,0.158838290040211,,
Tungabhadra_Dam,2023,11,-0.020337671551317,0.9601354098385964,-0.0483810526939494,0.0686511743758448,27.221023784444128,25.416751670837414,19.015389103359723,88.57954287528992,2.4243558841778228,483400458.50000006,0.08852533274330199,0.003104944713413716,0.2502183437347412,,
Tungabhadra_Dam,2023,12,-0.0486261573918642,0.9072574014121356,-0.0370460207727482,0.0855181253315884,24.18554133019456,24.19268768884808,15.821756637737336,13.29929769039154,2.4664331701876456,511226479.5,0.06168182706460357,1.0491348803043365e-05,0.1578158076091479,,
Tungabhadra_Dam,2024,1,-0.0355629138489763,0.9313167488457148,-0.0367445229280199,0.072213072899786,24.827247166441225,25.33703507454163,13.883234770580032,12.36264795064926,1.904777031854268,579689552.0,0.04676873283460736,1.125037670135498e-06,0.1196625694151847,,
Tungabhadra_Dam,2024,2,-0.0327491941202267,0.9365786111348652,-0.0266100091808471,0.0593075193863339,26.62265416719584,27.542884247878533,11.40504423996498,6.0932393074035645,1.41554834727246,669383696.75,0.04750570293981581,0.0,0.1173870481293777,,
Tungabhadra_Dam,2024,3,0.0056151898726631,1.0112937965573792,-0.0147220626689311,0.0091076256979755,29.82818794690513,30.59057371898365,12.833432913339266,1.921558067202568,0.3915145088185802,745881449.6640625,0.05009452602826059,7.450580596923828e-08,0.1170536933406706,,
Tungabhadra_Dam,2024,4,0.0720286555235902,1.1552389649795298,-0.0056277073972372,-0.0664278750772025,33.82581281552382,32.13250738779709,17.021676021152075,51.525912046432495,1.0734736308653712,737945986.25,0.05591169896069914,3.12216579914093e-05,0.1293399122026231,,
Tungabhadra_Dam,2024,5,0.0737875764567084,1.1593318650907938,0.0038169344696765,-0.0775826603640654,34.47528800697808,30.12347505220805,20.29349485828033,94.43761610984802,2.189547632128775,697116068.75,0.09128674759995192,0.00036452338099479675,0.2060050067081246,,
Tungabhadra_Dam,2024,10,-0.0422626610509702,0.9189020913243606,-0.052843158230918,0.0948938934627288,28.51746549734264,25.145088142477107,21.41381500408216,205.666588306427,0.1664363602983799,503777490.2487793,0.10766230069566518,0.02080545201897621,0.3738206817257789,,
Tungabhadra_Dam,2024,11,-0.0266829011707798,0.9480211443273244,-0.0414615821070501,0.0680691773056716,24.98011173406064,23.5534063127306,16.840976651509663,9.34546983242035,2.193209557910039,529239617.5,0.10268760239705443,7.050391286611557e-05,0.256239898999532,,
Tungabhadra_Dam,2024,12,-0.0247752282759574,0.951647487971312,-0.0258401777107784,0.0505830229225433,25.110846890737548,23.512078201129896,17.755219026791224,20.30464172363281,1.9615229824301548,448707112.99999994,0.07203711930196734,0.0001307651400566101,0.2157671861751105,,
Tungabhadra_Dam,2025,1,-0.0268201801789428,0.9477607068955952,-0.0327597702782208,0.0595276480998906,24.409700147454373,23.112168125439723,12.94634313275742,16.52427989244461,2.3919441032191284,618557949.5000001,0.06994376017246395,6.295740604400635e-07,0.1349895743913547,,
Tungabhadra_Dam,2025,2,-0.0234686755157635,0.9541389471369276,-0.0138715054756234,0.0373280290060477,25.26534339052944,26.19662930170693,10.635870120638913,6.341940224170685,1.9422681852808468,647368901.2500001,0.0645938595989719,4.0046870708465576e-08,0.1185207196644374,,
Tungabhadra_Dam,2025,3,-0.0254715481972943,0.9503222722423232,-0.023090694752676,0.0485336975769482,27.89142110111436,28.546071829847165,13.369144776046936,6.766519248485565,0.6772938361394826,769364551.5930176,0.06289770267903803,8.922070264816284e-07,0.1176366677848241,,
Tungabhadra_Dam,2025,4,0.0481675699040374,1.1012101886446153,-0.0139495434101831,-0.0342410335787272,30.314218439726005,29.46369486914739,18.720145119561096,56.49854516983032,1.1981180016590118,712241175.5,0.0748464911011979,0.00010710768401622772,0.151678646935357,,
Tungabhadra_Dam,2025,5,0.0429231771875439,1.0896964092420718,-0.021312591045664,-0.0216303736968934,31.27137578199671,27.29785120153946,20.30527712504073,167.30421781539917,3.353620225366163,572525661.5,0.07901307917200029,0.005561085417866707,0.2448740672039729,,
Tungabhadra_Dam,2025,6,0.0117245181630515,1.023727226625634,-0.0319321188984659,0.0202151690664433,27.6791932786278,25.47592258453369,21.17815430959069,58.0474271774292,5.104167395873401,495566488.99999994,0.10671784880105406,0.004205388948321343,0.3300127320819431,,
Tungabhadra_Dam,2025,11,-0.0243280523456871,0.9524994901975464,-0.0485916771629958,0.0728336298983911,25.168344372025444,22.958591185675743,16.341650433010557,8.055702209472656,1.5221834882945433,523722165.5,0.09542568877805024,3.653485327959061e-05,0.2469584782918294,,
Tungabhadra_Dam,2025,12,-0.0338534394971065,0.9345101767740428,-0.0476422827931423,0.0813644931494187,22.641106927059923,21.45771066399027,12.410500873032449,9.316578269004822,2.4628264250347693,582886622.0,0.07262718060519546,1.1212192475795746e-05,0.1535698700976628,,
Tungabhadra_Dam,2026,1,-0.0292087350194013,0.943240405904929,-0.0309184125125959,0.0600728964370223,24.531005058311848,23.095460305162646,12.107058420488954,6.622117638587952,2.390805128758421,602007674.9999999,0.06220025499351323,2.814456820487976e-06,0.1243532703768822,,
Tungabhadra_Dam,2026,2,-0.0268184591824197,0.9477639714350804,-0.0278261332529086,0.0546038440972262,24.754511426728413,24.83318054562528,11.06254943666005,9.41436356306076,2.120391622960553,629340350.0,0.05540727346669883,1.1920928955078125e-07,0.1182464105742318,,
Tungabhadra_Dam,2026,3,-0.0165209606525201,0.9674950910172772,-0.0321285974402872,0.0486237488357423,27.37590887247734,28.173002210227423,13.946827927456129,17.100375413894653,0.5231218538195465,745513446.6914061,0.07315449614543468,5.074217915534973e-05,0.136280834033925,,
Tungabhadra_Dam,2026,4,0.0112914658771714,1.0228408383006204,-0.0190743950270818,0.0077846057818047,30.53390459903256,30.63104169633658,17.19063678317599,40.3525173664093,1.274187483670936,740166640.5,0.060832553659565754,1.033581793308258e-05,0.1221226215362548,,
Tungabhadra_Dam,2026,5,0.0654915228513571,1.140162501363677,-0.0094076135662636,-0.0561184849464887,29.546650520327603,,,,,,,,,,
Vaigai_Dam,2016,3,0.0944521368673084,1.2086077185154116,-0.0101567686899701,-0.0843763127794555,43.386599872526745,27.962878491801632,18.086229250507984,12.997397989034653,0.5601354587524272,755756464.5644531,0.08416863903403282,0.0003066807985305786,0.1241858902797904,32.10023419203748,6.742997658079625
Vaigai_Dam,2016,4,0.0903861454362825,1.1987351995196576,-0.0026092308554974,-0.0877976206240964,43.79132510045008,30.144173219468883,19.76087663438585,29.56330966949463,0.5612995072252309,701453404.0,0.07583278976380825,0.0005643218755722046,0.1335040834214952,32.10023419203748,6.742997658079625
Vaigai_Dam,2016,7,0.1071603683110833,1.24004393288048,0.0162776781458777,-0.1232231056846109,13.506509467097942,25.17203344119497,20.836217560306693,194.52758026123047,1.2643758441736708,507331200.0,0.11066075880080462,0.031310439109802246,0.3393377693750525,32.10023419203748,6.742997658079625
Vaigai_Dam,2016,8,0.1215819424817755,1.2768202257255012,0.0180562242167176,-0.1393322890176518,33.996115611819334,25.346367669874667,20.359570972893835,184.3821144104004,1.4770251425511145,595353010.0,0.12937863916158676,0.009983904659748077,0.3113256474976899,32.10023419203748,6.742997658079625
Vaigai_Dam,2016,11,0.2151285136631489,1.5481878687355453,-0.0077845981338823,-0.2076917345979902,34.08586967107459,24.41088898976648,18.573146438598656,67.40184688568115,0.2433816608117729,518715696.0,0.10437908209860325,0.01823977380990982,0.3305746714274089,32.10023419203748,6.742997658079625
Vaigai_Dam,2016,12,0.1463385832832464,1.342849238392607,0.0007480066779406,-0.1470704912961342,35.95881277296007,24.25115977871804,17.592578301378524,32.49821424484253,0.3322172377465676,538614332.0,0.10242755338549614,0.004658706486225128,0.2712520066127982,32.10023419203748,6.742997658079625
Vaigai_Dam,2017,4,0.114619199086709,1.2589150317433508,0.0194231735478535,-0.1337446211845653,41.620198497458205,29.984822993808336,18.229753748575888,31.02367854118347,0.1062794206969563,701807140.0,0.08710545022040606,0.0006998181343078613,0.1401273939344618,32.10023419203748,6.742997658079625
Vaigai_Dam,2017,6,0.1155565671294535,1.2613091190114976,0.0146053402982727,-0.1299425977197608,40.45300040100523,25.271903800964367,21.361915969848667,145.74194145202637,1.358791749664903,480389446.0,0.10804669838398695,0.012688107788562775,0.3584846496582031,32.10023419203748,6.742997658079625
Vaigai_Dam,2017,7,0.0542747386661049,1.1147790820127894,0.0199445811176081,-0.0741390652147667,39.55299388873601,25.77515537302986,20.71702732373313,161.32296085357666,1.4065494455074423,570333592.0,0.11944949813187122,0.006806664168834686,0.3057074392995527,32.10023419203748,6.742997658079625
Vaigai_Dam,2017,8,0.095964599309414,1.2123027466316194,0.0091675729458655,-0.1050397622152141,36.82017203504813,24.91842851126069,21.42141154299503,579.0142211914062,1.0738865960731223,477284806.0,0.10894587822258472,0.04529678821563721,0.3869153709821804,32.10023419203748,6.742997658079625
Vaigai_Dam,2017,12,0.0832661671471491,1.181658326906136,-0.0229821795924851,-0.06039957046834,29.01187180489154,23.038653638286007,18.49391618133876,24.50350034236908,0.5746033402193735,519907680.0,0.1047340864315629,0.02046913653612137,0.3428470857681767,32.10023419203748,6.742997658079625
Vaigai_Dam,2018,1,0.0739489047516765,1.1597080444720966,-0.0054622799989646,-0.0685142997079884,30.16624638182748,23.65394982778901,15.738889538344552,2.1263800859451294,0.4958981188620789,623527548.0,0.10194976069033146,0.0012093186378479004,0.206833008796938,32.10023419203748,6.742997658079625
Vaigai_Dam,2018,3,0.0943776663205944,1.2084261017220113,0.0012234993613333,-0.0955901277928985,34.22083035560206,27.1521301966842,16.52227806583528,29.21060359477997,0.4711696482623982,713485863.7617188,0.09062142204493284,0.0014815032482147217,0.1673199233188424,32.10023419203748,6.742997658079625
Vaigai_Dam,2018,4,0.0975289089619582,1.2161374695111362,0.0026338098498516,-0.1001369963610914,40.972767919717455,28.40525786081952,19.802958191765697,52.9145576953888,0.5792204050076928,683721464.0,0.0952475517988205,0.0018887296319007874,0.1837201224433051,32.10023419203748,6.742997658079625
Vaigai_Dam,2018,9,0.0386794047001454,1.0804713950564653,-0.0335325567313967,-0.005153532199642,32.99314398446853,25.58028509351942,20.37899195353191,146.37614154815674,0.7147567059472133,575417170.5625,0.12822072580456734,0.029790431261062622,0.3669933107164171,32.10023419203748,6.742997658079625
Vaigai_Dam,2019,1,0.0838560563809212,1.183063058954822,-0.0210096474881215,-0.0629573262403709,27.431996706112614,21.946290608888035,14.699926425564684,2.424325481057167,0.4414656631511134,664621264.0,0.11014597211033106,0.001192145049571991,0.2326720863260248,32.10023419203748,6.742997658079625
Vaigai_Dam,2019,2,0.0821520225326416,1.1790100856556351,-0.0174854932026228,-0.064759554398507,29.14085029476564,25.47056496029813,17.42162666320803,4.290840834379196,0.6193992921953333,586687330.0,0.09202100895345211,0.0008719116449356079,0.1796132496425083,32.10023419203748,6.742997658079625
Vaigai_Dam,2019,3,0.0891821949883281,1.1958288353556843,-0.006424817411903,-0.0828048230275493,32.601425640596176,28.327761730071074,15.91383953299578,3.7648580074310303,0.6545809574923925,790069382.7844238,0.09054723661392927,0.0004514455795288086,0.1336872757122081,32.10023419203748,6.742997658079625
Vaigai_Dam,2019,4,0.0862075499145658,1.188680810191649,-0.0025005617524513,-0.0837250365423592,37.17338004642341,29.37705237070719,18.639261563619016,52.89468193054199,0.5426240628627141,690243212.0,0.0886622779071331,0.0028815418481826782,0.1809799194335937,32.10023419203748,6.742997658079625
Vaigai_Dam,2019,11,0.1206450073764594,1.274394319446614,-0.0242492345298438,-0.0966786108675717,33.43208166953531,23.8051131566366,20.97058044009742,146.3557586669922,0.534429943465979,460860174.0,0.09868849813938141,0.0740034207701683,0.4024400499131944,32.10023419203748,6.742997658079625
Vaigai_Dam,2020,4,0.0955846400369912,1.2113733230733734,-0.0094680426213052,-0.086194603484071,39.57973920570271,28.75457570817736,19.24827298058404,57.1062490940094,0.5439803061302375,662168074.0,0.08626151271164417,0.002168722450733185,0.173101700676812,32.10023419203748,6.742997658079625
Vaigai_Dam,2020,7,0.1430106259279656,1.3337512231883166,-0.0034442334859153,-0.1396351714194927,39.02354873057163,24.95463300315282,21.62200977776644,381.2811527252197,0.8579922501480521,477188308.0,0.1052192309871316,0.056267984211444855,0.3975494548838625,32.10023419203748,6.742997658079625
Vaigai_Dam,2021,2,0.0818998672373427,1.1784116226862915,-0.0198583936077151,-0.0621425422479122,32.05522691446038,23.86030520030431,15.872532236008452,1.7063863277435305,0.5113228371218217,618968438.0,0.10841128882020712,0.0008399635553359985,0.2095922742571149,32.10023419203748,6.742997658079625
Vaigai_Dam,2021,4,0.0865688392780065,1.189546498960208,-0.0222738828315905,-0.0644191710498796,33.78522943957353,28.08434075249568,19.57468715243874,72.40131831169128,0.1796905297329634,642963880.0,0.10102872177958488,0.004232525825500488,0.2042517556084526,32.10023419203748,6.742997658079625
Vaigai_Dam,2021,5,0.1060779261232714,1.2373314838579532,-0.0149523803304025,-0.0912703112303817,36.10354265796786,25.623203716483204,21.785143440000468,97.66496419906616,0.6274692247230182,550243480.0,0.11567328311502934,0.02363067865371704,0.3383386058192099,32.10023419203748,6.742997658079625
Vaigai_Dam,2021,8,0.1454386885055338,1.340382103774834,-0.0085656908129173,-0.1370437244125417,18.71250302977052,24.664326091479268,21.13357140735917,463.4039838314056,1.023838457919005,493608634.0,0.10894270054996014,0.06293973326683044,0.3728282887448547,32.10023419203748,6.742997658079625
Vaigai_Dam,2021,12,0.1006008304001257,1.2237067451260404,-0.0337021915432701,-0.0671262282161629,28.15895252367858,22.42294570758781,18.646833161384848,47.51967263221741,0.5094725268880366,552760084.0,0.1057437602430582,0.012226231396198273,0.3568573613320627,32.10023419203748,6.742997658079625
Vaigai_Dam,2022,3,0.0828557982725021,1.1806821612488814,-0.0212484280375775,-0.0617160247196518,33.393669332312015,27.729784758373,15.93156397009409,20.162877082824707,0.3242680063052279,721305032.0039062,0.08960008155554533,0.0003477931022644043,0.1251552130586357,32.10023419203748,6.742997658079625
Vaigai_Dam,2022,4,0.095422027863444,1.21097579380153,-0.0190348683380567,-0.0765261574852994,24.76145080100366,26.88151823679607,20.77825453016493,128.23382556438446,0.1947780223905072,626175226.0,0.10713992174714804,0.013564109802246094,0.2782575607299805,32.10023419203748,6.742997658079625
Vaigai_Dam,2022,5,0.1368650295897881,1.3171347107503752,-0.0070015920770688,-0.1299880015187819,3.621454734310362,26.27943267412087,21.65331755197178,82.291184425354,0.9477260537042728,563158614.0,0.11526724696159363,0.02239510416984558,0.303623527608892,32.10023419203748,6.742997658079625
Vaigai_Dam,2022,6,0.1063135755901469,1.2379214290076102,-0.0153570286933369,-0.0911052909185529,31.64123695188624,25.540353669060607,21.446908993191187,155.59601974487305,1.0254916171281174,539660422.0,0.12182468920946121,0.0408894345164299,0.3816939036051432,32.10023419203748,6.742997658079625
Vaigai_Dam,2022,7,0.0965062159495548,1.2136289538526954,-0.03119823229445,-0.0655052082652413,26.35419060992496,24.59477765893428,21.4718737530452,467.7168741226196,0.937575953367962,492244122.0,0.1084511773660779,0.055069103837013245,0.4037080990370884,32.10023419203748,6.742997658079625
Vaigai_Dam,2022,8,0.1220235738839268,1.277965490312139,-0.0280460049110871,-0.0943002903814574,32.14105556479092,24.300100232196144,21.296307910385963,579.4601871967316,0.8302570061787464,483555726.0,0.10369384754449129,0.19310063123703003,0.3936197014265163,32.10023419203748,6.742997658079625
Vaigai_Dam,2022,9,0.1191598351305789,1.2705594950889725,-0.0277201941927035,-0.091742679279936,28.612995659115768,24.615302806430407,20.50769329071045,102.85871005058289,0.8720293897381314,591903957.875,0.12159361690282822,0.015686780214309692,0.3352585474650065,32.10023419203748,6.742997658079625
Vaigai_Dam,2023,1,0.0725600259464008,1.156473794480218,-0.0294820533105546,-0.0431703233925938,29.480990144018108,22.24802844550021,15.495607056156302,3.348486363887787,0.5747530875892897,629972616.0,0.10590494051575661,0.0014247596263885498,0.2328391536589591,32.10023419203748,6.742997658079625
Vaigai_Dam,2023,2,0.0580165226650623,1.1231794910653907,-0.0323820412128509,-0.0256827314309628,30.365446975696784,24.04316943486532,13.373495061056984,3.8524519205093375,0.5327134083344187,653919738.0,0.09414287470281124,0.0015585720539093018,0.1861864271618071,32.10023419203748,6.742997658079625
Vaigai_Dam,2023,3,0.0957487290634755,1.2117746076581335,-0.0233749551348252,-0.0725361186293987,31.91716112427207,26.05148980745708,18.05110370266823,31.85867130756378,0.4095924369957695,678570439.1289062,0.10192378703504801,0.004484213888645172,0.2068708071144678,32.10023419203748,6.742997658079625
Vaigai_Dam,2023,4,0.0999960596812655,1.2222124930827574,-0.0213190544655616,-0.0788450888668006,35.70380732852192,27.64535624186197,18.82956706153027,59.891462564468384,0.4378581156517974,656727306.0,0.1138059850782156,0.006037868559360504,0.2309180789523654,32.10023419203748,6.742997658079625
Vaigai_Dam,2023,5,0.1204438668316627,1.2738742015198048,-0.0199348118149086,-0.1007509606746783,33.63631341933183,27.18423058704667,21.59212412680353,162.5738034248352,0.5280330902471745,587114964.0,0.12606474291533232,0.022129304707050323,0.3328341617379137,32.10023419203748,6.742997658079625
Vaigai_Dam,2023,6,0.1302462230632582,1.299501368127387,-0.0131337325669623,-0.1173131686387424,29.3894277601828,25.87195688883463,21.56169774797229,242.5477466583252,1.218133906112336,540161400.0,0.118860287591815,0.017949283123016357,0.3557729721069336,32.10023419203748,6.742997658079625
Vaigai_Dam,2023,7,0.0979172307461572,1.2170914556480208,-0.0171501682053143,-0.0809029225741922,35.136377504241864,24.88783632093861,21.33564619659097,147.56288385391235,1.1561026142830535,511345666.0,0.11142250616103411,0.04321645200252533,0.3731173443537886,32.10023419203748,6.742997658079625
Vaigai_Dam,2023,8,0.0987282129546536,1.2190864384611793,-0.0061022891260088,-0.0926817616335125,34.673879835461776,26.43596516680975,20.63614222618844,214.65725255012512,0.9667120329199992,635613252.0,0.1338219502940774,0.010762028396129608,0.2853916332285891,32.10023419203748,6.742997658079625
Vaigai_Dam,2023,10,0.1400640733285496,1.3257546730735972,-0.0219380384528363,-0.1184901231534657,33.785873368145985,24.9407939377652,21.2134005310715,147.40384483337402,0.0944774161268986,516509046.75390625,0.10930167231708765,0.06738530099391937,0.4016669283631027,32.10023419203748,6.742997658079625
Vaigai_Dam,2023,12,0.1173606308059482,1.2659311036921266,-0.0357200082144212,-0.0819843108819269,22.596561843657128,23.195382751957084,20.33771765924274,87.70210474729538,0.6169572730945946,436499004.0,0.0915956124663353,0.0401703342795372,0.3902778625488281,32.10023419203748,6.742997658079625
Vaigai_Dam,2024,1,0.0948785367733902,1.2096481867420616,-0.0610010754455354,-0.0340746750787848,28.985982635853247,22.892778220227967,19.299550321025265,13.47265626490116,0.5103265454741168,523968982.0,0.10140430927276611,0.03934125602245331,0.348529302945701,32.10023419203748,6.742997658079625
Vaigai_Dam,2024,2,0.0897133632137541,1.1971101400114714,-0.0379342050401242,-0.0519559750135503,29.2856214964105,24.928654146742588,18.36033423412806,1.2611218243837357,0.5538044457448424,616865532.0,0.10148130543529987,0.0005198121070861816,0.1797751064958243,32.10023419203748,6.742997658079625
Vaigai_Dam,2024,3,0.0889494330540515,1.195267828770977,-0.0247547187316452,-0.0643363777633061,32.08648034622132,27.69016045190955,16.791010198285505,5.025100529193878,0.6161691801111449,799778381.1640625,0.09274110570549965,4.486739635467529e-05,0.1161300495106686,32.10023419203748,6.742997658079625
Vaigai_Dam,2024,4,0.0963687402407372,1.2132921790828948,-0.022402348338436,-0.074126422404369,33.09936573264167,29.78312384287517,18.814662403530576,22.158980548381805,0.7066593597112248,744538604.0,0.07805000524967909,0.0003538951277732849,0.1243690066867404,32.10023419203748,6.742997658079625
Vaigai_Dam,2024,5,0.1513641813515475,1.3567235273962674,-0.0182526647045027,-0.1334802959620749,4.988136611613186,27.06644524605048,22.376482982020264,156.4230556488037,0.4707725624737682,503209720.0,0.09032512828707695,0.09323292970657349,0.3251557093794628,32.10023419203748,6.742997658079625
Vaigai_Dam,2024,6,0.1532859448775945,1.3620725177531978,-0.0215636263132014,-0.1321591575540467,31.311352846611385,25.18885515001085,22.303551250033934,176.39525318145752,0.9469979248721528,479267844.0,0.10564905498176813,0.07934937626123428,0.3946979310777452,32.10023419203748,6.742997658079625
Vaigai_Dam,2024,8,0.1207142967861121,1.2745735461065448,-0.0277248987223506,-0.0933016592782201,33.9572009337856,25.02762688667548,21.76502162974373,407.4266128540039,0.7253247158718493,546626066.0,0.11850649770349264,0.04427535831928253,0.3926854697606897,32.10023419203748,6.742997658079625
Vaigai_Dam,2024,9,0.1223403451880605,1.278787670180134,-0.0198365570449205,-0.1027531506436788,30.20456002880257,25.35280941857235,20.87779460483131,48.74044346809387,1.0880109664909825,591811043.0625,0.12838999181985855,0.011874020099639893,0.3388256284925672,32.10023419203748,6.742997658079625
Vaigai_Dam,2024,11,0.1356925188610879,1.313991309394392,-0.0522956517849803,-0.0839928914450462,29.629074718487345,23.3940777672662,20.22528078291151,174.06912279129028,0.3894480885529185,400018272.0,0.08322333078831434,0.06317269802093506,0.3966404808892144,32.10023419203748,6.742997658079625
Vaigai_Dam,2024,12,0.1029967120604611,1.229646230833891,-0.0448268430054742,-0.0584396861050161,29.5045166543822,23.416523069976503,19.807288249846465,75.40127903223038,0.2459765004452225,481274864.0,0.09687789157032967,0.04905412346124649,0.3688242512364541,32.10023419203748,6.742997658079625
Vaigai_Dam,2025,1,0.1046563854813678,1.2337792637023155,-0.0287835157204854,-0.0761021181619331,28.07572537807954,21.87317808007685,17.547033092539834,4.921394854784012,0.6676189710751816,552739320.0,0.1040554866194725,0.005618877708911896,0.3145963607295867,32.10023419203748,6.742997658079625
Vaigai_Dam,2025,2,0.0802786581152881,1.174571697881403,-0.018689213320564,-0.0616819890565352,30.381771518886808,24.72017433983939,14.749137565067883,1.7890238761901855,0.5340970423756615,682792144.0,0.10058676823973656,0.000330902636051178,0.1623182069687616,32.10023419203748,6.742997658079625
Vaigai_Dam,2025,3,0.0859447054530845,1.188051436200446,-0.0181881473471902,-0.0678626392847843,32.834571103377584,26.21703589654743,18.45366402902914,46.37864398956299,0.4077649797081415,701605574.0930176,0.12567248195409775,0.020272240042686462,0.2502816928330288,32.10023419203748,6.742997658079625
Vaigai_Dam,2025,4,0.149029180183046,1.350256851850931,-0.0115997106901444,-0.1376674545848634,19.423805949614973,26.81115309397381,21.21773219638402,96.27962911128998,0.1799861843008587,635526422.0,0.12529998738318682,0.014392159879207611,0.301789919535319,32.10023419203748,6.742997658079625
Vaigai_Dam,2025,5,0.1203561756810751,1.273647520402391,-0.0249839726883423,-0.0956598498084569,37.79322175664328,26.227612206243748,21.619556988952013,135.2282600402832,0.859508481316023,534942856.0,0.10714453272521496,0.0328952893614769,0.3003760512157153,32.10023419203748,6.742997658079625
Vaigai_Dam,2025,6,0.1684803642523566,1.4052348423519094,-0.0346720368899591,-0.1345945692651059,14.78815388476039,25.0056497573853,21.30470561981201,88.42325413227081,1.1773180992381698,540299580.0,0.11767320148646832,0.023106709122657776,0.3635772069295247,32.10023419203748,6.742997658079625
Vaigai_Dam,2025,7,0.0837089467438307,1.1827125703047283,-0.0373518732005111,-0.0465024721703702,33.93617391195369,24.42497139387234,20.84674952927457,96.68579006195068,1.2933376619300134,497695444.0,0.10820857062935829,0.051281511783599854,0.3534496881628549,32.10023419203748,6.742997658079625
Vaigai_Dam,2025,8,0.0893164565508907,1.1961525651657543,-0.0214713472231016,-0.0679754689197324,-8.13071282454041,24.41707115583523,20.801520181471343,299.7617702484131,1.0485952261505214,532889428.0,0.11696035973727703,0.031417116522789,0.385716797203146,32.10023419203748,6.742997658079625
Vaigai_Dam,2025,9,0.0873533146050958,1.1914285473294584,-0.0282018749096748,-0.0592975207537405,33.19361622958593,24.771820280287045,20.83825039333772,156.07089519500732,1.0359080149975604,541791478.125,0.12061254400759935,0.04390258342027664,0.3881168365478515,32.10023419203748,6.742997658079625
Vaigai_Dam,2025,11,0.09895662632948,1.2196489741140142,-0.0368518308219777,-0.0623321040390486,32.974962583014644,23.48841838836671,19.50775252448193,167.43850326538086,0.3276437596999169,433971652.0,0.0909145763143897,0.04793597012758255,0.3687442355685764,32.10023419203748,6.742997658079625
Vaigai_Dam,2025,12,0.1066759171499213,1.238829153266708,-0.0393785185366003,-0.0675812900132075,26.6402278674243,21.837725391182857,17.23498771831555,20.54236179590225,0.4889047951525911,552437100.0,0.10623966436833143,0.009535066783428192,0.3491240060457619,32.10023419203748,6.742997658079625
Vaigai_Dam,2026,1,0.0999099357147477,1.2219998635227347,-0.0330131451740235,-0.0671181691641576,28.265954140561465,22.276521096178328,16.303918457031273,5.592185974121094,0.6798408459021188,582116216.0,0.10319740325212479,0.00251200795173645,0.2486367994739163,32.10023419203748,6.742997658079625
Vaigai_Dam,2026,3,0.0941007157337962,1.207750943991571,-0.0103489198495348,-0.0838334363019949,35.16243470254477,26.750867646740343,16.70423319826847,14.5506329536438,0.4833409105912422,758500848.6914062,0.11157024744898081,0.0008080825209617615,0.1757657861196866,32.10023419203748,6.742997658079625
Vaigai_Dam,2026,4,0.1031290323690095,1.229975182810112,-0.0073496046389511,-0.0958520795436342,35.83541679846235,28.684441354539672,18.708918168809703,43.24876117706299,0.3527545811668907,731443852.0,0.08578846137970686,0.0009929239749908447,0.1489040374755859,32.10023419203748,6.742997658079625
Vaigai_Dam,2026,5,0.1433048867741887,1.33455282879947,0.0016280361665388,-0.1448991171741656,44.01431441831562,,,,,,,,,32.10023419203748,6.742997658079625
