Lake_Name,Year,Month,Target_NDCI,Chl_A_Proxy,Turbidity_NDTI,NDWI_Shallow_Index,Surface_Temp_C,Air_Temp_C,Dewpoint_Temp_C,Rainfall_mm,Wind_Speed,Solar_Radiation,Evaporation,Runoff,Dynamic_Soil_Moisture,Static_Soil_Clay_Pct,Static_Soil_pH
Aliyar_Dam,2016,1,0.205246034,1.51650207,-0.018750132,-0.187216384,28.44336862,22.93019094,15.93790936,11.75067103,1.875948048,,,,0.254170455,31.06885125,5.693028964
Aliyar_Dam,2016,3,0.202583569,1.508099813,-0.014409363,-0.188725114,34.10543373,27.79651459,18.15892453,16.88976586,0.595289221,,,,0.246308221,31.06885125,5.693028964
Aliyar_Dam,2016,4,0.209690338,1.530653611,-0.010326514,-0.199796457,40.00295057,28.58409745,20.76189117,46.50658202,0.967885098,,,,0.251186498,31.06885125,5.693028964
Aliyar_Dam,2016,12,0.236888615,1.62084938,-0.024561704,-0.213569542,29.71985028,23.14290048,17.35378164,68.34766817,1.032444557,,,,0.369151939,31.06885125,5.693028964
Aliyar_Dam,2017,1,0.201829379,1.505729913,-0.004210305,-0.197787147,30.87832109,23.5953304,14.99119168,25.00386047,1.828198054,,,,0.269700102,31.06885125,5.693028964
Aliyar_Dam,2017,2,0.198290224,1.494668346,-0.000533536,-0.197777612,32.22641555,25.09573393,11.74223364,9.69975096,1.700817508,,,,0.240296954,31.06885125,5.693028964
Aliyar_Dam,2017,3,0.210006161,1.531665314,-0.012560582,-0.197967779,37.78925796,26.18468304,18.22576501,75.93773872,0.360575288,,,,0.336517594,31.06885125,5.693028964
Aliyar_Dam,2017,4,0.201816269,1.505688756,-0.008776969,-0.193381844,37.78913043,27.36709658,20.50474923,35.07224226,1.36614791,,,,0.295067356,31.06885125,5.693028964
Aliyar_Dam,2017,5,0.234594114,1.612992708,-0.014659459,-0.220693625,20.25252888,26.19807981,21.42221228,135.8099356,1.846545481,,,,0.357518138,31.06885125,5.693028964
Aliyar_Dam,2017,10,0.264592281,1.719579829,-0.008414266,-0.256749629,-56.65186333,23.87164115,20.48447982,157.0941669,0.93710466,,,,0.437174028,31.06885125,5.693028964
Aliyar_Dam,2017,11,0.243074158,1.642266772,-0.030446893,-0.214212622,29.25739812,23.69354491,19.16201928,107.1696603,1.376423227,,,,0.40124054,31.06885125,5.693028964
Aliyar_Dam,2017,12,0.185808398,1.456424257,-0.023245092,-0.163268484,29.05418654,22.89613677,17.4992794,53.57139874,1.63361519,,,,0.357867579,31.06885125,5.693028964
Aliyar_Dam,2018,1,0.200840866,1.502630471,-0.016795909,-0.184667898,29.85456963,23.49285202,14.24117518,11.62591743,1.519515131,,,,0.240926161,31.06885125,5.693028964
Aliyar_Dam,2018,2,0.187568281,1.461745342,0.00333296,-0.190781972,35.13920535,24.47787888,13.40671114,14.27877694,1.824420271,,,,0.275988579,31.06885125,5.693028964
Aliyar_Dam,2018,11,0.22894556,1.593850571,-0.024989142,-0.205129998,28.81887468,23.29991524,19.60156935,93.14190865,1.32476265,,,,0.439656046,31.06885125,5.693028964
Aliyar_Dam,2018,12,0.219822879,1.563520444,-0.023632408,-0.197214991,28.04612912,23.35015398,18.14411013,33.20854831,1.412848717,,,,0.372803862,31.06885125,5.693028964
Aliyar_Dam,2019,1,0.182123583,1.445357217,-0.012533805,-0.169977787,29.36364269,22.97447441,12.18828993,11.80741477,1.823743075,,,,0.244332221,31.06885125,5.693028964
Aliyar_Dam,2019,2,0.179316683,1.436993609,0.003351327,-0.182558302,34.95846753,26.06351957,15.77050459,8.479885578,1.306284652,,,,0.241090722,31.06885125,5.693028964
Aliyar_Dam,2019,3,0.175892006,1.426866399,0.003190481,-0.178982046,37.78264657,28.00631253,16.23869182,14.49421984,0.531792737,,,,0.230939578,31.06885125,5.693028964
Aliyar_Dam,2019,4,0.180794004,1.441388381,0.001263273,-0.182015706,35.06203342,27.97150495,19.76712976,96.15949392,0.606300307,,,,0.297135579,31.06885125,5.693028964
Aliyar_Dam,2019,6,0.222225815,1.57144045,-0.005895367,-0.216614235,16.11170533,24.89618419,21.29806356,125.6206083,2.658286752,,,,0.392892675,31.06885125,5.693028964
Aliyar_Dam,2019,9,0.250439045,1.668228631,-0.026548985,-0.225388647,36.63421662,23.45788312,20.89422935,168.6030178,1.684394494,,,,0.470785473,31.06885125,5.693028964
Aliyar_Dam,2019,12,0.222763444,1.573219162,-0.01831485,-0.205286137,28.68727784,22.55819583,18.9026738,67.19761705,2.24328285,,,,0.37791596,31.06885125,5.693028964
Aliyar_Dam,2020,1,0.200624588,1.501953362,-0.014016301,-0.187134512,26.88660943,24.04695555,15.91849022,17.42049551,1.74961649,,,,0.247185991,31.06885125,5.693028964
Aliyar_Dam,2020,2,0.101106567,1.224957849,0.001058243,-0.10215388,26.18239922,25.50367097,14.61607466,8.074784279,1.985800557,,,,0.220753089,31.06885125,5.693028964
Aliyar_Dam,2020,3,0.163038512,1.389596212,-3.91E-05,-0.163000436,33.94683628,27.27260812,17.68462332,30.11188018,0.670870107,,,,0.259745492,31.06885125,5.693028964
Aliyar_Dam,2020,4,0.207092636,1.522362752,-0.003535666,-0.203706126,38.25673018,27.73291139,19.06117536,82.98409975,0.41079337,,,,0.276390966,31.06885125,5.693028964
Aliyar_Dam,2020,7,0.193085258,1.478576604,-0.007041881,-0.186296682,31.09785363,23.29707042,20.75650939,282.5213604,2.047977824,,,,0.466694849,31.06885125,5.693028964
Aliyar_Dam,2020,10,0.224024622,1.577401368,-0.014270031,-0.210427293,20.71028836,23.45536276,19.88454099,102.7178218,1.723018278,,,,0.411201279,31.06885125,5.693028964
Aliyar_Dam,2020,12,0.226110517,1.58434834,-0.024901857,-0.202347995,29.73534103,21.67472502,17.85497156,121.6959169,1.954877823,,,,0.417183818,31.06885125,5.693028964
Aliyar_Dam,2021,1,0.202272065,1.507120424,-0.026033186,-0.177171827,24.7969788,21.87182595,18.09013981,85.39240098,1.953869974,,,,0.409001873,31.06885125,5.693028964
Aliyar_Dam,2021,2,0.137628214,1.319185335,-0.010938522,-0.126880704,26.51946614,23.89338238,14.38347884,8.377474904,1.589804392,,,,0.268914344,31.06885125,5.693028964
Aliyar_Dam,2021,3,0.194138343,1.481815561,-0.01545946,-0.179216762,33.29045422,27.2071365,14.2616298,68.58803391,1.113413703,,,,0.225948983,31.06885125,5.693028964
Aliyar_Dam,2022,1,0.188244873,1.46379719,-0.016143529,-0.172625944,26.63847645,23.29545269,17.06550741,26.72918725,1.33013185,,,,0.250536505,31.06885125,5.693028964
Aliyar_Dam,2022,2,0.19164847,1.474171107,-0.020198838,-0.172115906,32.38947199,24.64002102,15.18889874,9.661611438,1.528253997,,,,0.226489922,31.06885125,5.693028964
Aliyar_Dam,2022,3,0.183463988,1.449371456,-0.00412791,-0.179471997,36.84429801,26.67488549,15.54562489,41.69769919,0.55538852,,,,0.24230028,31.06885125,5.693028964
Aliyar_Dam,2022,10,0.210275648,1.532529224,-0.013508818,-0.197327353,7.526967124,23.17473356,20.18481929,134.4369231,0.546948531,,,,0.422019801,31.06885125,5.693028964
Aliyar_Dam,2023,1,0.190691268,1.471244805,-0.011855268,-0.179241209,28.45299948,22.38137735,14.10491468,16.36654639,1.964062913,,,,0.258822123,31.06885125,5.693028964
Aliyar_Dam,2023,2,0.182432177,1.446280226,-0.01028983,-0.172466099,30.59944881,24.8227647,10.86944349,17.88691527,1.902184258,,,,0.237982213,31.06885125,5.693028964
Aliyar_Dam,2023,3,0.184328674,1.451968012,-0.003259715,-0.181177821,32.30379422,26.25874507,16.07539001,47.63143098,0.745310025,,,,0.265298508,31.06885125,5.693028964
Aliyar_Dam,2023,5,0.236532036,1.619625308,-0.013472737,-0.223772402,42.40116804,25.4395868,21.72153003,135.2265916,1.557464863,,,,0.423013236,31.06885125,5.693028964
Aliyar_Dam,2023,8,0.234133551,1.611421356,-0.004433463,-0.22993877,41.43306254,24.39706018,20.50338748,102.718992,2.226502449,,,,0.380404749,31.06885125,5.693028964
Aliyar_Dam,2024,1,0.214538733,1.546274506,-0.017728983,-0.197561185,30.81417834,23.18959109,18.01778841,36.64186001,1.746685702,,,,0.369488344,31.06885125,5.693028964
Aliyar_Dam,2024,2,0.191825546,1.474713214,-0.009118971,-0.183026735,32.39535419,25.86750674,16.37727909,5.195925593,1.76182934,,,,0.238582655,31.06885125,5.693028964
Aliyar_Dam,2024,3,0.194274245,1.482234168,-0.00553094,-0.188946331,34.53694098,28.07743661,16.70139134,6.01855576,0.742261549,,,,0.222756369,31.06885125,5.693028964
Aliyar_Dam,2024,4,0.202516616,1.507889243,0.002317123,-0.204737665,39.35527164,29.08490064,19.53453635,22.912117,0.432097412,,,,0.237032989,31.06885125,5.693028964
Aliyar_Dam,2024,9,0.23269662,1.606530941,-0.018953351,-0.214690134,36.55781831,23.73594925,20.65822086,29.84521508,2.150461057,,,,0.417168066,31.06885125,5.693028964
Aliyar_Dam,2024,12,0.215842629,1.550508449,-0.022880675,-0.19391965,32.23643587,23.05046177,19.00843387,123.3857907,0.908849532,,,,0.397068871,31.06885125,5.693028964
Aliyar_Dam,2025,1,0.215014614,1.547818133,-0.04436469,-0.172293441,29.12411365,22.69388523,16.0745396,18.83273149,2.233851416,,,,0.285766554,31.06885125,5.693028964
Aliyar_Dam,2025,2,0.176696265,1.429237128,-0.006569845,-0.170324144,33.12352138,25.74904688,12.49644621,5.588400185,2.061618354,,,,0.225004317,31.06885125,5.693028964
Aliyar_Dam,2025,3,0.1959659,1.487456688,-0.008988581,-0.187307252,35.41755056,27.02029881,17.6117534,118.7144845,0.903642081,,,,0.272590049,31.06885125,5.693028964
Aliyar_Dam,2025,4,0.22950908,1.595747658,-0.024606844,-0.206065993,32.46780855,26.28058669,20.62542715,127.1112866,0.898419907,,,,0.346732133,31.06885125,5.693028964
Aliyar_Dam,2025,12,0.220803125,1.566745406,-0.020278241,-0.201426771,28.88676728,21.88464852,16.27858651,39.36110079,1.773642822,,,,0.348475049,31.06885125,5.693028964
Aliyar_Dam,2026,1,0.147427171,1.345840651,-0.008484065,-0.139117111,21.9092751,22.50630205,14.65457702,32.44647145,2.031257053,,,,0.25503687,31.06885125,5.693028964
Aliyar_Dam,2026,2,0.186564019,1.458706088,-0.011624809,-0.175319437,29.29868098,24.42889433,15.0363237,13.24128914,1.548082816,,,,0.234950285,31.06885125,5.693028964
Aliyar_Dam,2026,3,0.191214267,1.472842829,-0.009156902,-0.182376694,36.2434296,27.14678149,16.2210754,34.96944249,0.644069297,,,,0.238550289,31.06885125,5.693028964
Aliyar_Dam,2026,4,0.099453995,1.220874879,0.006579378,-0.105964036,25.9355929,28.10151492,19.0955474,55.91504908,0.72741683,,,,0.252376712,31.06885125,5.693028964
Almatti_Dam,2016,1,0.12455279,1.28454666,0.013846362,-0.13816088,30.88963402,24.70145655,10.32766368,1.298343331,1.858283389,,,,0.192349977,33.13400136,6.687992527
Almatti_Dam,2016,2,0.111840957,1.251848939,0.016240184,-0.127848926,33.26781942,28.28458366,11.25626743,2.57022664,1.447742535,,,,0.18899694,33.13400136,6.687992527
Almatti_Dam,2016,3,0.114277715,1.258044122,0.021227628,-0.135177423,40.83953159,31.20317587,11.27410727,4.356225818,0.168039953,,,,0.19065982,33.13400136,6.687992527
Almatti_Dam,2016,4,0.113305662,1.255568706,0.024897497,-0.137814382,43.561477,33.55124516,13.66041548,24.68243706,1.481344295,,,,0.190178553,33.13400136,6.687992527
Almatti_Dam,2016,5,0.03641039,1.075572402,0.006880755,-0.043280302,1.13103751,31.91045075,17.47377444,52.70710814,3.268985306,,,,0.204693599,33.13400136,6.687992527
Almatti_Dam,2016,10,0.151392464,1.356802074,-0.005079258,-0.146425802,34.16884277,25.34687451,16.79697218,17.97534621,0.578772181,,,,0.297619748,33.13400136,6.687992527
Almatti_Dam,2016,11,0.135533424,1.313565446,0.001261281,-0.136771324,32.22886417,24.75482074,11.98320503,11.13429081,2.620939172,,,,0.201454629,33.13400136,6.687992527
Almatti_Dam,2016,12,0.116934985,1.264838902,0.011306159,-0.128071822,30.13598936,23.55226392,11.90979835,5.670048952,2.841896911,,,,0.208009761,33.13400136,6.687992527
Almatti_Dam,2017,1,0.100042138,1.222326272,0.007941669,-0.107898082,29.583181,23.94156906,10.58114744,1.276874453,2.641847692,,,,0.189739699,33.13400136,6.687992527
Almatti_Dam,2017,2,0.103786803,1.231611862,0.017283782,-0.120853794,30.39481446,26.63536124,8.317152845,2.599201798,2.623345883,,,,0.188771657,33.13400136,6.687992527
Almatti_Dam,2017,3,0.120266027,1.273414533,0.021847902,-0.141741495,38.79191321,29.50125992,8.749640914,2.247069553,0.278601808,,,,0.189900019,33.13400136,6.687992527
Almatti_Dam,2017,4,0.121949901,1.277774358,0.024635656,-0.146146487,39.20743335,32.61725843,10.98003587,6.834967434,1.795429781,,,,0.189536158,33.13400136,6.687992527
Almatti_Dam,2017,5,0.124248998,1.283754167,0.02822908,-0.15194514,43.59700657,32.16548923,17.13416047,70.72211659,3.178075471,,,,0.199,33.13400136,6.687992527
Almatti_Dam,2017,6,0.119304163,1.270931593,0.017937448,-0.13694854,31.29974982,26.38398876,20.92353978,28.19251823,5.085816985,,,,0.357646285,33.13400136,6.687992527
Almatti_Dam,2017,11,0.16519059,1.395756416,-0.006845973,-0.15852389,31.29373898,25.02353804,15.20696738,4.939467311,2.549113818,,,,0.221344778,33.13400136,6.687992527
Almatti_Dam,2017,12,0.1255173,1.2870664,0.000606763,-0.126114459,28.87320357,23.46715981,13.19566559,3.72725758,2.686485326,,,,0.197147185,33.13400136,6.687992527
Almatti_Dam,2018,1,0.114578668,1.258811627,0.003313013,-0.117846946,29.59167395,24.06192719,11.30450036,1.276874289,2.441259361,,,,0.189278592,33.13400136,6.687992527
Almatti_Dam,2018,2,0.121059247,1.275466228,-0.005073886,-0.116056648,28.96894422,25.59985134,8.988083594,3.410789013,2.511585828,,,,0.195117996,33.13400136,6.687992527
Almatti_Dam,2018,3,0.117472962,1.266219519,0.014246697,-0.131499581,34.8808418,29.32331478,10.25457131,4.414581046,0.946493595,,,,0.198468649,33.13400136,6.687992527
Almatti_Dam,2018,4,0.121768389,1.277303589,0.017995449,-0.139458246,38.87586316,31.42521229,13.98402373,15.18800104,0.493482254,,,,0.20247595,33.13400136,6.687992527
Almatti_Dam,2018,9,0.140850341,1.327883134,-0.016791178,-0.124353264,36.32486818,25.52410562,19.37719074,94.29858088,2.672882958,,,,0.361657206,33.13400136,6.687992527
Almatti_Dam,2018,10,0.138605043,1.321815312,-0.003905201,-0.134772793,33.71433598,27.29926321,16.0870538,50.5841648,2.331471001,,,,0.282404172,33.13400136,6.687992527
Almatti_Dam,2018,11,0.130070685,1.299037366,0.00680939,-0.136758947,31.53603767,26.30444902,13.99459869,10.08765289,3.068081016,,,,0.211462869,33.13400136,6.687992527
Almatti_Dam,2018,12,0.112462469,1.253425834,0.00839456,-0.120743039,27.2953938,24.15651896,13.13408549,4.314471841,2.146465839,,,,0.193524658,33.13400136,6.687992527
Almatti_Dam,2019,1,0.106122593,1.237443284,0.013951958,-0.119897029,29.10642214,23.4172615,9.656976052,1.329110339,2.37169215,,,,0.190448207,33.13400136,6.687992527
Almatti_Dam,2019,2,0.106322462,1.237943682,0.019006028,-0.125075741,34.67848658,26.96217699,9.079960578,2.610144049,1.231434157,,,,0.189647629,33.13400136,6.687992527
Almatti_Dam,2019,3,0.108244778,1.242767916,0.020025301,-0.127992638,36.67514485,30.44657683,9.327476756,7.676187128,0.306827773,,,,0.188928686,33.13400136,6.687992527
Almatti_Dam,2019,4,0.128807777,1.295704608,0.016465723,-0.14496604,37.71767841,32.38137095,13.1638845,18.77098715,0.927650518,,,,0.195440102,33.13400136,6.687992527
Almatti_Dam,2019,5,0.124609792,1.284695422,0.014976697,-0.139326472,39.17841821,32.87579874,14.56130787,39.93522811,3.002201405,,,,0.19257566,33.13400136,6.687992527
Almatti_Dam,2019,12,0.162646175,1.388476581,-0.009999949,-0.152894902,28.8783375,23.79408117,16.64575473,4.959180802,3.363130679,,,,0.227836978,33.13400136,6.687992527
Almatti_Dam,2020,2,0.11056845,1.248627228,-0.001007211,-0.109573442,31.46685289,26.19369563,12.34649664,2.793706447,2.425079487,,,,0.189589731,33.13400136,6.687992527
Almatti_Dam,2020,3,0.116360475,1.263366387,0.009619771,-0.125839385,33.96296713,29.14603564,12.4878381,3.712318107,0.447962059,,,,0.189646711,33.13400136,6.687992527
Almatti_Dam,2020,4,0.132030448,1.304228295,0.017039227,-0.148735067,38.60059072,31.58317543,14.07524781,32.48626029,0.502220866,,,,0.190134176,33.13400136,6.687992527
Almatti_Dam,2020,5,0.130761637,1.300864856,0.015643976,-0.146106733,39.11233978,32.12811885,17.63179185,69.84690952,2.249514788,,,,0.196270932,33.13400136,6.687992527
Almatti_Dam,2020,11,0.165555758,1.396804841,-0.021146112,-0.14491698,32.75262329,23.90367548,16.4374179,4.820254385,3.030302358,,,,0.245780521,33.13400136,6.687992527
Almatti_Dam,2021,1,0.119652743,1.271830785,-0.002613475,-0.117075878,30.57419072,24.65690782,13.85443647,2.57151413,2.94389411,,,,0.192925771,33.13400136,6.687992527
Almatti_Dam,2021,2,0.114354624,1.258240209,0.003493928,-0.117801485,30.43644858,24.80132489,10.00730949,5.304139376,2.576438635,,,,0.190487839,33.13400136,6.687992527
Almatti_Dam,2021,3,0.115671967,1.261604208,0.008164013,-0.123719147,34.8615064,29.06704354,8.778030096,1.606603786,2.022301053,,,,0.188871302,33.13400136,6.687992527
Almatti_Dam,2021,4,0.079660396,1.173110873,0.007588279,-0.087195966,23.14407966,30.32627869,14.66513854,44.16527677,0.554083329,,,,0.213641018,33.13400136,6.687992527
Almatti_Dam,2021,5,0.130515457,1.300213404,0.009657025,-0.139996032,30.94087502,29.30428781,19.22535261,125.8876574,2.050246287,,,,0.229281784,33.13400136,6.687992527
Almatti_Dam,2021,6,0.133151047,1.307207031,-0.005760985,-0.127487855,35.60132667,25.38774658,20.82943995,25.26121581,4.546244363,,,,0.424542533,33.13400136,6.687992527
Almatti_Dam,2021,10,0.170930733,1.412343671,-0.02011756,-0.151333565,33.67733147,25.14733465,19.31994201,77.23790306,0.868060741,,,,0.380466379,33.13400136,6.687992527
Almatti_Dam,2021,12,0.13916579,1.323327741,-0.020186632,-0.119314346,28.2730544,23.17670232,14.77535876,8.244381011,2.239669974,,,,0.240687545,33.13400136,6.687992527
Almatti_Dam,2022,1,0.071585109,1.154209309,-0.00060063,-0.070987532,22.87225263,22.92360639,11.57255949,1.331907645,0.921719306,,,,0.191389781,33.13400136,6.687992527
Almatti_Dam,2022,2,0.111158641,1.250120317,-0.001491294,-0.10968553,32.4388613,25.58907507,9.842491291,2.599205017,1.815983133,,,,0.189000062,33.13400136,6.687992527
Almatti_Dam,2022,3,0.11031029,1.247974746,-0.007187709,-0.103204409,34.33262262,29.38999614,11.24506416,2.167305097,1.31021987,,,,0.188843819,33.13400136,6.687992527
Almatti_Dam,2022,4,0.130934059,1.301321344,0.011919935,-0.142631386,41.10483575,31.71445281,15.19980401,49.33842897,0.239565697,,,,0.192185974,33.13400136,6.687992527
Almatti_Dam,2022,11,0.161376015,1.384859049,-0.012251283,-0.149420145,32.17034517,24.25401438,15.06194375,7.876036227,2.683817078,,,,0.219495095,33.13400136,6.687992527
Almatti_Dam,2022,12,0.125151248,1.286109452,0.002362562,-0.127476118,29.03539853,23.32019286,15.65568232,6.183784544,2.696320766,,,,0.272151414,33.13400136,6.687992527
Almatti_Dam,2023,1,0.111717377,1.251535659,0.002567686,-0.114252289,28.79165331,23.11931908,11.43080216,1.284569979,2.878034253,,,,0.194154206,33.13400136,6.687992527
Almatti_Dam,2023,2,0.104909957,1.234412075,0.007286552,-0.112110809,32.24259604,25.93939804,8.872201697,2.599203646,2.763920474,,,,0.189063776,33.13400136,6.687992527
Almatti_Dam,2023,3,0.126271762,1.289041275,0.014224478,-0.14024434,38.96367414,27.64856064,9.046717047,3.292099744,0.420872663,,,,0.193532575,33.13400136,6.687992527
Almatti_Dam,2023,4,0.131688707,1.303321419,0.012567113,-0.144017478,41.66924713,30.56044413,12.58249404,24.07374561,0.198172036,,,,0.207330916,33.13400136,6.687992527
Almatti_Dam,2023,5,0.134717669,1.311384306,0.008941785,-0.143486608,31.97180984,30.8711688,17.18754111,55.46718621,2.369659302,,,,0.233701562,33.13400136,6.687992527
Almatti_Dam,2023,6,0.146638157,1.343671698,0.009655728,-0.156072902,38.56544426,29.33069441,19.09572281,10.44122636,5.223376443,,,,0.222297732,33.13400136,6.687992527
Almatti_Dam,2023,8,0.16397926,1.392285148,-0.009780196,-0.154446758,34.54796284,25.73129132,20.11722002,11.566257,4.796981967,,,,0.330179379,33.13400136,6.687992527
Almatti_Dam,2023,10,0.152270692,1.359243666,-0.009571803,-0.142907177,34.14350385,27.33830738,16.05096301,11.35029602,1.697776618,,,,0.281283327,33.13400136,6.687992527
Almatti_Dam,2023,12,0.124863794,1.285358538,-0.00309713,-0.121813772,29.19271808,24.17548135,14.75933014,5.533482641,2.84711513,,,,0.211630319,33.13400136,6.687992527
Almatti_Dam,2024,1,0.116242839,1.263065114,0.006471548,-0.122622142,31.4043381,25.05894085,13.4633398,1.297654599,2.05117011,,,,0.190561971,33.13400136,6.687992527
Almatti_Dam,2024,2,0.109552887,1.246062647,0.013694306,-0.123062568,30.9545181,27.57091517,10.74929234,2.599199563,1.512894264,,,,0.188886116,33.13400136,6.687992527
Almatti_Dam,2024,3,0.113251877,1.255431895,0.012307523,-0.125384633,36.83697009,31.00028205,10.3214989,1.649333924,0.116027952,,,,0.188637375,33.13400136,6.687992527
Almatti_Dam,2024,4,0.123332496,1.281366643,0.008674347,-0.131865769,39.76344422,33.21388014,14.60710218,30.09826672,0.550774711,,,,0.194977824,33.13400136,6.687992527
Almatti_Dam,2024,5,0.128257375,1.294255143,0.016074255,-0.144034682,41.33383971,31.2555256,18.26753326,93.18878126,2.391265029,,,,0.231856069,33.13400136,6.687992527
Almatti_Dam,2024,10,0.172142132,1.41587364,-0.022653867,-0.150073505,32.29523861,25.02462148,21.18139083,115.1118538,0.760768324,,,,0.443485568,33.13400136,6.687992527
Almatti_Dam,2024,11,0.153545132,1.362795793,-0.002813264,-0.150797007,27.04363818,23.78430672,15.80053035,5.859160244,2.76843946,,,,0.275784853,33.13400136,6.687992527
Almatti_Dam,2024,12,0.133718858,1.308719311,0.002032444,-0.135714418,30.03034588,23.91484559,16.4229164,5.840498328,2.440267325,,,,0.219991725,33.13400136,6.687992527
Almatti_Dam,2025,1,0.113591888,1.256297041,0.004654933,-0.118184329,30.73601276,23.70166273,11.97983929,1.308965787,3.087301223,,,,0.191233215,33.13400136,6.687992527
Almatti_Dam,2025,2,0.1104243,1.248262851,0.008099022,-0.118417417,32.96032681,27.06266004,10.4689891,2.647482187,2.525235456,,,,0.188838391,33.13400136,6.687992527
Almatti_Dam,2025,3,0.119269988,1.270843473,0.00402311,-0.123233966,34.32411101,29.75516909,11.03274984,4.338843107,1.346452989,,,,0.188845522,33.13400136,6.687992527
Almatti_Dam,2025,4,0.143801744,1.335907583,0.004037783,-0.147753734,34.45448346,31.09322232,15.77181206,31.5073483,0.953577069,,,,0.200924789,33.13400136,6.687992527
Almatti_Dam,2025,5,0.150706833,1.354899435,0.010984757,-0.161424355,41.47065789,27.72106504,19.27205562,212.1918406,3.305826351,,,,0.354272576,33.13400136,6.687992527
Almatti_Dam,2025,6,0.185190051,1.454560113,-0.011122986,-0.17442636,28.27393825,25.60442363,21.19893034,20.01565564,5.374990712,,,,0.410272386,33.13400136,6.687992527
Almatti_Dam,2025,11,0.156858845,1.37208205,-0.020817054,-0.136487468,28.73821221,23.75883668,14.62505938,7.862891436,1.729299778,,,,0.253682624,33.13400136,6.687992527
Almatti_Dam,2025,12,0.144923124,1.338970981,-0.013986562,-0.131202507,28.69898403,22.27762479,10.31816879,3.611095041,2.873949689,,,,0.191257169,33.13400136,6.687992527
Almatti_Dam,2026,1,0.118803266,1.269640732,-0.021052658,-0.097995708,27.46412206,23.48129995,11.327986,1.793705463,2.986723491,,,,0.190075885,33.13400136,6.687992527
Almatti_Dam,2026,2,0.118678606,1.269319698,-0.01061478,-0.108200131,28.93794208,25.45949425,10.31000921,3.711498916,2.692738423,,,,0.188916388,33.13400136,6.687992527
Almatti_Dam,2026,3,0.120979986,1.27526105,0.006130581,-0.127016361,35.05102887,29.21124336,11.75824603,6.542879999,1.034189585,,,,0.194886095,33.13400136,6.687992527
Almatti_Dam,2026,4,0.137999994,1.320185599,0.010329326,-0.148118186,40.1162966,32.23055138,14.0771826,37.3208636,1.034757465,,,,0.192805629,33.13400136,6.687992527
Almatti_Dam,2026,5,0.143607935,1.335378949,0.011097239,-0.154459021,36.92842806,,,,,,,,,33.13400136,6.687992527
Amaravathi_Dam,2016,1,0.279559246,1.776078379,-0.002900079,-0.276883649,33.43124387,22.77987557,16.79318997,7.369663469,1.249825222,,,,0.270896686,30.45150787,6.76060935
Amaravathi_Dam,2016,3,0.219304931,1.561819691,0.024808355,-0.242792352,41.63158413,28.78525437,18.2740784,15.08231601,0.768524512,,,,0.21142008,30.45150787,6.76060935
Amaravathi_Dam,2016,4,0.219032601,1.560926363,0.032630683,-0.249877364,48.70271823,30.14621044,20.80350359,35.7272305,0.547884472,,,,0.217669317,30.45150787,6.76060935
Amaravathi_Dam,2016,12,0.284560708,1.795485267,-0.006282133,-0.278776931,31.48229692,23.57579593,17.94884248,56.81303628,0.706260003,,,,0.357815055,30.45150787,6.76060935
Amaravathi_Dam,2017,1,0.241930674,1.638281133,0.011506199,-0.252733338,35.31916346,23.43176406,16.27477458,19.3802567,1.370333486,,,,0.282580694,30.45150787,6.76060935
Amaravathi_Dam,2017,2,0.231111041,1.601155833,0.012994197,-0.24337436,36.08240583,24.83306574,12.88230933,4.438756386,1.221293946,,,,0.244114399,30.45150787,6.76060935
Amaravathi_Dam,2017,3,0.201951521,1.506113415,0.022152032,-0.22310546,44.67443088,26.95892384,19.18564194,60.55373883,0.468366105,,,,0.347124551,30.45150787,6.76060935
Amaravathi_Dam,2017,4,0.184242054,1.451707654,0.029307817,-0.212402952,46.19015511,29.15778306,20.35821783,37.05779817,0.807228292,,,,0.253307894,30.45150787,6.76060935
Amaravathi_Dam,2017,5,0.225140571,1.581113329,0.0189973,-0.243098125,31.43242939,27.33622753,22.29237935,150.7283353,1.589951285,,,,0.410845213,30.45150787,6.76060935
Amaravathi_Dam,2017,10,0.294466365,1.834733739,-0.02392301,-0.272462725,-46.00159885,24.82487991,21.33586819,136.8330785,0.765742816,,,,0.43413517,30.45150787,6.76060935
Amaravathi_Dam,2017,11,0.318624972,1.935241121,-0.012461337,-0.307384102,34.80138329,23.92999691,20.17404094,123.8451256,0.930171262,,,,0.410353004,30.45150787,6.76060935
Amaravathi_Dam,2017,12,0.175096852,1.424527056,-0.008484777,-0.166859972,28.20483198,22.60294925,18.29792376,41.5796556,1.089193687,,,,0.374305253,30.45150787,6.76060935
Amaravathi_Dam,2018,1,0.202547145,1.507985252,0.015016352,-0.216903779,26.52781147,23.42370422,15.82193673,7.981013559,1.073661424,,,,0.262382897,30.45150787,6.76060935
Amaravathi_Dam,2018,2,0.207350934,1.523184707,0.024692486,-0.230861408,41.24945458,24.63178435,14.74552988,9.686945125,1.306943369,,,,0.251596178,30.45150787,6.76060935
Amaravathi_Dam,2018,11,0.312081784,1.907322342,-0.011711585,-0.301472071,33.91467882,23.66839487,20.0901716,111.7774723,0.889290685,,,,0.422150654,30.45150787,6.76060935
Amaravathi_Dam,2018,12,0.309840886,1.897882474,-0.013662577,-0.297437429,30.90996519,23.55313197,18.88826213,28.77856848,1.009885139,,,,0.385166414,30.45150787,6.76060935
Amaravathi_Dam,2019,1,0.2420644,1.638746617,0.01129356,-0.252667226,34.66177365,22.55556323,13.58006913,8.426547501,1.236630348,,,,0.261732881,30.45150787,6.76060935
Amaravathi_Dam,2019,2,0.206550723,1.520640019,0.040870114,-0.245349656,43.258171,26.21065111,17.40133683,6.772262322,1.158920329,,,,0.241068431,30.45150787,6.76060935
Amaravathi_Dam,2019,3,0.196576957,1.489348567,0.040432118,-0.235140176,46.18909831,29.05002946,16.52725992,10.37554374,0.755902112,,,,0.21679587,30.45150787,6.76060935
Amaravathi_Dam,2019,4,0.183960329,1.450861241,0.042460403,-0.224665861,42.9141537,29.6285145,19.57172142,94.38151801,0.536227911,,,,0.261528736,30.45150787,6.76060935
Amaravathi_Dam,2019,6,0.221988945,1.570657561,0.0149637,-0.236168147,27.49093229,26.2895074,21.64893523,86.4512396,2.466371884,,,,0.377630043,30.45150787,6.76060935
Amaravathi_Dam,2019,9,0.229756265,1.596580677,0.026628841,-0.254826044,46.49039448,24.85979917,21.37079637,171.1672421,1.630546613,,,,0.4302479,30.45150787,6.76060935
Amaravathi_Dam,2019,12,0.306546173,1.884114157,-0.010249013,-0.297230999,32.25762025,22.2383121,19.47682779,39.92550738,1.570507473,,,,0.407228019,30.45150787,6.76060935
Amaravathi_Dam,2020,1,0.253260986,1.678311917,0.006818862,-0.259631477,35.46012153,24.32046743,16.72301933,12.38785185,1.224694329,,,,0.258642258,30.45150787,6.76060935
Amaravathi_Dam,2020,2,0.175851584,1.42674737,0.023637712,-0.198663506,37.27342482,25.49073339,16.42084447,4.807037544,1.5546163,,,,0.205781652,30.45150787,6.76060935
Amaravathi_Dam,2020,3,0.181926873,1.444769218,0.038314702,-0.218717014,43.51708903,28.14873169,18.86145988,20.50536373,0.823685967,,,,0.261689935,30.45150787,6.76060935
Amaravathi_Dam,2020,4,0.18708855,1.460292569,0.03347332,-0.219189203,43.82016782,28.79041826,20.17582832,77.41200754,0.48936825,,,,0.29504261,30.45150787,6.76060935
Amaravathi_Dam,2020,7,0.230569265,1.599324292,0.016304512,-0.245949175,42.28851186,24.813987,21.47662797,193.0740447,1.966850427,,,,0.439358701,30.45150787,6.76060935
Amaravathi_Dam,2020,10,0.199160505,1.497379329,0.026234537,-0.224223501,19.70365666,24.96127201,20.36214218,117.8388647,1.603096442,,,,0.40125894,30.45150787,6.76060935
Amaravathi_Dam,2020,12,0.311538527,1.905028209,-0.020983236,-0.292467174,31.11306003,21.64416019,18.57600108,114.8266821,1.132487208,,,,0.414097694,30.45150787,6.76060935
Amaravathi_Dam,2021,1,0.266150955,1.725356138,-0.013292549,-0.253756151,29.59011697,21.9171801,18.77381494,66.88044696,1.274207134,,,,0.406055307,30.45150787,6.76060935
Amaravathi_Dam,2021,2,0.254209739,1.681719119,0.002714844,-0.256747392,33.66223811,23.60135919,15.67686224,5.128328208,1.072222567,,,,0.270551205,30.45150787,6.76060935
Amaravathi_Dam,2021,3,0.191749952,1.474481757,0.012828971,-0.204076903,34.62207087,27.72664325,15.75455584,35.52791385,0.965198407,,,,0.196304403,30.45150787,6.76060935
Amaravathi_Dam,2022,1,0.268836507,1.735366331,-0.006619665,-0.262684317,27.55982448,23.53977532,18.28555249,19.91466229,0.892985124,,,,0.291007032,30.45150787,6.76060935
Amaravathi_Dam,2022,2,0.235325127,1.615490675,-0.00012668,-0.235205459,36.54881933,24.71826906,16.96822953,5.164489431,1.146781263,,,,0.230161962,30.45150787,6.76060935
Amaravathi_Dam,2022,3,0.210335936,1.532722574,0.0248201,-0.233934766,42.43644782,27.89413078,16.73470262,27.30369566,0.64001283,,,,0.22531292,30.45150787,6.76060935
Amaravathi_Dam,2022,10,0.295461359,1.838737132,-0.002281973,-0.293377192,42.61194992,24.01507522,20.70633692,144.3939441,0.656218265,,,,0.408743561,30.45150787,6.76060935
Amaravathi_Dam,2023,1,0.274193954,1.755557097,-0.00292735,-0.271484514,32.62291018,21.90235682,15.10302631,11.89713254,1.267316879,,,,0.280101715,30.45150787,6.76060935
Amaravathi_Dam,2023,2,0.217294286,1.555238788,0.011328883,-0.228061749,36.48001886,24.80179864,12.49038901,10.35718032,1.227200704,,,,0.243632725,30.45150787,6.76060935
Amaravathi_Dam,2023,3,0.181420187,1.443255953,0.017758956,-0.198539483,36.3117395,26.58937361,17.98016641,39.61307696,0.694821668,,,,0.287128674,30.45150787,6.76060935
Amaravathi_Dam,2023,5,0.281522167,1.783662776,-0.000726545,-0.280853067,45.51879043,26.56232041,22.1058065,118.2055328,1.282484556,,,,0.421001352,30.45150787,6.76060935
Amaravathi_Dam,2023,8,0.204914745,1.515453516,0.03129303,-0.234702766,49.99606795,25.92846244,20.7521904,139.1648737,2.102822553,,,,0.374281955,30.45150787,6.76060935
Amaravathi_Dam,2024,1,0.294757144,1.835902532,-0.017224465,-0.278948913,31.56527746,22.86018151,18.81225351,27.07859432,1.205135185,,,,0.364549719,30.45150787,6.76060935
Amaravathi_Dam,2024,2,0.25085819,1.669721503,0.005529123,-0.25603219,36.79932594,25.5015652,17.98402373,3.175697835,1.353431082,,,,0.245394235,30.45150787,6.76060935
Amaravathi_Dam,2024,3,0.203780807,1.511871126,0.018596086,-0.221537371,38.12660249,28.61772944,16.87779825,5.557315264,0.836744724,,,,0.194173587,30.45150787,6.76060935
Amaravathi_Dam,2024,4,0.212848535,1.540807061,0.038070553,-0.248902169,48.21409538,30.21253465,19.75026624,16.65251893,0.638944558,,,,0.203103765,30.45150787,6.76060935
Amaravathi_Dam,2024,9,0.272233288,1.748133389,0.01270332,-0.283954617,46.29323197,25.31460955,20.64663684,35.59113254,2.226728157,,,,0.367958789,30.45150787,6.76060935
Amaravathi_Dam,2024,12,0.304419211,1.87529505,-0.01448711,-0.29121641,34.07715869,23.13359296,19.61325158,97.01552675,0.580196566,,,,0.396856821,30.45150787,6.76060935
Amaravathi_Dam,2025,1,0.147306888,1.345509741,-0.011885871,-0.135658538,25.1089496,21.57392993,16.91131453,13.91743319,1.42397127,,,,0.347835028,30.45150787,6.76060935
Amaravathi_Dam,2025,2,0.238083657,1.624960102,0.0068195,-0.244506174,36.77272039,25.54262016,14.08794081,3.471836224,1.402137892,,,,0.215424197,30.45150787,6.76060935
Amaravathi_Dam,2025,3,0.231051198,1.600953397,0.008895983,-0.239454999,37.13564813,27.09729411,18.34091306,47.71233546,0.785075525,,,,0.293301367,30.45150787,6.76060935
Amaravathi_Dam,2025,4,0.222170694,1.571258224,0.006655943,-0.228488758,43.12529637,27.2532782,21.31590657,99.58816525,0.756699082,,,,0.364670944,30.45150787,6.76060935
Amaravathi_Dam,2025,12,0.297310923,1.846209035,-0.012844626,-0.285556795,32.25331331,21.4629144,16.98285608,30.68006659,1.098671806,,,,0.382788525,30.45150787,6.76060935
Amaravathi_Dam,2026,1,0.15872251,1.377336875,-0.005113237,-0.153734041,18.92584777,21.91983952,16.03573917,23.99309614,1.280427344,,,,0.283678814,30.45150787,6.76060935
Amaravathi_Dam,2026,2,0.231151037,1.601291147,0.004927604,-0.235810049,33.84755816,24.09669547,16.30261524,10.93244847,1.102114608,,,,0.230137008,30.45150787,6.76060935
Amaravathi_Dam,2026,3,0.212482052,1.53962466,0.009723421,-0.221747331,39.70458403,27.71057394,16.90958434,36.82249618,0.815504726,,,,0.230533108,30.45150787,6.76060935
Amaravathi_Dam,2026,4,0.210405734,1.532946458,0.022463552,-0.231773816,41.28159609,28.85112972,19.44282116,63.45351803,0.510125897,,,,0.249317487,30.45150787,6.76060935
Banasura_Sagar,2016,1,0.031941175,1.065990154,0.001907686,-0.033846799,20.80518565,21.97655578,15.80130174,18.2288351,0.388396854,,,,0.298891929,31.2837804,5.440611682
Banasura_Sagar,2016,2,0.100524591,1.223518264,-0.022815619,-0.077887609,27.6151595,23.53927004,17.53464106,20.8366274,0.059659952,,,,0.285376647,31.2837804,5.440611682
Banasura_Sagar,2016,3,0.097979344,1.217244124,-0.008876818,-0.08918009,33.05272997,25.09274818,20.29744764,23.355152,0.479147773,,,,0.315890199,31.2837804,5.440611682
Banasura_Sagar,2016,4,0.108437319,1.243252262,0.010219129,-0.118525106,38.45675291,25.32599559,22.16521962,18.02632835,0.635806464,,,,0.398062515,31.2837804,5.440611682
Banasura_Sagar,2016,11,0.121757744,1.277275986,-0.025912408,-0.096148688,22.65122053,22.11649066,19.00676732,21.22742319,0.069525367,,,,0.422777621,31.2837804,5.440611682
Banasura_Sagar,2016,12,0.100737866,1.224045607,-0.019959199,-0.080941411,23.07985503,21.4081317,17.18889309,46.88358499,0.358965293,,,,0.378980165,31.2837804,5.440611682
Banasura_Sagar,2017,1,0.136242494,1.315464684,-0.015129584,-0.121363075,24.21947557,21.33245658,15.56545681,25.20846238,0.399376987,,,,0.309945978,31.2837804,5.440611682
Banasura_Sagar,2017,2,0.095125262,1.210250674,-0.017916265,-0.077340808,26.25893281,23.02922983,15.7018429,15.26090954,0.170184589,,,,0.298766091,31.2837804,5.440611682
Banasura_Sagar,2017,3,0.132505045,1.305488913,-0.025903169,-0.106969026,28.53754117,23.35799401,18.88829179,34.78027991,0.280870505,,,,0.394246583,31.2837804,5.440611682
Banasura_Sagar,2017,4,0.122636563,1.279557042,0.00150665,-0.12412028,32.65666397,24.13578599,22.14911681,61.0975473,0.609150668,,,,0.462093798,31.2837804,5.440611682
Banasura_Sagar,2017,5,0.130656046,1.300585391,0.000229582,-0.130881702,37.91835523,23.5753252,21.89922893,211.3588862,0.564452537,,,,0.472694335,31.2837804,5.440611682
Banasura_Sagar,2017,9,0.138407054,1.32128177,-0.033899119,-0.105000584,25.68767766,21.73284717,20.46843241,342.7489781,0.586926602,,,,0.467947663,31.2837804,5.440611682
Banasura_Sagar,2017,10,0.119458006,1.271328355,-0.027873553,-0.091890422,26.34953189,21.74868441,19.94834876,287.6763924,0.304476087,,,,0.466968926,31.2837804,5.440611682
Banasura_Sagar,2017,11,0.105337829,1.235480683,-0.035130944,-0.070467659,23.69756254,22.00973596,19.23674439,72.1949866,0.493083887,,,,0.447962273,31.2837804,5.440611682
Banasura_Sagar,2017,12,0.094518123,1.208768668,-0.012798029,-0.081819065,24.73586114,21.20743094,16.62045453,32.33787585,0.669225193,,,,0.388026637,31.2837804,5.440611682
Banasura_Sagar,2018,1,0.027446241,1.056441592,0.004489002,-0.031931309,13.81203161,21.4296161,15.26398089,11.3605488,0.307407761,,,,0.285424612,31.2837804,5.440611682
Banasura_Sagar,2018,3,0.088995786,1.195379527,-0.008557239,-0.080499852,28.88160236,23.86062367,18.80822712,35.85527449,0.107985162,,,,0.369808423,31.2837804,5.440611682
Banasura_Sagar,2018,4,0.14209274,1.331254312,-0.006108851,-0.136102028,29.55304451,23.95540977,21.89799671,98.36188209,0.326221234,,,,0.469759178,31.2837804,5.440611682
Banasura_Sagar,2018,9,0.110379462,1.248149536,-0.026243221,-0.084380668,23.44075665,21.94958577,19.49490721,147.8204934,0.579443326,,,,0.441777123,31.2837804,5.440611682
Banasura_Sagar,2018,10,0.12096665,1.275226531,-0.024172932,-0.097077584,26.36200759,22.01707865,19.67742258,288.3720855,0.206031329,,,,0.45842667,31.2837804,5.440611682
Banasura_Sagar,2018,11,0.109969156,1.247113134,-0.020557723,-0.089614024,26.92227093,22.24677215,19.21238297,49.03509407,0.39876599,,,,0.447529729,31.2837804,5.440611682
Banasura_Sagar,2018,12,0.142083273,1.331228588,-0.044870173,-0.09783684,26.49838697,21.61059428,18.48187037,47.3120096,0.283750891,,,,0.419874396,31.2837804,5.440611682
Banasura_Sagar,2019,1,0.0915282,1.201499264,-0.008134218,-0.083456115,26.65630315,20.82109635,13.44378091,11.10846432,0.569381559,,,,0.297897729,31.2837804,5.440611682
Banasura_Sagar,2019,2,0.093362665,1.205953717,-0.009502062,-0.083935064,30.28839969,23.10585374,16.51866675,15.84173385,0.11906917,,,,0.308642001,31.2837804,5.440611682
Banasura_Sagar,2019,3,0.107128088,1.239962947,-0.002083478,-0.105068061,33.01127352,24.17003639,19.18038334,14.57603397,0.363797637,,,,0.306113315,31.2837804,5.440611682
Banasura_Sagar,2019,4,0.109104191,1.244931427,0.004062457,-0.113116511,34.65121728,24.36007917,22.05104271,72.61354007,0.398979063,,,,0.445352152,31.2837804,5.440611682
Banasura_Sagar,2019,9,0.078942755,1.171417695,-0.006325546,-0.072653489,20.83054121,21.47190041,20.32746141,214.0002307,0.664289938,,,,0.478574986,31.2837804,5.440611682
Banasura_Sagar,2019,10,0.116516083,1.263765034,-0.029088449,-0.087724957,31.60778241,21.48440538,20.25224248,370.5136583,0.203214719,,,,0.471264665,31.2837804,5.440611682
Banasura_Sagar,2019,11,0.042511285,1.088797465,0.001536613,-0.044045021,17.96492983,22.2737872,19.66866258,124.3770047,0.610797628,,,,0.459709464,31.2837804,5.440611682
Banasura_Sagar,2019,12,0.065148263,1.139376674,0.007371686,-0.072485138,17.32730509,22.17607725,18.42304073,94.85462066,0.833023812,,,,0.392501995,31.2837804,5.440611682
Banasura_Sagar,2020,2,0.092777949,1.204531954,-0.016620752,-0.076274816,27.70711632,23.42621292,16.47681441,19.02088827,0.161772085,,,,0.272458899,31.2837804,5.440611682
Banasura_Sagar,2020,3,0.103841098,1.231747065,-0.008100999,-0.095820704,31.75200456,24.28716993,19.52866996,18.36473842,0.38666859,,,,0.330320235,31.2837804,5.440611682
Banasura_Sagar,2020,11,0.133338926,1.307707198,-0.047955447,-0.085932962,27.48748025,22.02114781,18.97167083,94.21347811,0.660550257,,,,0.446671931,31.2837804,5.440611682
Banasura_Sagar,2020,12,0.112010903,1.252279906,-0.020433897,-0.09178709,24.31050537,21.75228036,17.69196525,54.2452419,0.792625242,,,,0.399370952,31.2837804,5.440611682
Banasura_Sagar,2021,1,0.104215464,1.232679756,-0.017595471,-0.086779121,25.48844708,21.59661296,18.50897486,109.3407807,0.522298622,,,,0.436581581,31.2837804,5.440611682
Banasura_Sagar,2021,2,0.03948904,1.082225068,0.015059401,-0.054516021,18.8018442,22.02086544,16.72473996,37.58476658,0.342880735,,,,0.327537491,31.2837804,5.440611682
Banasura_Sagar,2021,3,0.097560861,1.216215934,-0.005649567,-0.091961981,31.13248333,23.95207168,19.21979337,42.77444545,0.229857236,,,,0.348251876,31.2837804,5.440611682
Banasura_Sagar,2021,4,0.119626005,1.271761786,-0.001504322,-0.118142943,30.08371388,23.48434075,21.29004089,73.79549861,0.343720224,,,,0.439522934,31.2837804,5.440611682
Banasura_Sagar,2021,6,0.164161179,1.392805824,-0.010844518,-0.153590089,30.16406979,21.58332221,20.27871295,344.5998626,0.833064777,,,,0.476466221,31.2837804,5.440611682
Banasura_Sagar,2021,9,0.142987708,1.333688816,-0.034830007,-0.108699051,24.2735142,21.41365147,20.15681006,162.5820473,0.866120031,,,,0.478033977,31.2837804,5.440611682
Banasura_Sagar,2021,12,0.106627673,1.23870825,-0.027117631,-0.079740611,24.96188687,21.70308526,17.37778494,37.75434728,0.607983087,,,,0.378361507,31.2837804,5.440611682
Banasura_Sagar,2022,1,0.096743752,1.214211088,-0.016779607,-0.080094163,26.68010698,21.8350831,15.41266838,21.87443061,0.233545808,,,,0.278644234,31.2837804,5.440611682
Banasura_Sagar,2022,2,0.094824337,1.209515878,-0.014761658,-0.080174905,27.79081713,22.72413425,16.12295946,20.02536605,0.099258919,,,,0.274571896,31.2837804,5.440611682
Banasura_Sagar,2022,3,0.102777192,1.229100713,-0.01099493,-0.091886096,29.90253104,23.90307735,17.88746377,71.29212748,0.154894834,,,,0.335233934,31.2837804,5.440611682
Banasura_Sagar,2022,9,0.135273831,1.312870908,-0.033230644,-0.102503967,22.59939603,21.57050029,19.78744318,181.2527358,0.787661791,,,,0.460755878,31.2837804,5.440611682
Banasura_Sagar,2022,12,0.106592008,1.238618882,-0.016959651,-0.089794685,25.0700551,21.08803087,17.0625256,106.2452998,0.748508589,,,,0.411484708,31.2837804,5.440611682
Banasura_Sagar,2023,1,0.097366138,1.215737835,-0.015871431,-0.081620838,25.68358401,21.16950179,14.09353107,14.1129149,0.541436317,,,,0.307749882,31.2837804,5.440611682
Banasura_Sagar,2023,2,0.094012737,1.207536553,-0.00609691,-0.087966248,28.00156903,23.09601716,13.71839892,16.73929359,0.39629438,,,,0.281893594,31.2837804,5.440611682
Banasura_Sagar,2023,3,0.107705629,1.241412772,-0.005364118,-0.102400672,31.25407342,23.72598735,14.77795235,20.23990662,0.061908329,,,,0.298005381,31.2837804,5.440611682
Banasura_Sagar,2023,4,0.102313822,1.227950088,0.003365088,-0.105642538,36.32317176,24.32303636,20.23939508,21.7893051,0.380739472,,,,0.381666501,31.2837804,5.440611682
Banasura_Sagar,2023,6,0.132199754,1.304677845,0.002174524,-0.13433566,32.55395157,22.33873478,21.15219254,558.1966139,0.707724928,,,,0.47698964,31.2837804,5.440611682
Banasura_Sagar,2023,12,0.112493455,1.253504507,-0.02123692,-0.09147507,24.13414796,22.47662225,19.07522711,72.98031129,0.523725857,,,,0.430412169,31.2837804,5.440611682
Banasura_Sagar,2024,1,0.118228971,1.268162521,-0.022854541,-0.095632837,23.33606259,21.97304536,18.50301659,101.2328435,0.296438326,,,,0.403627929,31.2837804,5.440611682
Banasura_Sagar,2024,2,0.104268756,1.23281259,-0.017806538,-0.086623047,28.3027049,23.52728696,16.9545641,15.33701747,0.207337753,,,,0.280461914,31.2837804,5.440611682
Banasura_Sagar,2024,3,0.110971509,1.249646686,-0.014417974,-0.096708266,29.4373016,24.43167066,19.46509034,8.845445193,0.286640987,,,,0.293292343,31.2837804,5.440611682
Banasura_Sagar,2024,4,0.108443141,1.24326691,-0.004255114,-0.104236125,34.72933717,25.74998853,21.16964016,25.06523515,0.482436283,,,,0.335168457,31.2837804,5.440611682
Banasura_Sagar,2024,10,0.149094905,1.350438387,-0.044129791,-0.105660309,27.6902573,21.82967125,20.25644701,270.7913715,0.242829328,,,,0.47012768,31.2837804,5.440611682
Banasura_Sagar,2024,11,0.106678794,1.238836364,-0.019537133,-0.087323662,23.17113225,22.06234491,19.16405303,80.27739246,0.644394361,,,,0.441041289,31.2837804,5.440611682
Banasura_Sagar,2024,12,0.123450017,1.28167251,-0.012954162,-0.110672842,24.08188315,21.58728237,18.76011923,79.14448126,0.458578677,,,,0.424176514,31.2837804,5.440611682
Banasura_Sagar,2025,1,0.105184799,1.235098373,-0.014376551,-0.090945776,29.69675527,21.90151414,15.12258805,15.64516985,0.749943172,,,,0.299814347,31.2837804,5.440611682
Banasura_Sagar,2025,2,0.101717873,1.226471996,-0.017094879,-0.084770398,27.02439168,23.48360498,14.95526201,15.1094131,0.240590471,,,,0.27183862,31.2837804,5.440611682
Banasura_Sagar,2025,4,0.14358662,1.335320823,-0.004922986,-0.138761721,33.04564666,23.49775249,21.49383625,146.8960587,0.315936382,,,,0.466552205,31.2837804,5.440611682
Banasura_Sagar,2025,5,0.136904194,1.317239855,0.004714648,-0.141527493,26.78607647,22.68274808,21.22690798,446.6986824,0.833044243,,,,0.466070913,31.2837804,5.440611682
Banasura_Sagar,2025,12,0.113801674,1.256831164,-0.017435299,-0.096557962,23.95624018,20.78032609,14.89983514,38.23845318,0.726551848,,,,0.337041978,31.2837804,5.440611682
Banasura_Sagar,2026,1,0.10502314,1.234694648,-0.020380844,-0.084823857,26.14736839,21.29179432,15.24519607,33.29772143,0.544175667,,,,0.301803732,31.2837804,5.440611682
Banasura_Sagar,2026,2,0.106663332,1.238797613,-0.0273355,-0.079559804,25.73061506,22.39441915,16.31732762,52.08349316,0.204973705,,,,0.30326539,31.2837804,5.440611682
Banasura_Sagar,2026,3,0.124336428,1.283982186,-0.025734986,-0.098917959,29.79396019,23.40778444,19.27085471,66.63663283,0.234268224,,,,0.368044146,31.2837804,5.440611682
Banasura_Sagar,2026,4,0.114749662,1.259247938,0.005047742,-0.119728055,33.8675836,24.52097293,21.24417479,50.74770627,0.516251013,,,,0.40859979,31.2837804,5.440611682
Bhadra_Dam,2016,1,0.010138468,1.020484619,-0.022441333,0.012305664,24.71911484,22.91311072,12.83717728,3.843901537,1.282167218,,,,0.278142006,33.82142857,5.639285714
Bhadra_Dam,2016,2,0.009245177,1.018662896,-0.030635603,0.021396486,28.07018755,25.57346657,14.84906051,3.057345452,0.596446121,,,,0.260586158,33.82142857,5.639285714
Bhadra_Dam,2016,3,0.021063953,1.04303438,-0.032401222,0.011345011,28.74404427,27.78317524,16.94298171,4.265983993,0.373484693,,,,0.256586834,33.82142857,5.639285714
Bhadra_Dam,2016,4,0.013930798,1.028255214,-0.0266705,0.012744437,33.56751959,28.60314674,19.1315662,11.31729212,1.154880259,,,,0.260856925,33.82142857,5.639285714
Bhadra_Dam,2016,5,0.062420915,1.133153387,-0.024906337,-0.037572992,26.44300132,26.31662724,21.09337184,150.1193839,1.833275159,,,,0.366487647,33.82142857,5.639285714
Bhadra_Dam,2016,10,0.038065935,1.079144582,-0.034721061,-0.003349301,28.46402277,23.04702257,18.35409059,58.00162317,0.725535348,,,,0.415788548,33.82142857,5.639285714
Bhadra_Dam,2016,11,0.028221744,1.058082683,-0.027042426,-0.001180218,26.99864871,23.76745095,14.47340957,23.68710867,1.051050102,,,,0.30749499,33.82142857,5.639285714
Bhadra_Dam,2016,12,0.024064695,1.049316168,-0.023924714,-0.000140061,24.07089857,22.81223956,13.39512891,5.939308269,1.480900654,,,,0.317581423,33.82142857,5.639285714
Bhadra_Dam,2017,1,0.013408836,1.027182153,-0.023720733,0.010315177,25.59873777,23.34622033,12.56198109,3.703582044,1.302135637,,,,0.271358757,33.82142857,5.639285714
Bhadra_Dam,2017,2,0.003675749,1.007378621,-0.02907835,0.025405316,26.46762358,25.16593986,10.82419223,2.59936973,1.23112646,,,,0.263290814,33.82142857,5.639285714
Bhadra_Dam,2017,3,0.001708559,1.003422967,-0.024683595,0.022976005,29.42394869,26.72183967,14.56838881,8.085626412,0.443548959,,,,0.264442587,33.82142857,5.639285714
Bhadra_Dam,2017,4,0.011338801,1.022937689,-0.019658176,0.008321229,31.68284247,27.58075127,18.99446458,28.97665915,1.374427729,,,,0.269728343,33.82142857,5.639285714
Bhadra_Dam,2017,5,0.013268197,1.026893218,-0.019186147,0.005919457,30.91773118,26.20046959,21.05569157,173.1891115,1.876939942,,,,0.371057962,33.82142857,5.639285714
Bhadra_Dam,2017,10,0.040737783,1.084935655,-0.041336615,0.000599843,30.00531821,23.17879981,19.698249,292.4966103,0.327345133,,,,0.445391583,33.82142857,5.639285714
Bhadra_Dam,2017,11,0.0778989,1.168959565,-0.026712549,-0.051293086,25.05201155,23.53882938,17.27257067,40.29416272,1.455447287,,,,0.341829512,33.82142857,5.639285714
Bhadra_Dam,2017,12,0.016651794,1.033867543,-0.021847947,0.005198044,25.14770156,22.73082906,13.93184933,8.139452608,1.556420591,,,,0.287862655,33.82142857,5.639285714
Bhadra_Dam,2018,1,0.015273408,1.031020606,-0.028449621,0.013181941,26.45396553,22.94199639,12.43999578,3.61419403,1.168957132,,,,0.258355253,33.82142857,5.639285714
Bhadra_Dam,2018,3,0.003877391,1.007784968,-0.022363941,0.018488152,25.9577375,26.04572689,14.68531413,30.94661563,0.433648767,,,,0.306305403,33.82142857,5.639285714
Bhadra_Dam,2018,4,0.011699404,1.0236758,-0.021131055,0.009433984,32.24388274,27.21709054,19.60072837,53.44821289,0.667917912,,,,0.320337062,33.82142857,5.639285714
Bhadra_Dam,2018,5,0.057106105,1.121129441,-0.010075998,-0.047057184,14.84982847,25.95880538,21.30523098,215.875261,1.233508873,,,,0.39739818,33.82142857,5.639285714
Bhadra_Dam,2018,9,0.004622092,1.009287109,-0.062369339,0.057763899,26.84830813,22.93562906,19.36546114,71.40673064,1.476051376,,,,0.424674479,33.82142857,5.639285714
Bhadra_Dam,2018,10,0.031169752,1.064345125,-0.032183484,0.00101475,27.76220654,23.68361931,18.91500029,122.5026744,0.575151196,,,,0.44422527,33.82142857,5.639285714
Bhadra_Dam,2018,11,0.02298072,1.04704251,-0.027955128,0.004977605,25.79978416,23.74813391,16.54140858,32.20286169,1.539891803,,,,0.349544334,33.82142857,5.639285714
Bhadra_Dam,2018,12,0.01945911,1.039690563,-0.034866753,0.015418104,27.40423029,23.55271982,15.68630008,9.987392048,1.002797804,,,,0.293707571,33.82142857,5.639285714
Bhadra_Dam,2019,1,0.013069647,1.02648545,-0.022934724,0.009868035,24.55835871,22.51675537,9.577769483,3.649877731,1.39116347,,,,0.261329261,33.82142857,5.639285714
Bhadra_Dam,2019,2,0.008332092,1.016804199,-0.026099047,0.017770819,27.38750225,25.10909442,13.33778761,1.969582056,0.73669256,,,,0.273155757,33.82142857,5.639285714
Bhadra_Dam,2019,3,0.007236917,1.014579344,-0.02449484,0.017260983,29.5064476,27.2581869,15.09693188,3.855328804,0.412045144,,,,0.256429959,33.82142857,5.639285714
Bhadra_Dam,2019,4,0.012177103,1.024654425,-0.025419767,0.013246765,31.60376953,27.91944332,19.09283415,27.72745432,0.829278482,,,,0.280925306,33.82142857,5.639285714
Bhadra_Dam,2019,5,0.034280037,1.070993741,-0.024760628,-0.009527495,29.56376107,26.97871845,20.28196637,99.19768572,1.78159221,,,,0.320577498,33.82142857,5.639285714
Bhadra_Dam,2019,10,0.041272187,1.086097819,-0.044656296,0.003390358,31.16832111,22.53830008,20.54011315,438.2781575,0.513169584,,,,0.480003521,33.82142857,5.639285714
Bhadra_Dam,2019,12,0.028091078,1.057805989,0.002587525,-0.030676374,15.85907389,22.58726256,17.54579358,19.57097172,2.01508343,,,,0.367012106,33.82142857,5.639285714
Bhadra_Dam,2020,1,0.016793352,1.03416037,-0.030203747,0.013417201,27.1859761,23.82378827,15.78512556,3.722073035,0.918261892,,,,0.295107995,33.82142857,5.639285714
Bhadra_Dam,2020,2,0.013468448,1.027304648,-0.030617181,0.017155807,24.87848791,25.06984056,13.30892704,1.934909557,1.093365542,,,,0.258537139,33.82142857,5.639285714
Bhadra_Dam,2020,3,0.009269372,1.018712194,-0.028292604,0.019028222,29.4652128,26.70833876,16.72415047,6.393712653,0.45223419,,,,0.262908648,33.82142857,5.639285714
Bhadra_Dam,2020,4,0.052633623,1.111115667,-0.043488737,-0.009165867,21.69703693,27.10955346,19.43319865,63.72034122,0.675697388,,,,0.333606444,33.82142857,5.639285714
Bhadra_Dam,2020,5,0.041885133,1.087432383,-0.027148415,-0.014753494,30.56414569,26.5171425,21.70523618,196.5224867,1.43248936,,,,0.378922965,33.82142857,5.639285714
Bhadra_Dam,2020,11,0.047757882,1.100306175,-0.047226574,-0.000532509,28.28101738,22.92894404,17.71235822,44.60912196,1.936371756,,,,0.37764367,33.82142857,5.639285714
Bhadra_Dam,2020,12,0.021699344,1.0443613,-0.024883332,0.003185707,25.23072858,22.67710867,15.13528525,8.52181669,2.14975663,,,,0.295364257,33.82142857,5.639285714
Bhadra_Dam,2021,1,0.018156734,1.036984995,-0.027682949,0.009531005,24.86981927,22.58411453,15.53039623,15.80981213,1.665265608,,,,0.363683701,33.82142857,5.639285714
Bhadra_Dam,2021,2,0.014594619,1.029621552,-0.024978148,0.010387316,25.49004507,22.7328667,13.7490494,3.210836395,1.177224277,,,,0.324773652,33.82142857,5.639285714
Bhadra_Dam,2021,3,0.005652498,1.011369261,-0.028815022,0.023166297,26.98710314,26.18107559,14.80025477,12.15214061,0.411967014,,,,0.280014448,33.82142857,5.639285714
Bhadra_Dam,2021,4,0.029779272,1.061386592,-0.034764185,0.004990079,30.62911267,26.5121538,19.25172708,110.96827,0.890942017,,,,0.340296046,33.82142857,5.639285714
Bhadra_Dam,2021,6,0.045839159,1.096082666,-0.029341709,-0.016519669,30.07264907,22.78411702,20.39774236,187.5920089,2.529270277,,,,0.475263723,33.82142857,5.639285714
Bhadra_Dam,2021,10,0.050526287,1.106430092,-0.032333208,-0.018222849,24.08360611,23.17448151,20.57017828,309.8270163,0.011470903,,,,0.470292758,33.82142857,5.639285714
Bhadra_Dam,2021,12,0.016655263,1.033874718,-0.03113619,0.014488441,25.74869861,21.77725676,15.74045453,24.33773478,1.636687366,,,,0.356177381,33.82142857,5.639285714
Bhadra_Dam,2022,1,0.031114627,1.064227674,-0.025530191,-0.005588875,25.00409949,22.74878858,14.25855002,3.68640014,0.532012005,,,,0.270932208,33.82142857,5.639285714
Bhadra_Dam,2022,2,0.04767173,1.100116171,-0.044251089,-0.003427871,14.09199909,24.44326789,11.98225599,1.791474733,0.971756423,,,,0.257743972,33.82142857,5.639285714
Bhadra_Dam,2022,3,0.009914148,1.020026845,-0.030167219,0.02025913,29.04855153,26.4448359,14.16129505,12.24113837,0.398318275,,,,0.265807777,33.82142857,5.639285714
Bhadra_Dam,2022,4,0.061482922,1.131021425,-0.033230548,-0.028310216,27.45616454,27.49542883,19.50307278,97.54603057,0.673447816,,,,0.304805734,33.82142857,5.639285714
Bhadra_Dam,2022,10,0.03418111,1.070781614,-0.045269432,0.011105506,30.8293193,22.58132133,19.04198565,143.1821735,0.161338984,,,,0.455646207,33.82142857,5.639285714
Bhadra_Dam,2022,11,0.058047567,1.123249466,-0.030533549,-0.02756287,21.21900715,22.42563167,16.96240491,21.56092794,1.487976764,,,,0.382635731,33.82142857,5.639285714
Bhadra_Dam,2023,1,0.01432453,1.029065409,-0.021759619,0.007437407,25.33613299,22.3765383,11.30125274,3.614215776,1.636684166,,,,0.284918221,33.82142857,5.639285714
Bhadra_Dam,2023,2,0.015880648,1.032273825,-0.02411665,0.008239158,24.61555026,24.70019836,9.304996177,1.790936831,1.654413607,,,,0.259435109,33.82142857,5.639285714
Bhadra_Dam,2023,3,0.012311992,1.024930933,-0.025782898,0.013475183,29.50907389,25.95457123,10.63161236,6.310693741,0.411105558,,,,0.261827366,33.82142857,5.639285714
Bhadra_Dam,2023,4,0.01533231,1.031142101,-0.034532021,0.019209881,30.39906215,27.67121887,16.50389161,11.29053383,0.444289309,,,,0.275442696,33.82142857,5.639285714
Bhadra_Dam,2023,5,0.032643717,1.067490578,-0.026866352,-0.005782436,31.06346679,26.07006991,20.45148338,108.3930003,1.521252606,,,,0.392476871,33.82142857,5.639285714
Bhadra_Dam,2023,6,0.049285924,1.103681906,-0.021791498,-0.027523986,30.66538387,24.44873098,20.82493288,103.2873238,2.600907571,,,,0.41089024,33.82142857,5.639285714
Bhadra_Dam,2023,8,0.05023719,1.105788917,-0.040408056,-0.009849127,28.69083438,23.14194635,20.07894244,62.93449539,2.407350279,,,,0.446781815,33.82142857,5.639285714
Bhadra_Dam,2023,10,0.030288441,1.06246897,-0.03101129,0.000723528,27.97426299,24.23604921,19.76036216,87.93340431,0.411813861,,,,0.443055143,33.82142857,5.639285714
Bhadra_Dam,2023,12,0.063414781,1.135417002,-0.032336483,-0.031142158,14.01273116,23.90414924,16.03810461,22.23500978,1.723125316,,,,0.312013052,33.82142857,5.639285714
Bhadra_Dam,2024,1,0.011725375,1.023728981,-0.024152971,0.012431117,25.99927826,23.77684555,15.90443628,12.55449957,0.967765203,,,,0.321078188,33.82142857,5.639285714
Bhadra_Dam,2024,2,0.045302773,1.094905006,-0.022053892,-0.023272132,16.90703515,25.77672852,12.70062698,1.791476757,0.935278176,,,,0.260233167,33.82142857,5.639285714
Bhadra_Dam,2024,3,0.009333496,1.018842862,-0.025123297,0.015793504,29.77977734,27.83568402,16.04599277,4.082432272,0.327880631,,,,0.256216829,33.82142857,5.639285714
Bhadra_Dam,2024,4,0.014554279,1.02953847,-0.028259907,0.013711267,31.47739366,28.93531297,19.30013332,80.19079812,0.57566167,,,,0.291623878,33.82142857,5.639285714
Bhadra_Dam,2024,5,0.035054916,1.07265681,-0.017209875,-0.017855813,27.87984064,26.36472471,21.6240442,211.252187,1.379758014,,,,0.384988005,33.82142857,5.639285714
Bhadra_Dam,2024,10,0.041738287,1.0871125,-0.051021812,0.009303337,29.51361483,23.2562348,20.80675836,314.8159194,0.223086377,,,,0.469006713,33.82142857,5.639285714
Bhadra_Dam,2024,11,0.052276361,1.110319841,-0.0418186,-0.010480673,21.18184737,22.58853306,17.71124812,26.4787458,1.621535447,,,,0.373931948,33.82142857,5.639285714
Bhadra_Dam,2024,12,0.020026001,1.040870475,-0.023843143,0.003818965,24.75419196,22.1798983,17.97207792,31.88593833,1.29735091,,,,0.40053062,33.82142857,5.639285714
Bhadra_Dam,2025,1,0.03730016,1.077490737,-0.029827281,-0.007481202,19.3331582,22.37712896,12.69125195,5.285154445,1.964291121,,,,0.289216606,33.82142857,5.639285714
Bhadra_Dam,2025,2,0.002225347,1.004460621,-0.028287189,0.026063482,26.87198903,25.28094792,10.18246102,1.794211322,1.560759955,,,,0.258562133,33.82142857,5.639285714
Bhadra_Dam,2025,3,0.005158009,1.010369504,-0.032624583,0.027471197,31.30288617,27.26602416,15.22799146,53.31623973,0.264974553,,,,0.25971546,33.82142857,5.639285714
Bhadra_Dam,2025,4,0.09349982,1.206287483,-0.020151582,-0.073486699,1.768281646,26.81861295,20.02374077,121.4783703,0.917826629,,,,0.334257804,33.82142857,5.639285714
Bhadra_Dam,2025,5,0.037663129,1.078274313,-0.031079567,-0.006591277,31.80554674,24.67283808,20.4982086,226.8594755,2.134046215,,,,0.396226616,33.82142857,5.639285714
Bhadra_Dam,2025,11,0.029563846,1.060928987,-0.034886442,0.005328091,26.20267976,22.24322525,16.95906275,39.510881,1.171930171,,,,0.367837058,33.82142857,5.639285714
Bhadra_Dam,2025,12,0.027244408,1.056014908,-0.024682431,-0.0025637,23.42413839,21.08561213,12.96714183,13.20656015,1.995340223,,,,0.297458956,33.82142857,5.639285714
Bhadra_Dam,2026,1,0.0108574,1.021953155,-0.024522099,0.013668338,24.47694742,22.46062938,12.37589006,3.654073041,1.765480124,,,,0.262950097,33.82142857,5.639285714
Bhadra_Dam,2026,2,0.011769938,1.023820238,-0.039301142,0.027543945,25.44568976,24.07497858,11.37900219,1.849218609,1.246112538,,,,0.256869475,33.82142857,5.639285714
Bhadra_Dam,2026,3,0.003049768,1.006118195,-0.035038697,0.031992348,28.78680599,26.01271503,16.21323227,63.61510846,0.152546947,,,,0.280273807,33.82142857,5.639285714
Bhadra_Dam,2026,4,0.019381736,1.039529625,-0.03374086,0.01436852,30.72992762,27.88520904,18.92192815,46.24726977,0.934620462,,,,0.27049959,33.82142857,5.639285714
Bhadra_Dam,2026,5,0.106335814,1.237977118,-0.026276012,-0.080284122,-1.077127765,,,,,,,,,33.82142857,5.639285714
Bhavanisagar_Dam,2016,1,0.163657495,1.391364767,-0.018228048,-0.145864584,29.81298252,23.4644065,16.91933192,5.799647536,0.402036016,,,,0.305818517,27.87370148,6.394190815
Bhavanisagar_Dam,2016,3,0.120205465,1.273258041,0.009351891,-0.129411879,39.33905399,28.78000929,17.22106838,6.835637026,0.675839217,,,,0.230228075,27.87370148,6.394190815
Bhavanisagar_Dam,2016,4,0.116994658,1.264991959,0.015720025,-0.132471048,40.69629321,30.96920577,19.00432824,15.62563491,0.564019172,,,,0.236012226,27.87370148,6.394190815
Bhavanisagar_Dam,2016,5,0.116068216,1.262618039,0.021233524,-0.136964186,45.6896732,29.0244828,21.55465849,173.7259947,0.208437871,,,,0.327300246,27.87370148,6.394190815
Bhavanisagar_Dam,2016,12,0.126814731,1.29046466,0.00237204,-0.129147922,34.21259045,23.85861053,17.59531635,37.10866315,0.089008257,,,,0.372079993,27.87370148,6.394190815
Bhavanisagar_Dam,2017,1,0.106850149,1.239265893,0.0097707,-0.116499223,34.19341244,23.88766386,16.02708473,11.89534154,0.347203925,,,,0.272661763,27.87370148,6.394190815
Bhavanisagar_Dam,2017,2,0.091720869,1.201966259,0.010386504,-0.102010192,34.31560044,25.49700617,13.18235234,4.897281635,0.433312105,,,,0.258174351,27.87370148,6.394190815
Bhavanisagar_Dam,2017,3,0.116435392,1.263558298,0.005376545,-0.121735728,36.43880721,27.99163343,17.29516133,42.94107382,0.582821591,,,,0.264650427,27.87370148,6.394190815
Bhavanisagar_Dam,2017,4,0.110641797,1.248812675,0.013275619,-0.123735668,12.3254629,30.36000203,18.44126634,28.97167244,0.116793879,,,,0.26280329,27.87370148,6.394190815
Bhavanisagar_Dam,2017,5,0.134974285,1.312069994,0.012916189,-0.147633097,37.47295568,29.49814264,21.01076182,146.8704648,0.314351669,,,,0.330373785,27.87370148,6.394190815
Bhavanisagar_Dam,2018,1,0.114389969,1.258330336,-0.002587354,-0.111835715,31.330044,23.72914514,15.92767587,5.693709111,0.316786388,,,,0.273669807,27.87370148,6.394190815
Bhavanisagar_Dam,2018,2,0.098975806,1.219696224,0.020110648,-0.118849888,37.64093773,25.14812724,14.3233032,4.471659439,0.351641231,,,,0.256231149,27.87370148,6.394190815
Bhavanisagar_Dam,2018,3,0.088199283,1.193461754,0.016601935,-0.104647984,22.74484332,27.65455848,15.52631295,42.9307557,0.335549874,,,,0.274779986,27.87370148,6.394190815
Bhavanisagar_Dam,2019,1,0.141302715,1.329109494,0.001357547,-0.142632901,31.04617679,22.96916107,13.94390954,6.154093456,0.302854176,,,,0.309908241,27.87370148,6.394190815
Bhavanisagar_Dam,2019,2,0.121025592,1.275379102,0.006415489,-0.127342207,34.44246309,25.90359196,16.66029738,4.138412207,0.391124438,,,,0.294308254,27.87370148,6.394190815
Bhavanisagar_Dam,2019,3,0.11726396,1.265682957,0.011134587,-0.128231118,38.05979227,28.59159899,15.77564281,7.542741537,0.598927425,,,,0.240017799,27.87370148,6.394190815
Bhavanisagar_Dam,2019,4,0.11425945,1.257997558,0.020843635,-0.13478209,41.34225893,30.02468421,17.79112246,42.91677248,0.510193806,,,,0.272238498,27.87370148,6.394190815
Bhavanisagar_Dam,2019,5,0.171254116,1.413284987,-0.007518808,-0.163946409,36.98507761,29.62195286,21.59778983,128.9680091,0.36780938,,,,0.339401614,27.87370148,6.394190815
Bhavanisagar_Dam,2019,12,0.200799183,1.502499943,-0.020929486,-0.180628812,30.26849483,22.91472602,19.55556183,31.24058614,0.348564102,,,,0.425816977,27.87370148,6.394190815
Bhavanisagar_Dam,2020,1,0.158684807,1.377230337,-0.014431018,-0.144584886,31.84526228,23.46622989,17.43434798,7.094579607,0.418514736,,,,0.329990613,27.87370148,6.394190815
Bhavanisagar_Dam,2020,2,0.125369025,1.286678676,-0.003135281,-0.122281809,32.15941092,24.67886198,16.44581417,4.156608654,0.54376429,,,,0.248509856,27.87370148,6.394190815
Bhavanisagar_Dam,2020,3,0.117363399,1.265938211,0.004397681,-0.121698269,38.42529947,27.66203604,17.21740904,14.21277416,0.607492116,,,,0.243226164,27.87370148,6.394190815
Bhavanisagar_Dam,2020,4,0.117260002,1.265672796,0.006630923,-0.123794669,38.43415668,29.15865557,18.3434824,70.31312085,0.404102516,,,,0.259756321,27.87370148,6.394190815
Bhavanisagar_Dam,2020,5,0.127269265,1.291657576,0.002606047,-0.129832251,33.70509476,30.02347703,20.40973939,76.53034071,0.112933692,,,,0.284647685,27.87370148,6.394190815
Bhavanisagar_Dam,2020,7,0.157153204,1.372910485,-0.002556759,-0.154658587,35.76783557,24.99956013,22.38656896,9.776404485,0.187395624,,,,0.463550014,27.87370148,6.394190815
Bhavanisagar_Dam,2020,12,0.178023659,1.433160057,-0.030302497,-0.148522376,29.52301952,22.47289685,18.84971685,51.37394444,0.092654827,,,,0.427374112,27.87370148,6.394190815
Bhavanisagar_Dam,2021,1,0.145563234,1.340723246,-0.017706807,-0.128186824,30.70525718,22.74698783,18.98011377,41.51078922,0.309468029,,,,0.433912175,27.87370148,6.394190815
Bhavanisagar_Dam,2021,2,0.120881179,1.275005326,-0.004577327,-0.11636824,32.19575345,24.2508401,15.69383874,5.429417128,0.414852646,,,,0.31585464,27.87370148,6.394190815
Bhavanisagar_Dam,2021,3,0.138301547,1.320997552,-0.015160804,-0.123399483,29.26653449,27.5031312,14.55258329,15.70450011,0.480610961,,,,0.24338351,27.87370148,6.394190815
Bhavanisagar_Dam,2021,4,0.133672492,1.308595746,-0.002735642,-0.130984748,37.61605435,28.15601501,19.78146884,53.29153605,0.111324562,,,,0.305247116,27.87370148,6.394190815
Bhavanisagar_Dam,2022,3,0.123314801,1.281320595,0.004299519,-0.127546695,37.83428685,27.21802138,16.08938382,17.92510591,0.205440906,,,,0.237071806,27.87370148,6.394190815
Bhavanisagar_Dam,2022,4,0.122435346,1.27903436,0.008658038,-0.130954565,40.04727425,27.99062739,19.97704468,94.78904423,0.227757845,,,,0.300676092,27.87370148,6.394190815
Bhavanisagar_Dam,2022,5,0.191239832,1.472920994,-0.01534574,-0.17641181,38.16262094,26.66528512,22.15331493,235.5557332,0.406681149,,,,0.406844313,27.87370148,6.394190815
Bhavanisagar_Dam,2022,6,0.175262692,1.425014584,-0.007490537,-0.167992698,33.64216131,26.0763183,22.16976598,7.163316858,0.398041262,,,,0.452395482,27.87370148,6.394190815
Bhavanisagar_Dam,2023,1,0.163903859,1.392069408,-0.01791525,-0.146418549,30.60790362,23.18736869,14.820847,8.784385391,0.219114328,,,,0.299412799,27.87370148,6.394190815
Bhavanisagar_Dam,2023,2,0.116876272,1.264688329,-0.014687097,-0.102364891,32.05269087,25.04981645,13.60280996,6.81136096,0.247487826,,,,0.245596432,27.87370148,6.394190815
Bhavanisagar_Dam,2023,3,0.108350317,1.243033377,-0.003185017,-0.105201604,36.15973203,26.59678971,15.99747415,22.25601892,0.227594295,,,,0.238598752,27.87370148,6.394190815
Bhavanisagar_Dam,2023,4,0.124984711,1.285674347,0.004372743,-0.129286795,38.14630984,28.69879591,17.52227539,27.25155926,0.394017725,,,,0.258681658,27.87370148,6.394190815
Bhavanisagar_Dam,2023,5,0.182393414,1.446164249,-0.00861345,-0.174053408,39.99697149,27.21253252,22.52760275,184.2277077,0.473681933,,,,0.430787815,27.87370148,6.394190815
Bhavanisagar_Dam,2023,8,0.11418703,1.257812957,0.009796967,-0.123845453,30.87486937,26.89203823,21.15619063,55.35563917,0.645920705,,,,0.371699261,27.87370148,6.394190815
Bhavanisagar_Dam,2024,1,0.166379105,1.399172107,-0.023660874,-0.143282287,31.31718452,24.04286433,18.50506947,17.54817083,0.55482736,,,,0.395268881,27.87370148,6.394190815
Bhavanisagar_Dam,2024,2,0.144263419,1.337167821,-0.013659105,-0.130862179,34.13915763,26.12101451,17.20332094,3.024813347,0.468121762,,,,0.271133269,27.87370148,6.394190815
Bhavanisagar_Dam,2024,3,0.121144866,1.275687907,-0.004385709,-0.116821225,33.18414407,28.88040638,15.71251767,4.096071533,0.771667293,,,,0.231670564,27.87370148,6.394190815
Bhavanisagar_Dam,2024,4,0.125407661,1.286779693,0.02056651,-0.145598643,36.21953189,30.74742506,17.23157864,8.500554796,0.63121279,,,,0.237234116,27.87370148,6.394190815
Bhavanisagar_Dam,2024,9,0.122752839,1.279859187,0.011418701,-0.133983738,39.89763863,25.90263038,21.49341689,22.48154979,0.367043571,,,,0.437985314,27.87370148,6.394190815
Bhavanisagar_Dam,2024,11,0.219646771,1.562941917,-0.033368684,-0.18765346,32.28970817,23.77095494,20.42450767,110.7061441,0.169837576,,,,0.438820415,27.87370148,6.394190815
Bhavanisagar_Dam,2024,12,0.205653521,1.517792995,-0.031881981,-0.174918418,33.12130261,23.20557507,19.77778136,49.54739815,0.078592799,,,,0.438024193,27.87370148,6.394190815
Bhavanisagar_Dam,2025,1,0.156763152,1.37181286,-0.022368536,-0.134867538,32.02841075,22.56750877,17.02708182,8.169780459,0.271729636,,,,0.351478741,27.87370148,6.394190815
Bhavanisagar_Dam,2025,2,0.114614456,1.258902931,-0.005538833,-0.109144912,33.63112633,24.90039953,14.83163675,3.259528855,0.393978015,,,,0.247845355,27.87370148,6.394190815
Bhavanisagar_Dam,2025,3,0.121252601,1.275966906,-0.002323152,-0.118962959,36.56795581,27.09156337,17.76058292,29.75223013,0.359968737,,,,0.27713829,27.87370148,6.394190815
Bhavanisagar_Dam,2025,4,0.152056861,1.358648721,-0.013422074,-0.138918308,37.27556174,28.22911913,20.32365396,39.27628754,0.200317357,,,,0.326413027,27.87370148,6.394190815
Bhavanisagar_Dam,2026,2,0.112135036,1.252594798,-0.000502281,-0.111639043,32.64361466,24.37625974,16.02753851,6.576069074,0.320403888,,,,0.24087672,27.87370148,6.394190815
Bhavanisagar_Dam,2026,3,0.117793291,1.267042383,-0.00530622,-0.112557424,35.88705698,27.24918491,16.19293448,9.487161458,0.359240575,,,,0.236560309,27.87370148,6.394190815
Bhavanisagar_Dam,2026,4,0.125027998,1.285787426,0.000922012,-0.125935493,35.75176694,29.47264122,17.83899901,15.06362465,0.277678771,,,,0.24024264,27.87370148,6.394190815
Bhavanisagar_Dam,2026,5,0.121701331,1.277129717,0.01142908,-0.132945493,38.46120387,,,,,,,,,27.87370148,6.394190815
Hemavathi_Dam,2016,1,0.179285186,1.436900086,0.028823271,-0.207038568,29.2239278,21.6346644,12.42886128,0.580024127,1.479104855,,,,0.249838183,28.59068531,6.054834581
Hemavathi_Dam,2016,2,0.170740733,1.411790957,0.036810147,-0.206254572,40.24110382,24.12391388,13.50036035,7.669897318,0.911820499,,,,0.233546685,28.59068531,6.054834581
Hemavathi_Dam,2016,3,0.16565848,1.397099931,0.046804894,-0.210828687,46.2234956,26.36235293,16.14652673,9.838252842,0.256354083,,,,0.231288233,28.59068531,6.054834581
Hemavathi_Dam,2016,4,0.160025184,1.381023768,0.052787969,-0.211030494,52.86355629,26.69833717,19.20611589,15.27361274,1.104202465,,,,0.252899085,28.59068531,6.054834581
Hemavathi_Dam,2016,10,0.222493113,1.572324481,0.015261322,-0.236949862,39.35635767,22.07997106,17.66106198,48.79884708,1.060986801,,,,0.372048552,28.59068531,6.054834581
Hemavathi_Dam,2016,11,0.193254655,1.479097045,0.026936198,-0.219050576,31.56306117,22.67784863,13.40688939,16.05864054,1.197657036,,,,0.286887508,28.59068531,6.054834581
Hemavathi_Dam,2016,12,0.184739857,1.453204681,0.029397118,-0.212980317,31.88650621,21.5276136,12.60931637,10.18042159,1.510244938,,,,0.294382013,28.59068531,6.054834581
Hemavathi_Dam,2017,1,0.166807824,1.400406603,0.026635125,-0.192587294,33.9675575,21.79514506,11.9730929,0.787116308,1.537776992,,,,0.251900499,28.59068531,6.054834581
Hemavathi_Dam,2017,2,0.155168096,1.36733484,0.039998936,-0.193963188,38.81778766,23.31871667,9.614399869,5.177159488,1.622823182,,,,0.247208936,28.59068531,6.054834581
Hemavathi_Dam,2017,3,0.14542586,1.340346971,0.049734589,-0.193759049,46.0047558,25.31660298,14.45083117,13.43715066,0.411138898,,,,0.24722934,28.59068531,6.054834581
Hemavathi_Dam,2017,4,0.151260061,1.356434412,0.044032416,-0.194000367,43.94016405,25.44320787,19.66989861,55.31466389,1.502778497,,,,0.282556025,28.59068531,6.054834581
Hemavathi_Dam,2017,5,0.171168768,1.413036481,0.045864287,-0.215342502,47.28738056,24.19171465,20.59698547,182.5251942,1.910784003,,,,0.403566176,28.59068531,6.054834581
Hemavathi_Dam,2017,10,0.297141055,1.845521158,-0.008253094,-0.289598152,31.00175216,21.79684049,18.83254997,297.5194011,0.592007038,,,,0.444071267,28.59068531,6.054834581
Hemavathi_Dam,2017,12,0.193501034,1.479854388,0.022306293,-0.214879843,32.68814726,20.71066252,14.08416421,8.247862577,1.721511831,,,,0.296376033,28.59068531,6.054834581
Hemavathi_Dam,2018,1,0.139235389,1.323515598,0.023381985,-0.162089675,32.58243093,21.23019521,11.97246911,0.561032541,1.287402595,,,,0.236892249,28.59068531,6.054834581
Hemavathi_Dam,2018,3,0.165479702,1.396586405,0.043827801,-0.207800408,39.93798766,24.44449253,13.62419234,33.99190998,0.624902461,,,,0.278606312,28.59068531,6.054834581
Hemavathi_Dam,2018,4,0.199563873,1.498637847,0.026833795,-0.225191754,36.15374407,25.11646392,19.35438506,77.48787165,0.607819348,,,,0.347841369,28.59068531,6.054834581
Hemavathi_Dam,2018,5,0.230457561,1.598946983,0.023135564,-0.252248196,34.65506616,23.92518485,20.69237238,291.1813393,1.137019185,,,,0.433791909,28.59068531,6.054834581
Hemavathi_Dam,2018,9,0.240500943,1.63331466,-0.026079525,-0.21577479,29.17260142,21.92685899,18.45612683,76.50973392,1.53234831,,,,0.389983453,28.59068531,6.054834581
Hemavathi_Dam,2018,10,0.251096831,1.670572223,-0.014589232,-0.237377185,29.58761059,22.17987845,17.59249577,142.2621193,0.913606915,,,,0.432634005,28.59068531,6.054834581
Hemavathi_Dam,2018,11,0.236028556,1.617898897,-0.000988003,-0.235095376,29.31492621,22.1051516,15.75107112,11.74737501,1.91702741,,,,0.333657138,28.59068531,6.054834581
Hemavathi_Dam,2018,12,0.176479997,1.428599176,-0.001330419,-0.175190711,28.10825859,21.8304836,15.30292317,12.6237942,1.262504437,,,,0.295564241,28.59068531,6.054834581
Hemavathi_Dam,2019,1,0.177678472,1.432138685,0.030127988,-0.206699975,31.48186268,20.79905544,9.485715341,0.564353876,1.526133537,,,,0.241501019,28.59068531,6.054834581
Hemavathi_Dam,2019,2,0.18158086,1.443735614,0.02839201,-0.208895918,37.77875914,23.68826574,12.76558883,6.939116776,0.859616014,,,,0.245105085,28.59068531,6.054834581
Hemavathi_Dam,2019,3,0.154712305,1.366058341,0.026956807,-0.180914599,37.720564,25.59381201,14.85798121,3.61008966,0.253475834,,,,0.232287971,28.59068531,6.054834581
Hemavathi_Dam,2019,4,0.135780562,1.31422705,0.027937875,-0.163099731,37.39478099,26.15118974,18.45076601,45.58718091,0.772764664,,,,0.262144958,28.59068531,6.054834581
Hemavathi_Dam,2019,10,0.243678361,1.644377598,-0.027784388,-0.217365637,31.46268238,21.41899407,19.43384897,245.1360168,0.261484475,,,,0.468579672,28.59068531,6.054834581
Hemavathi_Dam,2020,1,0.041235586,1.086018183,0.010199136,-0.051413099,16.89683285,22.10327678,14.71504145,0.561141647,1.153822033,,,,0.267912526,28.59068531,6.054834581
Hemavathi_Dam,2020,2,0.158959075,1.378005564,0.022979151,-0.181276071,34.43314569,23.16941627,12.64109861,6.275198162,1.365515422,,,,0.23225986,28.59068531,6.054834581
Hemavathi_Dam,2020,3,0.165895075,1.397779873,0.027199291,-0.192226994,41.39879785,25.11945057,16.02860958,7.675548851,0.226818891,,,,0.252415462,28.59068531,6.054834581
Hemavathi_Dam,2020,4,0.177677665,1.432136297,0.026704154,-0.203416661,29.96822739,25.64924259,18.32399998,65.54396391,0.576795628,,,,0.284459983,28.59068531,6.054834581
Hemavathi_Dam,2020,5,0.191162476,1.47268449,0.026110383,-0.216193766,42.30330861,25.06014275,20.64718584,193.7918682,1.47236803,,,,0.347849795,28.59068531,6.054834581
Hemavathi_Dam,2020,11,0.126112719,1.288624682,-0.013659195,-0.112647571,23.36474509,21.51473776,16.94507035,52.96133447,2.245212221,,,,0.383950912,28.59068531,6.054834581
Hemavathi_Dam,2020,12,0.203444559,1.510810795,0.007624566,-0.210742227,27.34451177,20.97331688,15.0574359,11.55792069,2.396094585,,,,0.318343439,28.59068531,6.054834581
Hemavathi_Dam,2021,1,0.202131491,1.506678704,0.009967707,-0.211672722,30.26925471,21.03422322,14.96096317,1.407521695,1.974241796,,,,0.357063334,28.59068531,6.054834581
Hemavathi_Dam,2021,2,0.195984407,1.487513944,0.016697527,-0.211988212,33.76861109,21.7367032,12.54042251,7.626483798,1.335793265,,,,0.264758678,28.59068531,6.054834581
Hemavathi_Dam,2021,3,0.197359104,1.491774353,0.023839846,-0.22016308,37.7357597,25.05294639,12.76480712,11.83993179,0.651703541,,,,0.236882364,28.59068531,6.054834581
Hemavathi_Dam,2021,4,0.114494817,1.258597734,0.011776485,-0.126101274,30.96197605,24.73916389,18.67460848,90.14782655,0.876663465,,,,0.330018171,28.59068531,6.054834581
Hemavathi_Dam,2021,6,0.246788829,1.655297847,0.004674496,-0.251173568,37.37782744,21.62941053,19.44178804,197.2977018,2.80936074,,,,0.459528245,28.59068531,6.054834581
Hemavathi_Dam,2021,12,0.219411779,1.562170356,-0.002422177,-0.217104983,29.33319362,20.38178832,15.24595951,18.7777524,1.767930566,,,,0.352711339,28.59068531,6.054834581
Hemavathi_Dam,2022,1,0.167851803,1.403418052,0.01748062,-0.18479022,31.00905624,21.25630968,13.6118425,0.61889131,0.643633105,,,,0.252248641,28.59068531,6.054834581
Hemavathi_Dam,2022,2,0.152701294,1.360442645,0.017538242,-0.169784833,33.42883048,22.68529263,11.84131709,5.484980881,0.920149928,,,,0.232296671,28.59068531,6.054834581
Hemavathi_Dam,2022,3,0.148171952,1.347891695,0.018340092,-0.166060776,36.65864484,24.57715749,13.68023564,25.41326237,0.499096626,,,,0.241611686,28.59068531,6.054834581
Hemavathi_Dam,2022,10,0.112186909,1.252726413,-0.00861702,-0.103670109,24.72545246,21.24695631,17.97136863,166.3412668,0.464560302,,,,0.439699747,28.59068531,6.054834581
Hemavathi_Dam,2023,1,0.175309657,1.425152687,0.016373396,-0.191134418,30.22829401,20.43101841,10.69216389,0.574691743,1.889862226,,,,0.264603194,28.59068531,6.054834581
Hemavathi_Dam,2023,2,0.159051593,1.378267185,0.024910652,-0.183236248,31.52329456,22.48148324,8.500462718,5.270744801,1.944642647,,,,0.236049289,28.59068531,6.054834581
Hemavathi_Dam,2023,3,0.163315041,1.390385984,0.026278229,-0.188783083,40.36035516,24.21745818,10.2717412,5.395489454,0.402408971,,,,0.235481324,28.59068531,6.054834581
Hemavathi_Dam,2023,4,0.162111624,1.386952795,0.033523235,-0.194577428,45.1356987,25.79426032,15.85660428,22.27791506,0.264395503,,,,0.254803933,28.59068531,6.054834581
Hemavathi_Dam,2023,5,0.199720255,1.499126104,0.01719205,-0.216170064,40.67744701,24.00700287,20.12399104,134.8211536,1.618813826,,,,0.414584519,28.59068531,6.054834581
Hemavathi_Dam,2023,6,0.213144927,1.541764129,0.018868607,-0.231084172,40.42541864,22.64372338,20.06776329,174.9303646,2.779224469,,,,0.427567715,28.59068531,6.054834581
Hemavathi_Dam,2023,10,0.246720116,1.655055635,-0.005074647,-0.241948393,32.90052809,22.56390644,18.50806514,159.1841465,0.35256683,,,,0.421527452,28.59068531,6.054834581
Hemavathi_Dam,2023,12,0.131975139,1.304081472,0.001353113,-0.133304447,18.71965505,22.01202527,15.98249305,29.142663,1.827998886,,,,0.331602179,28.59068531,6.054834581
Hemavathi_Dam,2024,1,0.17384313,1.420847751,0.010504608,-0.184011704,26.61536619,21.7760475,15.40324971,1.33364664,1.152260276,,,,0.30984454,28.59068531,6.054834581
Hemavathi_Dam,2024,2,0.175944669,1.427021494,0.030052364,-0.204913542,25.87244605,23.93207492,12.26317188,5.332248747,1.239447506,,,,0.234300328,28.59068531,6.054834581
Hemavathi_Dam,2024,3,0.17229651,1.416324233,0.033572107,-0.204684648,40.34442642,25.90411164,15.50809847,4.428828597,0.138559916,,,,0.230862648,28.59068531,6.054834581
Hemavathi_Dam,2024,4,0.170147155,1.410065847,0.038274021,-0.207072674,43.46192359,27.38828877,17.56493096,27.41621363,0.426779711,,,,0.250088798,28.59068531,6.054834581
Hemavathi_Dam,2024,5,0.169730332,1.408855914,0.040661467,-0.208949736,47.6443993,24.79751516,20.68538913,237.7296896,1.429390561,,,,0.379782031,28.59068531,6.054834581
Hemavathi_Dam,2024,10,0.252021195,1.673872558,-0.025588413,-0.227902485,30.31594492,21.85133414,19.4336406,314.2960033,0.384849415,,,,0.464497884,28.59068531,6.054834581
Hemavathi_Dam,2024,12,0.16484866,1.394775538,0.011697282,-0.176206166,24.81205932,20.97550272,16.8623459,46.99472046,1.401753452,,,,0.404067234,28.59068531,6.054834581
Hemavathi_Dam,2025,1,0.174264226,1.422082295,0.018980582,-0.192607731,33.81220699,20.62173686,12.70042428,0.895761758,2.170364378,,,,0.27592335,28.59068531,6.054834581
Hemavathi_Dam,2025,2,0.159923352,1.380735145,0.023776191,-0.183003696,35.19565016,23.25667918,9.585801674,5.332248688,1.885509973,,,,0.233834471,28.59068531,6.054834581
Hemavathi_Dam,2025,3,0.148270722,1.348163968,0.017705375,-0.16554152,26.04705642,25.2545128,15.30215508,52.09386349,0.461269865,,,,0.259451241,28.59068531,6.054834581
Hemavathi_Dam,2025,4,0.202931473,1.509194544,0.014401334,-0.216699506,34.79326721,24.55985915,19.31553222,118.7045989,0.969204242,,,,0.346907277,28.59068531,6.054834581
Hemavathi_Dam,2025,5,0.194813151,1.483895513,0.019315703,-0.213326118,35.47260616,23.02088548,19.79583177,212.4684207,2.324306996,,,,0.398305278,28.59068531,6.054834581
Hemavathi_Dam,2025,11,0.217096519,1.554593316,-0.022080488,-0.195955362,27.74920868,20.83519031,16.1672713,17.09761006,1.369007469,,,,0.363481479,28.59068531,6.054834581
Hemavathi_Dam,2025,12,0.174347373,1.422326213,0.015782233,-0.189607883,24.89170455,19.50903861,12.53446163,15.28772002,2.134526535,,,,0.30341495,28.59068531,6.054834581
Hemavathi_Dam,2026,1,0.183034107,1.448082616,0.015205434,-0.197689349,30.8532744,20.63770484,11.90043276,0.657514539,1.972887356,,,,0.239176002,28.59068531,6.054834581
Hemavathi_Dam,2026,2,0.166751476,1.400244276,0.013648728,-0.179990556,32.38544504,22.33087865,11.18585498,6.367304742,1.343050935,,,,0.231553941,28.59068531,6.054834581
Hemavathi_Dam,2026,3,0.168850519,1.406306021,0.009139528,-0.177715793,35.45137629,24.40022921,15.07464703,41.65241444,0.320068551,,,,0.250404768,28.59068531,6.054834581
Hemavathi_Dam,2026,4,0.160624719,1.382724444,0.022889616,-0.182842091,40.49682741,26.28714318,17.65807453,43.09693182,0.92145751,,,,0.24195154,28.59068531,6.054834581
Idukki_Dam,2016,1,0.149898711,1.352660825,-0.011627245,-0.138512881,27.70892454,22.74913748,15.9992079,10.4231329,0.761450603,,,,0.309402445,32.59754852,5.033687436
Idukki_Dam,2016,3,0.143987252,1.336413802,-0.014047622,-0.130202989,32.73599677,26.05273537,17.99985597,35.23562483,0.286578018,,,,0.30589479,32.59754852,5.033687436
Idukki_Dam,2016,4,0.10998852,1.247162026,-0.004895971,-0.105149172,27.28100314,25.95445697,20.50965864,67.09303106,0.450904478,,,,0.36374552,32.59754852,5.033687436
Idukki_Dam,2016,12,0.135291579,1.312918379,-0.013041247,-0.122466408,29.22324879,21.63537937,17.73419824,46.30912563,0.408386069,,,,0.402209005,32.59754852,5.033687436
Idukki_Dam,2017,1,0.123754787,1.282466106,-0.008199762,-0.115672405,27.75108872,21.68131515,16.15066976,25.09336008,0.792234942,,,,0.33849708,32.59754852,5.033687436
Idukki_Dam,2017,2,0.121485918,1.276571362,0.001240746,-0.122708168,28.93520667,22.29968242,14.64215924,5.909542769,0.76274536,,,,0.337827501,32.59754852,5.033687436
Idukki_Dam,2017,3,0.150408029,1.354071212,-0.022839627,-0.128008144,30.07138533,23.20833318,19.31377902,118.3855314,0.362984286,,,,0.438264826,32.59754852,5.033687436
Idukki_Dam,2017,4,0.188200542,1.463662646,-0.024120718,-0.164828067,34.65849377,23.85324476,21.21375169,57.80047103,0.572701828,,,,0.460141902,32.59754852,5.033687436
Idukki_Dam,2017,5,0.178899387,1.435755092,-0.020141678,-0.159331835,22.72327887,23.07018775,21.28598969,210.794188,0.627677339,,,,0.475235375,32.59754852,5.033687436
Idukki_Dam,2017,10,0.011540424,1.023350321,-0.007904472,-0.003636284,-123.1485201,21.75689593,20.11152395,199.6750619,0.438927292,,,,0.479011331,32.59754852,5.033687436
Idukki_Dam,2017,11,0.165492075,1.396621938,-0.017928796,-0.148002413,27.32660666,21.90542552,19.43210843,170.4028139,0.491723267,,,,0.461672635,32.59754852,5.033687436
Idukki_Dam,2017,12,0.156456758,1.370951364,-0.016900343,-0.139926405,28.77648728,21.56720759,17.61987437,54.91771273,0.850384392,,,,0.420845791,32.59754852,5.033687436
Idukki_Dam,2018,1,0.13256292,1.305642732,-0.011757356,-0.120994144,26.43514113,21.92012349,15.62256834,10.80073163,0.477562288,,,,0.321218552,32.59754852,5.033687436
Idukki_Dam,2018,2,0.148723501,1.349412915,-0.003494544,-0.145304475,24.83427899,22.89645895,15.16768681,10.57954331,0.759902371,,,,0.353627046,32.59754852,5.033687436
Idukki_Dam,2018,11,0.164018145,1.392396423,-0.022102927,-0.142431572,27.24966405,21.80201575,19.70868017,154.5052193,0.652959443,,,,0.47054543,32.59754852,5.033687436
Idukki_Dam,2018,12,0.157010908,1.372509941,-0.014123286,-0.143205181,25.15697636,21.70299231,18.80832839,40.00742249,0.695572728,,,,0.446690303,32.59754852,5.033687436
Idukki_Dam,2019,1,0.130539366,1.300276656,-0.007504276,-0.123155734,27.24354037,21.19225835,14.25247441,12.22871798,0.800893124,,,,0.321399771,32.59754852,5.033687436
Idukki_Dam,2019,2,0.122126744,1.278233204,-0.004168837,-0.118017993,30.03520934,24.0062124,16.0896332,12.75410616,0.649462936,,,,0.312633719,32.59754852,5.033687436
Idukki_Dam,2019,3,0.133915949,1.309244693,-0.009175192,-0.124894214,32.03220573,25.75831291,16.33440195,22.62264358,0.246740762,,,,0.307321692,32.59754852,5.033687436
Idukki_Dam,2019,4,0.160253544,1.381671261,-0.01170492,-0.148827789,31.01589888,25.57488766,19.46110401,108.5255011,0.246802109,,,,0.377679147,32.59754852,5.033687436
Idukki_Dam,2019,6,0.184346329,1.452021087,-0.005920832,-0.178620459,30.02325826,22.17261558,20.83436004,219.4203151,1.45726053,,,,0.483490626,32.59754852,5.033687436
Idukki_Dam,2019,9,0.1951418,1.484909764,-0.019888062,-0.175936546,26.68926755,21.39435321,20.06184184,321.6573557,0.847795539,,,,0.48301896,32.59754852,5.033687436
Idukki_Dam,2019,12,0.154337059,1.365008449,-0.010183987,-0.144380004,27.27662358,22.16856664,18.8628955,94.33857758,1.28649205,,,,0.444766937,32.59754852,5.033687436
Idukki_Dam,2020,1,0.132858775,1.306429383,-0.00510351,-0.127841948,27.59769497,23.39393539,16.12381161,20.62261134,0.76165367,,,,0.31431192,32.59754852,5.033687436
Idukki_Dam,2020,2,0.125161205,1.286135471,-0.002455813,-0.12274312,29.64381308,24.41188158,15.56158734,6.530870717,0.749326703,,,,0.284023219,32.59754852,5.033687436
Idukki_Dam,2020,3,0.13564911,1.313875098,-0.009817383,-0.125999524,31.17381211,25.1609991,18.17560324,53.306198,0.439712824,,,,0.349456356,32.59754852,5.033687436
Idukki_Dam,2020,4,0.171321798,1.413482091,-0.023052722,-0.148856976,33.41852378,25.42488821,19.16091404,124.773795,0.294633636,,,,0.372746446,32.59754852,5.033687436
Idukki_Dam,2020,7,0.21416754,1.545071756,-0.022862137,-0.192246705,31.37976205,21.48168798,20.07362793,527.0182461,1.124509599,,,,0.482621265,32.59754852,5.033687436
Idukki_Dam,2020,10,0.200190642,1.500595898,-0.01573373,-0.18503974,12.72060716,21.39895577,19.39847713,173.7007369,0.862428799,,,,0.465255512,32.59754852,5.033687436
Idukki_Dam,2020,12,0.153613029,1.362985335,-0.01781247,-0.136173159,29.32901321,21.21573802,18.72607406,94.56178344,0.870975683,,,,0.462012035,32.59754852,5.033687436
Idukki_Dam,2021,1,0.142170655,1.331466055,-0.015809011,-0.126646291,25.09099448,21.28409721,18.5021153,84.00378104,1.049451825,,,,0.454759659,32.59754852,5.033687436
Idukki_Dam,2021,2,0.137851661,1.319786409,-0.007871789,-0.130121072,28.2615055,22.83314456,15.66729426,9.176722199,0.528656812,,,,0.323437396,32.59754852,5.033687436
Idukki_Dam,2021,3,0.13189621,1.303871984,-0.009342887,-0.122704531,30.65887692,25.19595504,15.09387719,98.54323815,0.384215047,,,,0.300969483,32.59754852,5.033687436
Idukki_Dam,2022,1,0.133655744,1.308551116,-0.00936549,-0.124446029,30.11972287,22.86923916,16.85081942,22.06496293,0.534960676,,,,0.310078447,32.59754852,5.033687436
Idukki_Dam,2022,2,0.132230279,1.304758914,-0.014295975,-0.118157664,27.22564953,23.34841926,16.53900415,10.81086328,0.399624528,,,,0.329673903,32.59754852,5.033687436
Idukki_Dam,2022,3,0.122981938,1.280454743,-0.009022105,-0.114086418,27.22848817,24.48483296,16.77710433,43.5584046,0.14514421,,,,0.33303993,32.59754852,5.033687436
Idukki_Dam,2022,10,0.18915162,1.466552377,-0.021601541,-0.168237492,31.89594181,21.27977091,19.70477495,219.8456585,0.315364444,,,,0.476563115,32.59754852,5.033687436
Idukki_Dam,2023,1,0.135885276,1.314507488,-0.010456172,-0.125607572,24.6216989,21.2934701,14.87315609,20.59336879,0.837209278,,,,0.337286242,32.59754852,5.033687436
Idukki_Dam,2023,2,0.133495294,1.308123643,-0.00879662,-0.124845281,28.00955762,22.0223797,14.01545412,15.06754348,0.7514136,,,,0.36104225,32.59754852,5.033687436
Idukki_Dam,2023,3,0.13406651,1.309646207,-0.003669802,-0.130460894,28.9913481,24.27145001,16.55666381,75.40359081,0.43904712,,,,0.318995814,32.59754852,5.033687436
Idukki_Dam,2023,5,0.21224803,1.538870197,-0.022181401,-0.190965687,33.44304424,23.31039354,21.2781094,250.9793352,0.54996006,,,,0.474328256,32.59754852,5.033687436
Idukki_Dam,2023,8,0.202476426,1.507762862,-0.017954933,-0.18519476,30.04216295,22.18923088,19.8657893,161.1733338,1.24761902,,,,0.45833803,32.59754852,5.033687436
Idukki_Dam,2024,1,0.14685158,1.34425799,-0.013748626,-0.133372233,27.19745177,22.21605453,18.61555755,38.83267415,0.906521238,,,,0.427291255,32.59754852,5.033687436
Idukki_Dam,2024,2,0.140646742,1.327331607,-0.011423563,-0.129431134,29.01930001,24.09424323,16.56373705,3.466726096,0.982964359,,,,0.307874701,32.59754852,5.033687436
Idukki_Dam,2024,3,0.149336538,1.351106036,-0.016291008,-0.133369999,30.68463925,25.99961526,16.85129981,23.97202874,0.240249383,,,,0.293232087,32.59754852,5.033687436
Idukki_Dam,2024,4,0.171442811,1.413834587,-0.01724839,-0.154651744,32.17855292,26.84217875,19.39129815,37.17037978,0.337460745,,,,0.334310765,32.59754852,5.033687436
Idukki_Dam,2024,9,0.194770001,1.483762405,-0.010187103,-0.184949864,26.16782909,21.73034034,19.96412002,83.73822805,1.237290848,,,,0.464291636,32.59754852,5.033687436
Idukki_Dam,2024,12,0.136349775,1.315752307,-0.008786895,-0.127715896,25.96245086,21.86283576,19.24342841,82.85718152,0.293448114,,,,0.440263276,32.59754852,5.033687436
Idukki_Dam,2025,1,0.153672329,1.363150904,-0.018534248,-0.135524081,27.6993407,21.8165112,17.18128156,29.04934664,1.072147889,,,,0.391262629,32.59754852,5.033687436
Idukki_Dam,2025,2,0.130995818,1.301484897,-0.005991612,-0.125102396,28.31263435,23.41228395,14.1508855,3.998530619,0.81465009,,,,0.307635398,32.59754852,5.033687436
Idukki_Dam,2025,3,0.142057102,1.331157475,-0.011296786,-0.130970496,31.69896145,24.65476166,18.16582486,154.8102471,0.375199762,,,,0.370814457,32.59754852,5.033687436
Idukki_Dam,2025,4,0.183467454,1.449381852,-0.027356638,-0.156898297,31.34093283,23.41313063,20.85834092,223.4979254,0.13607109,,,,0.464084562,32.59754852,5.033687436
Idukki_Dam,2025,12,0.140425821,1.326733457,-0.010565215,-0.130053557,26.82326072,21.05751758,17.26448411,31.16809712,0.846943617,,,,0.404338878,32.59754852,5.033687436
Idukki_Dam,2026,1,0.142401811,1.332094476,-0.008510648,-0.134053627,23.99454296,21.23063578,16.28694937,24.49949376,0.859944611,,,,0.362477313,32.59754852,5.033687436
Idukki_Dam,2026,2,0.134682282,1.311289784,-0.00479853,-0.129967747,27.6878262,22.34839283,16.81007897,33.80073471,0.679340628,,,,0.342018854,32.59754852,5.033687436
Idukki_Dam,2026,3,0.140551623,1.327074033,-0.016470607,-0.124368927,31.43474199,24.10916633,17.52150313,45.91859857,0.26409679,,,,0.348347633,32.59754852,5.033687436
Idukki_Dam,2026,4,0.168601302,1.405584716,-0.017387475,-0.151658421,31.02397194,25.52403554,19.3359364,71.69693066,0.345491485,,,,0.352082825,32.59754852,5.033687436
Kabini_Dam,2016,1,0.087736104,1.192348079,0.006699107,-0.094379739,27.04662238,22.37195596,13.39158652,5.515665789,1.384242107,,,,0.255402186,35.37566023,6.549164601
Kabini_Dam,2016,2,0.098754069,1.219150103,0.007622169,-0.106296227,32.2980496,24.75828663,13.77886587,2.579366832,0.898903793,,,,0.212706928,35.37566023,6.549164601
Kabini_Dam,2016,3,0.110648215,1.248828905,0.014022856,-0.124477931,38.46378279,26.69953214,16.45727575,15.92948018,0.116924289,,,,0.209034725,35.37566023,6.549164601
Kabini_Dam,2016,4,0.119103554,1.270414429,0.019843441,-0.138619379,41.06648038,27.40611712,19.44227854,14.75887496,1.00982916,,,,0.208375147,35.37566023,6.549164601
Kabini_Dam,2016,5,0.1876421,1.461969042,0.00428077,-0.191768832,38.42905112,25.24621499,20.73527267,167.5517673,1.726500183,,,,0.318222969,35.37566023,6.549164601
Kabini_Dam,2016,10,0.122367014,1.278856916,-0.009686954,-0.112813785,35.79209171,22.85605472,18.20135831,47.559307,1.248717403,,,,0.310166267,35.37566023,6.549164601
Kabini_Dam,2016,11,0.141501044,1.329647562,-0.004982475,-0.136614886,32.47676356,23.4380103,14.96754748,18.27997672,0.572571141,,,,0.253572443,35.37566023,6.549164601
Kabini_Dam,2016,12,0.133727109,1.3087413,-0.008460364,-0.12540863,29.52160979,21.75479826,14.32207311,12.38015384,1.003024992,,,,0.287528684,35.37566023,6.549164601
Kabini_Dam,2017,1,0.126413435,1.289412498,-0.000454846,-0.125965832,30.5669659,22.1488497,12.81855188,7.617033572,1.369959846,,,,0.226279556,35.37566023,6.549164601
Kabini_Dam,2017,2,0.111708813,1.251513951,0.007225614,-0.118838505,32.86168184,23.65243074,10.23985909,3.210803789,1.295610637,,,,0.222551641,35.37566023,6.549164601
Kabini_Dam,2017,3,0.120230174,1.273321885,0.015940829,-0.135910521,39.27167903,25.28891008,15.80997515,17.05402076,0.352452709,,,,0.226881786,35.37566023,6.549164601
Kabini_Dam,2017,4,0.117946664,1.267436582,0.017647356,-0.135312375,42.41842332,26.22229315,19.5710542,45.47725176,1.395872014,,,,0.235925272,35.37566023,6.549164601
Kabini_Dam,2017,5,0.153217275,1.361880964,0.012533119,-0.165432715,45.27126536,24.9474349,20.61508075,203.6964567,1.824577505,,,,0.3370332,35.37566023,6.549164601
Kabini_Dam,2017,9,0.162558832,1.388227469,-0.028177176,-0.135000017,28.20990481,22.38983502,19.92531988,289.8976173,1.699808091,,,,0.436774614,35.37566023,6.549164601
Kabini_Dam,2017,10,0.053277384,1.112551202,-0.028554066,-0.024760987,26.6431833,22.37730714,19.21319146,253.7043678,0.955954991,,,,0.418143119,35.37566023,6.549164601
Kabini_Dam,2017,11,0.143631926,1.335444374,-0.009402382,-0.134411064,29.3430161,22.32852936,17.67477608,23.91146175,1.368677409,,,,0.368763012,35.37566023,6.549164601
Kabini_Dam,2017,12,0.104911844,1.234416785,-0.006534312,-0.098445018,27.19288017,21.20968333,15.1359614,7.126263199,1.38985672,,,,0.31998499,35.37566023,6.549164601
Kabini_Dam,2018,1,0.101273579,1.225371319,-0.000822115,-0.100459828,26.46010548,21.62410429,12.56071939,4.145798387,1.05185813,,,,0.219122302,35.37566023,6.549164601
Kabini_Dam,2018,2,0.103424632,1.230710402,0.011488315,-0.114776572,31.31686018,23.03781346,11.12847027,3.405582248,1.350344004,,,,0.228898048,35.37566023,6.549164601
Kabini_Dam,2018,3,0.101577773,1.2261248,0.01728264,-0.118652115,33.00342101,24.94187262,14.24247191,32.06430919,0.468389212,,,,0.237763579,35.37566023,6.549164601
Kabini_Dam,2018,4,0.145496404,1.34054018,0.001807683,-0.147265355,32.39491,25.90318809,19.04089222,69.39966158,0.468290621,,,,0.275862376,35.37566023,6.549164601
Kabini_Dam,2018,5,0.128361681,1.294529689,6.15E-05,-0.128422198,28.32131134,24.23925208,20.76553319,355.0854949,1.195153697,,,,0.40383987,35.37566023,6.549164601
Kabini_Dam,2018,9,0.139801361,1.325044366,-0.023107805,-0.117071756,29.07722878,22.59173258,18.77040363,117.5837316,1.494001999,,,,0.3783304,35.37566023,6.549164601
Kabini_Dam,2018,10,0.158822482,1.377619418,-0.019487606,-0.139767467,28.68994488,22.60003921,18.17592886,170.321599,0.386217197,,,,0.414854726,35.37566023,6.549164601
Kabini_Dam,2018,11,0.165698535,1.397215015,-0.015399572,-0.15068346,23.84928457,22.46384572,17.06507666,16.18142797,1.396986725,,,,0.325910929,35.37566023,6.549164601
Kabini_Dam,2018,12,0.155891849,1.369364634,-0.003331547,-0.152639577,28.12368696,22.40674473,16.00064032,12.73094582,1.037652178,,,,0.277331793,35.37566023,6.549164601
Kabini_Dam,2019,1,0.105799099,1.236633845,-0.003922813,-0.101918585,29.14081027,21.2449901,10.12791282,4.199317817,1.32576905,,,,0.215952371,35.37566023,6.549164601
Kabini_Dam,2019,2,0.105020638,1.234688401,0.003144221,-0.108129154,32.50768676,24.21004657,13.48541131,2.914532626,0.825044769,,,,0.204958166,35.37566023,6.549164601
Kabini_Dam,2019,3,0.111301018,1.250480804,0.005803884,-0.117029303,36.37836309,26.12208244,15.09721539,6.280269278,0.240519964,,,,0.196994002,35.37566023,6.549164601
Kabini_Dam,2019,4,0.109859934,1.24683741,0.008314829,-0.118066913,36.30117107,26.394739,18.8987722,52.62797325,0.719788747,,,,0.248769018,35.37566023,6.549164601
Kabini_Dam,2019,5,0.181022424,1.442069306,-0.008937304,-0.17236398,29.72722986,25.29186686,20.99953767,168.8733718,1.850308691,,,,0.316240536,35.37566023,6.549164601
Kabini_Dam,2019,9,0.112560105,1.253673754,-0.026608615,-0.086209694,22.08349233,22.26235722,19.66425883,135.1223993,2.099881419,,,,0.432548544,35.37566023,6.549164601
Kabini_Dam,2019,10,0.164986393,1.39517055,-0.024636595,-0.140922606,33.10649886,21.9363228,19.63911874,237.3799241,0.156644285,,,,0.447123128,35.37566023,6.549164601
Kabini_Dam,2019,11,0.194372764,1.482537719,-0.020823191,-0.174254863,27.79421284,22.28297503,18.80415249,47.82327847,1.486373568,,,,0.412468847,35.37566023,6.549164601
Kabini_Dam,2019,12,0.157170187,1.3729583,-0.020087996,-0.137516363,26.32613448,21.44094882,17.28754793,17.21835006,2.178892923,,,,0.378060372,35.37566023,6.549164601
Kabini_Dam,2020,1,0.130180686,1.299328111,-0.010958764,-0.11939225,30.35793669,22.6190803,15.19342844,4.806213117,1.136280413,,,,0.263699152,35.37566023,6.549164601
Kabini_Dam,2020,2,0.102879689,1.229355389,0.000232881,-0.103110099,31.27672867,23.9331134,12.93968259,2.919464167,1.293965365,,,,0.20793735,35.37566023,6.549164601
Kabini_Dam,2020,3,0.104854135,1.234272736,0.004614848,-0.109416039,35.3105463,25.69995397,17.05660437,10.43632658,0.300754137,,,,0.229144742,35.37566023,6.549164601
Kabini_Dam,2020,4,0.150535047,1.354423207,-0.005441532,-0.145212464,32.91647036,26.20182234,18.5112043,76.05938185,0.562826204,,,,0.251131079,35.37566023,6.549164601
Kabini_Dam,2020,5,0.156639157,1.371464146,-0.011049425,-0.145842152,35.73294106,25.97328119,20.62049838,156.7101621,1.519196826,,,,0.294772692,35.37566023,6.549164601
Kabini_Dam,2020,7,0.199062434,1.497073537,-0.030118787,-0.169962662,30.9507801,22.13901168,19.92678391,344.7724246,2.339916897,,,,0.439572324,35.37566023,6.549164601
Kabini_Dam,2020,11,0.155359977,1.367872639,-0.028731071,-0.127196669,30.01250551,22.28819425,17.5295837,49.99130788,1.717401034,,,,0.34753863,35.37566023,6.549164601
Kabini_Dam,2020,12,0.13792144,1.319974179,-0.015200907,-0.122978361,28.279162,21.16100851,16.25752883,13.42900461,2.010666483,,,,0.361161119,35.37566023,6.549164601
Kabini_Dam,2021,1,0.106960833,1.239543432,-0.008349765,-0.098699217,29.49743873,21.58491784,16.33917112,28.27469596,1.668734105,,,,0.378485998,35.37566023,6.549164601
Kabini_Dam,2021,2,0.097750312,1.216681286,-0.001124419,-0.096636514,30.6464682,22.34344206,13.73440096,3.845143605,1.068881861,,,,0.272908756,35.37566023,6.549164601
Kabini_Dam,2021,3,0.096223205,1.212935773,-0.000658575,-0.095570686,32.83565007,25.31984984,13.75375254,13.57857856,0.427790097,,,,0.21209442,35.37566023,6.549164601
Kabini_Dam,2021,4,0.091849136,1.202277263,0.000738055,-0.092580914,33.62529562,25.39914924,18.98720614,81.74223545,0.793214787,,,,0.270911217,35.37566023,6.549164601
Kabini_Dam,2021,6,0.163044685,1.389613834,-0.015425767,-0.147991128,29.16196052,22.57585693,19.6219177,135.3301113,2.592079696,,,,0.414801343,35.37566023,6.549164601
Kabini_Dam,2021,9,0.145161637,1.339623591,-0.029538648,-0.116120901,30.8211389,22.26114496,19.56229237,104.9794282,2.353927702,,,,0.411473952,35.37566023,6.549164601
Kabini_Dam,2021,12,0.150373863,1.353976548,-0.000232921,-0.150146202,24.48417744,21.25664919,16.18659396,10.1853194,1.597926942,,,,0.347222892,35.37566023,6.549164601
Kabini_Dam,2022,1,0.115953225,1.262323733,-0.003640417,-0.112360237,30.63798077,22.09210542,14.62619955,7.559119503,0.810759443,,,,0.243548855,35.37566023,6.549164601
Kabini_Dam,2022,2,0.102928542,1.229476796,-0.00256178,-0.100393234,30.38165527,23.37932921,12.74281216,2.309173586,0.879962952,,,,0.206943557,35.37566023,6.549164601
Kabini_Dam,2022,3,0.104368271,1.233060683,0.001381149,-0.105734179,32.92668752,25.27622136,14.16587072,23.22526128,0.301075833,,,,0.206485892,35.37566023,6.549164601
Kabini_Dam,2022,4,0.121239609,1.275933258,-0.002896596,-0.118384587,36.27490071,25.85691429,18.96357897,152.0771024,0.567519874,,,,0.261512142,35.37566023,6.549164601
Kabini_Dam,2022,5,0.193792224,1.480750075,-0.01854424,-0.175880049,34.66214025,23.48175175,20.43827166,272.439652,2.129554399,,,,0.396383675,35.37566023,6.549164601
Kabini_Dam,2022,6,0.198077799,1.494007519,-0.017096669,-0.1815961,31.85986833,22.73406569,19.92782262,157.643639,2.531994184,,,,0.406359651,35.37566023,6.549164601
Kabini_Dam,2022,9,0.09758686,1.216279785,0.003960707,-0.101508333,4.2149087,22.45889818,19.2607993,125.4534485,2.121584777,,,,0.41028489,35.37566023,6.549164601
Kabini_Dam,2022,10,0.181452624,1.443352771,0.00366542,-0.184995003,-80.70219904,22.22162344,18.80805168,155.9561693,0.312122316,,,,0.402828196,35.37566023,6.549164601
Kabini_Dam,2022,12,0.092225248,1.203189719,0.014158534,-0.10624505,15.35633303,21.07407548,15.87932563,26.73060673,1.485276439,,,,0.364433083,35.37566023,6.549164601
Kabini_Dam,2023,1,0.136354765,1.315765686,-0.014096966,-0.122493254,27.37343843,20.91186781,11.81923252,4.826529568,1.720454337,,,,0.25850095,35.37566023,6.549164601
Kabini_Dam,2023,2,0.101707409,1.22644606,0.00809243,-0.109709541,30.76282998,23.05464114,9.862424446,2.926592248,1.460684412,,,,0.2099722,35.37566023,6.549164601
Kabini_Dam,2023,3,0.100595385,1.223693282,0.007604082,-0.108116765,34.9406393,24.50171137,12.92571255,11.6509224,0.396202976,,,,0.217872066,35.37566023,6.549164601
Kabini_Dam,2023,4,0.108909861,1.244441849,0.012935586,-0.121674031,39.43526303,26.12461243,17.06509766,23.03869027,0.339196244,,,,0.222102525,35.37566023,6.549164601
Kabini_Dam,2023,5,0.220248714,1.564920424,-0.011867624,-0.20892719,35.07419447,24.99225993,20.56105526,173.7789553,1.610915786,,,,0.358699778,35.37566023,6.549164601
Kabini_Dam,2023,6,0.184148813,1.451427457,0.000182316,-0.184324941,-122.2977478,23.56748098,20.30116172,140.7630955,2.642268202,,,,0.375333744,35.37566023,6.549164601
Kabini_Dam,2023,8,0.188497438,1.464564001,-0.038746274,-0.15085293,30.34107543,23.33861869,19.36010581,58.14061281,2.297273052,,,,0.365155128,35.37566023,6.549164601
Kabini_Dam,2023,10,0.147770332,1.346785234,-0.020310723,-0.127843308,32.24923819,23.47288399,19.02842069,135.8157177,0.508572171,,,,0.392187529,35.37566023,6.549164601
Kabini_Dam,2023,12,0.099734254,1.221566253,0.019531208,-0.119033593,14.14911417,23.24223413,17.07321623,27.79997091,1.69285346,,,,0.311512445,35.37566023,6.549164601
Kabini_Dam,2024,1,0.111082233,1.249926905,-0.010760331,-0.100441959,28.28841428,22.86159647,16.32694395,18.50810061,1.020337221,,,,0.327511449,35.37566023,6.549164601
Kabini_Dam,2024,2,0.106857852,1.239285208,0.002034717,-0.108868899,34.1769321,24.93442092,13.4262045,1.993030037,1.208189783,,,,0.216189944,35.37566023,6.549164601
Kabini_Dam,2024,3,0.103573205,1.231080118,0.004646845,-0.10816799,35.73507968,26.71706055,16.10679428,2.987960361,0.221229571,,,,0.198082975,35.37566023,6.549164601
Kabini_Dam,2024,4,0.108585753,1.243625798,0.015785878,-0.124158809,39.62864953,28.41940857,17.440582,18.51816599,0.433769711,,,,0.196552531,35.37566023,6.549164601
Kabini_Dam,2024,5,0.108662154,1.243818108,0.026371523,-0.134647832,6.282005138,25.35079557,21.24567349,251.0614101,1.37342054,,,,0.365559814,35.37566023,6.549164601
Kabini_Dam,2024,9,0.166731813,1.400187636,-0.030165287,-0.137256861,32.13632076,22.8702709,19.51013781,51.68308116,2.360755522,,,,0.380387751,35.37566023,6.549164601
Kabini_Dam,2024,10,0.181540108,1.443613939,-0.025132467,-0.15712453,26.66422975,22.61962106,19.8289699,253.8686656,0.882002992,,,,0.415532717,35.37566023,6.549164601
Kabini_Dam,2024,11,0.187302178,1.460939288,-0.019944346,-0.167985361,29.97616719,22.03916783,18.0483792,48.47080627,1.453362141,,,,0.404415406,35.37566023,6.549164601
Kabini_Dam,2024,12,0.171745175,1.414715786,-0.018228418,-0.153998873,27.38551552,21.63435426,17.856182,38.69275014,1.00724417,,,,0.398484527,35.37566023,6.549164601
Kabini_Dam,2025,1,0.128066419,1.293752693,-0.014723984,-0.113556563,29.50207391,21.21883658,14.13638069,5.710258249,1.971389855,,,,0.286746774,35.37566023,6.549164601
Kabini_Dam,2025,2,0.106067356,1.237305029,-0.002849391,-0.10324917,30.64264768,23.77008366,11.03530235,1.978624436,1.542171062,,,,0.214575336,35.37566023,6.549164601
Kabini_Dam,2025,3,0.122982119,1.280455214,-0.001845445,-0.121164173,33.55825548,25.78411419,16.63231459,78.99339105,0.30511148,,,,0.222227855,35.37566023,6.549164601
Kabini_Dam,2025,4,0.16906931,1.40693962,-0.006693778,-0.162559502,32.51790456,25.62056607,19.54191026,99.68352427,0.923166226,,,,0.292753135,35.37566023,6.549164601
Kabini_Dam,2025,11,0.166049437,1.398223695,-0.048847394,-0.118160452,30.06023043,21.9887629,17.06333249,33.83394092,0.978601977,,,,0.337712012,35.37566023,6.549164601
Kabini_Dam,2025,12,0.104534976,1.233476403,-0.017214631,-0.087477764,25.14387219,20.92821756,13.2862835,8.443005797,1.836659097,,,,0.27130127,35.37566023,6.549164601
Kabini_Dam,2026,1,0.084295628,1.184111008,-0.003582517,-0.080737493,25.32586513,21.73563673,12.70289674,8.303705721,1.739236131,,,,0.211266877,35.37566023,6.549164601
Kabini_Dam,2026,2,0.10287654,1.229347564,-0.008154936,-0.094801138,28.31499277,23.29541432,13.09526137,4.382290813,1.016395273,,,,0.204320794,35.37566023,6.549164601
Kabini_Dam,2026,3,0.110461463,1.24835678,-0.001781499,-0.108701356,34.38049017,25.13159051,16.14565257,24.96760856,0.162464716,,,,0.222373778,35.37566023,6.549164601
Kabini_Dam,2026,4,0.110335172,1.248037617,0.006376613,-0.116629729,34.95459401,26.86384131,18.39982529,47.73780711,0.91236212,,,,0.205577448,35.37566023,6.549164601
Kabini_Dam,2026,5,0.130242966,1.299492757,0.009689068,-0.139755671,37.80803071,,,,,,,,,35.37566023,6.549164601
Kandaleru_Dam,2016,1,-0.019435231,0.961870592,-0.041930395,0.061315659,24.01911082,23.63231487,18.17226423,6.003653834,1.069994374,,,,0.216998644,30.67709637,6.508760951
Kandaleru_Dam,2016,2,0.016249273,1.033035347,-0.015581391,-0.000668051,24.65621167,25.97321176,19.06087355,2.65922147,1.908231168,,,,0.146816078,30.67709637,6.508760951
Kandaleru_Dam,2016,4,-0.009116141,0.981932425,-0.03125195,0.040356593,32.4787736,32.11556536,21.74018707,3.669100662,2.394790462,,,,0.123307313,30.67709637,6.508760951
Kandaleru_Dam,2016,8,0.008742657,1.01763953,-0.014940926,0.006199078,26.16734081,30.70297837,20.1903999,66.27272304,3.755844259,,,,0.228168877,30.67709637,6.508760951
Kandaleru_Dam,2016,10,-0.022400826,0.956179953,-0.037162468,0.059513751,29.63381856,30.05022003,18.6953808,56.30035325,0.697931678,,,,0.162733878,30.67709637,6.508760951
Kandaleru_Dam,2016,11,0.003121616,1.006262782,-0.027907286,0.02478783,28.11606883,26.66608376,18.67826525,26.59132806,1.181732871,,,,0.18593892,30.67709637,6.508760951
Kandaleru_Dam,2016,12,-0.01538641,0.969693489,-0.033262614,0.048624138,26.69994803,24.00465125,18.86616544,116.4083645,1.093629435,,,,0.27622348,30.67709637,6.508760951
Kandaleru_Dam,2017,1,0.015795189,1.032097362,-0.027988749,0.012198953,27.33813248,24.22740785,17.95333326,4.240979701,1.28986589,,,,0.172222055,30.67709637,6.508760951
Kandaleru_Dam,2017,2,0.030868331,1.06370307,-0.022292217,-0.00858202,25.68970922,25.56114249,16.42068591,1.578609467,1.637258787,,,,0.141614414,30.67709637,6.508760951
Kandaleru_Dam,2017,3,0.052170056,1.110083156,-0.022842219,-0.029362828,32.34622937,29.39434471,20.15210805,6.925298601,2.297507914,,,,0.134445006,30.67709637,6.508760951
Kandaleru_Dam,2017,4,0.052538122,1.110902872,-0.000288959,-0.052249956,34.61071937,32.53131008,21.26600863,8.183138698,1.675633434,,,,0.129894744,30.67709637,6.508760951
Kandaleru_Dam,2017,5,0.083348985,1.181855435,0.005869111,-0.089174473,22.76950644,33.98325794,21.14866977,21.12429255,0.791357824,,,,0.152505382,30.67709637,6.508760951
Kandaleru_Dam,2017,12,-0.013024483,0.974285946,-0.031866148,0.044872008,27.88681743,23.78384696,18.78841015,31.6704812,1.160850615,,,,0.263492318,30.67709637,6.508760951
Kandaleru_Dam,2018,1,0.053826223,1.113776611,-0.034096831,-0.019765667,25.95214928,23.88751365,17.30881089,5.186693708,1.14923507,,,,0.158290802,30.67709637,6.508760951
Kandaleru_Dam,2018,3,0.032921054,1.068083487,-0.012894924,-0.020034635,29.46332736,28.28500308,18.67094658,14.0676595,1.930889536,,,,0.152327958,30.67709637,6.508760951
Kandaleru_Dam,2018,4,0.061828581,1.131806575,-0.009024243,-0.052833817,33.44137395,31.16011626,21.85730118,7.885410637,2.433901692,,,,0.128840362,30.67709637,6.508760951
Kandaleru_Dam,2018,5,0.070666386,1.152079694,0.00509123,-0.07573037,23.85914454,32.80216423,22.44411287,19.33709198,1.761562914,,,,0.132752839,30.67709637,6.508760951
Kandaleru_Dam,2018,9,0.016599219,1.033758807,-0.03460477,0.0180159,35.26405576,29.83302489,21.33614256,71.60080759,1.24722528,,,,0.25263674,30.67709637,6.508760951
Kandaleru_Dam,2018,10,0.000965489,1.001932844,-0.033475297,0.032510859,33.33505536,28.23058619,20.86805703,60.51227701,1.073696277,,,,0.22695888,30.67709637,6.508760951
Kandaleru_Dam,2018,11,0.011935412,1.024159173,-0.027820687,0.015890552,29.82261659,25.34588782,21.21213612,105.2798155,1.143358229,,,,0.319166819,30.67709637,6.508760951
Kandaleru_Dam,2019,1,0.008766933,1.017688943,-0.039064315,0.030307762,26.89001671,22.95913818,17.46836036,11.57488386,1.144400836,,,,0.176962945,30.67709637,6.508760951
Kandaleru_Dam,2019,2,0.012023485,1.024339617,-0.026825151,0.014806441,28.17653715,26.36495379,19.07281656,1.809313744,1.842007865,,,,0.149528753,30.67709637,6.508760951
Kandaleru_Dam,2019,3,0.037662432,1.078272809,-0.00875879,-0.02891318,33.6026416,29.41772886,19.32407454,4.700327257,2.456217289,,,,0.127303462,30.67709637,6.508760951
Kandaleru_Dam,2019,4,0.042303533,1.088344344,-0.003320863,-0.038988147,35.02402297,31.44569386,21.04732634,14.30206601,2.399963658,,,,0.126321348,30.67709637,6.508760951
Kandaleru_Dam,2019,5,0.060574655,1.128961082,0.010843672,-0.071371446,38.59961825,34.57859034,21.02618575,21.92946557,0.955665022,,,,0.128326806,30.67709637,6.508760951
Kandaleru_Dam,2019,9,0.076379187,1.165390789,-0.022561597,-0.053910491,21.46939801,28.45454201,22.76693081,129.9417626,1.597720219,,,,0.344609176,30.67709637,6.508760951
Kandaleru_Dam,2019,11,0.001366468,1.002736677,-0.026982996,0.025617472,27.29096559,25.91605066,22.12745436,110.9829946,1.11441834,,,,0.364088609,30.67709637,6.508760951
Kandaleru_Dam,2020,1,0.003365907,1.006754549,-0.028944398,0.025580983,27.20171349,24.08017268,19.83921189,14.77525437,1.268413437,,,,0.305576858,30.67709637,6.508760951
Kandaleru_Dam,2020,2,-0.013088051,0.974162065,-0.025337741,0.038413054,26.99375515,25.43094139,18.62121939,1.437859659,1.804158412,,,,0.168514602,30.67709637,6.508760951
Kandaleru_Dam,2020,3,-0.008024227,0.984079297,-0.029498465,0.037513812,28.4857081,28.18774169,19.7996083,3.423220684,2.422349215,,,,0.134456327,30.67709637,6.508760951
Kandaleru_Dam,2020,4,0.012982385,1.026306288,-0.019507704,0.006526971,23.0325169,30.57195852,21.77281996,37.61571391,2.251019282,,,,0.13007751,30.67709637,6.508760951
Kandaleru_Dam,2020,5,0.004012103,1.00805653,-0.019955836,0.015945009,29.87820473,32.71493316,22.37658352,16.49277935,0.993020647,,,,0.132552649,30.67709637,6.508760951
Kandaleru_Dam,2020,12,0.054382826,1.115020809,-0.054588941,0.000206729,25.30822505,23.17072689,19.86402927,112.4315813,1.408856617,,,,0.373271347,30.67709637,6.508760951
Kandaleru_Dam,2021,1,-0.009347566,0.981478004,-0.044016596,0.053342214,28.82058406,23.50340374,19.66797604,42.81138938,0.918872079,,,,0.322970606,30.67709637,6.508760951
Kandaleru_Dam,2021,2,-0.016854782,0.966849187,-0.024681144,0.041518654,27.50505523,23.88827383,17.12736855,3.321537912,1.086005258,,,,0.213103544,30.67709637,6.508760951
Kandaleru_Dam,2021,3,-0.014885594,0.970665474,-0.030661484,0.045526299,28.97805412,27.72905316,18.0219082,3.583896021,1.780073686,,,,0.13845497,30.67709637,6.508760951
Kandaleru_Dam,2021,4,0.004665699,1.009375141,-0.039302805,0.034643458,28.79111092,30.73020935,21.3401521,15.28586411,1.848889966,,,,0.142446179,30.67709637,6.508760951
Kandaleru_Dam,2021,5,0.002717597,1.005450006,-0.003051677,0.000334083,31.94512486,31.82536265,21.90659946,23.21059089,1.022038989,,,,0.174040374,30.67709637,6.508760951
Kandaleru_Dam,2021,9,0.036110576,1.074926803,-0.052919045,0.01684065,20.08545841,29.10725227,22.06262332,78.25525212,2.146386282,,,,0.304436069,30.67709637,6.508760951
Kandaleru_Dam,2021,12,-0.006541446,0.987002132,-0.022451817,0.028989006,26.77416454,23.51639906,19.78831922,49.57611545,0.91847635,,,,0.352279499,30.67709637,6.508760951
Kandaleru_Dam,2022,2,0.039333362,1.081887641,-0.010015705,-0.029329212,24.5969762,24.59069396,18.37380814,1.384766484,1.398124708,,,,0.199400334,30.67709637,6.508760951
Kandaleru_Dam,2022,3,-0.013609674,0.973146125,-0.041477681,0.055056276,29.02470832,28.41694349,19.27457105,3.012361606,1.479030451,,,,0.138007256,30.67709637,6.508760951
Kandaleru_Dam,2022,4,-0.006046212,0.987980249,-0.061928856,0.067949626,28.66463208,30.91501704,22.06074151,3.651179532,2.191864652,,,,0.127017064,30.67709637,6.508760951
Kandaleru_Dam,2022,5,-0.003872186,0.992285501,-0.031603008,0.035470853,30.26468682,31.05351859,22.12665635,67.90600433,1.547364403,,,,0.229061147,30.67709637,6.508760951
Kandaleru_Dam,2022,7,0.007526919,1.015168006,-0.007582147,5.52E-05,32.8475496,29.17874103,21.76062386,112.0640747,2.880216681,,,,0.27093754,30.67709637,6.508760951
Kandaleru_Dam,2022,9,-0.007984772,0.984156959,-0.066346002,0.074291418,33.44518466,28.84319452,21.71078845,94.42840735,1.715555678,,,,0.298808734,30.67709637,6.508760951
Kandaleru_Dam,2022,10,0.021282131,1.043489818,-0.019059942,-0.002223091,25.21923483,26.56296879,21.97118225,191.6618673,0.606866221,,,,0.36006345,30.67709637,6.508760951
Kandaleru_Dam,2022,11,0.059069431,1.125555345,-0.014571814,-0.044535951,24.53411603,24.26096696,21.08505302,328.1738629,1.031591537,,,,0.39034231,30.67709637,6.508760951
Kandaleru_Dam,2023,1,-0.012643196,0.975029318,-0.026884912,0.039514676,26.65017664,22.82173004,18.0966839,4.571200351,0.942205163,,,,0.282213293,30.67709637,6.508760951
Kandaleru_Dam,2023,2,-0.013758448,0.972856556,-0.041502211,0.055229123,26.91225302,25.00383664,16.73857249,1.353194088,1.212435406,,,,0.171516895,30.67709637,6.508760951
Kandaleru_Dam,2023,3,-0.017915044,0.964800513,-0.054460885,0.072305382,26.78916368,27.81632988,19.69055,37.0389233,1.675772175,,,,0.167311309,30.67709637,6.508760951
Kandaleru_Dam,2023,4,-0.021597083,0.957718981,-0.041372155,0.062913024,31.39918123,30.95740323,20.0281619,14.08578215,2.217624795,,,,0.140808614,30.67709637,6.508760951
Kandaleru_Dam,2023,10,0.037254228,1.07739162,-0.034825593,-0.00243179,34.45636085,29.27507233,20.97493814,18.74104925,0.650848638,,,,0.209852813,30.67709637,6.508760951
Kandaleru_Dam,2024,1,0.007081504,1.014264019,-0.034003731,0.026928711,28.20195707,24.35384435,19.65612164,5.450282832,1.319750314,,,,0.259100001,30.67709637,6.508760951
Kandaleru_Dam,2024,2,0.038153616,1.079334114,-0.007406583,-0.030755724,24.54804846,26.81868142,19.85950079,1.786852663,1.927545712,,,,0.155351551,30.67709637,6.508760951
Kandaleru_Dam,2024,3,0.029175247,1.060104045,-0.011080537,-0.018100562,30.24217991,29.02528677,20.05907135,2.899206956,2.524647914,,,,0.127889818,30.67709637,6.508760951
Kandaleru_Dam,2024,4,0.032846372,1.067923794,0.000876924,-0.033722325,33.35148584,32.12830071,20.84777058,3.02031369,2.616096991,,,,0.123899651,30.67709637,6.508760951
Kandaleru_Dam,2024,5,0.036246058,1.07521849,0.001619061,-0.037862897,34.23056316,32.97728141,23.07551272,39.95596393,0.911337008,,,,0.214509492,30.67709637,6.508760951
Kandaleru_Dam,2024,10,-0.009724982,0.980737364,-0.053933764,0.063625375,31.18252175,27.98051866,22.92693067,295.3818081,0.146716401,,,,0.322955634,30.67709637,6.508760951
Kandaleru_Dam,2025,1,0.170484185,1.41104505,-0.036892818,-0.134436927,26.8650413,23.04543635,18.55181615,7.151116312,0.994574279,,,,0.271753783,30.67709637,6.508760951
Kandaleru_Dam,2025,2,-0.020760794,0.959322901,-0.035656939,0.056376,27.76361453,25.49283001,18.19600501,1.384767691,1.334122121,,,,0.155243283,30.67709637,6.508760951
Kandaleru_Dam,2025,3,0.038730611,1.08058222,-0.015377092,-0.023367436,26.60589401,28.73750171,19.36073308,4.500702401,1.938077924,,,,0.128821199,30.67709637,6.508760951
Kandaleru_Dam,2025,4,-0.014720998,0.970985133,-0.032793966,0.047492037,31.17915001,31.20524489,22.0195524,6.374169489,1.856989656,,,,0.148368814,30.67709637,6.508760951
Kandaleru_Dam,2025,5,-0.008081706,0.983966168,-0.031414563,0.039486244,31.68962821,31.39723219,22.5259645,126.5481017,0.875094369,,,,0.226814865,30.67709637,6.508760951
Kandaleru_Dam,2025,11,-0.007119739,0.985861186,-0.023685941,0.030800486,29.60722344,25.35247004,20.74285995,159.5675459,1.409200853,,,,0.330363528,30.67709637,6.508760951
Kandaleru_Dam,2025,12,-0.010221207,0.979764417,-0.042438773,0.052637147,25.73711746,22.24927561,18.47115308,94.00027267,1.195182204,,,,0.336734382,30.67709637,6.508760951
Kandaleru_Dam,2026,1,0.014120892,1.028646295,-0.049113893,0.035017287,25.43825512,22.81039626,17.79053535,13.16248298,1.181022399,,,,0.244236095,30.67709637,6.508760951
Kandaleru_Dam,2026,2,0.036706936,1.076211358,-0.021162159,-0.015556861,24.41512978,24.57172919,17.24036519,1.368528118,1.271059485,,,,0.152392637,30.67709637,6.508760951
Kandaleru_Dam,2026,3,-0.015132523,0.970186113,-0.03484266,0.049948848,29.25733622,28.35320982,18.89511179,4.684996188,2.128735134,,,,0.127722586,30.67709637,6.508760951
Kandaleru_Dam,2026,4,-0.003531165,0.99296252,-0.035889001,0.039415171,31.33606996,31.6133259,21.10049803,6.957363725,2.303898874,,,,0.124283557,30.67709637,6.508760951
Krishnagiri_Dam,2016,1,0.202436909,1.507638609,0.019878268,-0.221424145,23.24503114,21.80526094,14.50945656,9.063832452,1.400593826,,,,0.165799869,29.68510966,6.330365525
Krishnagiri_Dam,2016,2,0.16540365,1.396368018,0.032928461,-0.19725775,39.56502341,24.95696659,14.78344561,5.035275443,1.640536738,,,,0.1255587,29.68510966,6.330365525
Krishnagiri_Dam,2016,3,0.14310425,1.334006207,0.03261461,-0.17490254,46.17896764,27.7747222,16.42505444,5.550503871,1.510331561,,,,0.123275675,29.68510966,6.330365525
Krishnagiri_Dam,2016,4,0.136234044,1.315442032,0.041448104,-0.176684474,49.12173448,30.51873648,17.71165246,5.227666163,1.380000925,,,,0.124608845,29.68510966,6.330365525
Krishnagiri_Dam,2016,6,0.191006025,1.472206298,0.019965309,-0.210169853,39.42060865,25.99432519,20.24267517,162.1172593,3.543927602,,,,0.345417658,29.68510966,6.330365525
Krishnagiri_Dam,2016,8,0.224989452,1.580610038,0.004750607,-0.229494766,7.426253953,26.51460944,18.64942102,74.51403585,4.086789293,,,,0.224346551,29.68510966,6.330365525
Krishnagiri_Dam,2016,11,0.18880121,1.465486912,0.042392225,-0.229357724,36.67315791,25.02677983,14.04291912,9.212515814,1.588384793,,,,0.13418808,29.68510966,6.330365525
Krishnagiri_Dam,2016,12,0.180992068,1.441978792,0.023459547,-0.203587185,33.22249321,22.42266463,15.16315069,71.26251285,1.412874997,,,,0.233624181,29.68510966,6.330365525
Krishnagiri_Dam,2017,1,0.161576149,1.385428321,0.011145253,-0.172410922,29.45362781,22.47515546,14.28811831,13.54505006,1.6902592,,,,0.156636269,29.68510966,6.330365525
Krishnagiri_Dam,2017,2,0.134145873,1.309857905,0.042586231,-0.17572821,36.36158253,24.01925494,11.08781761,5.648686728,1.600198577,,,,0.142181169,29.68510966,6.330365525
Krishnagiri_Dam,2017,3,0.163828618,1.391854161,0.026075892,-0.189096693,29.86856765,27.50310804,15.92691326,21.94111582,1.36426055,,,,0.161307755,29.68510966,6.330365525
Krishnagiri_Dam,2017,4,0.165860152,1.397679482,0.029743127,-0.194643066,41.93658623,30.65403415,15.8972315,28.01042692,0.474871159,,,,0.138673782,29.68510966,6.330365525
Krishnagiri_Dam,2017,5,0.181528345,1.44357882,0.016884885,-0.197806936,33.43580024,28.68675571,20.37643723,116.0790324,1.468759621,,,,0.274567983,29.68510966,6.330365525
Krishnagiri_Dam,2017,6,0.219084423,1.561096306,0.016429365,-0.234669116,44.14775544,26.81004399,19.85392715,92.11496075,3.8241216,,,,0.236525875,29.68510966,6.330365525
Krishnagiri_Dam,2017,7,0.191570481,1.473932424,0.033799061,-0.223919684,39.01267752,27.1404265,18.67229971,99.68787476,4.192201933,,,,0.17267662,29.68510966,6.330365525
Krishnagiri_Dam,2017,12,0.227890945,1.590307661,0.014206875,-0.241316529,31.77973807,21.9271365,16.02262239,23.82120273,1.650875058,,,,0.240776657,29.68510966,6.330365525
Krishnagiri_Dam,2018,1,0.195853058,1.487107637,0.025911719,-0.220645028,31.88449354,22.38355227,13.17944523,7.893069002,1.433767785,,,,0.131653365,29.68510966,6.330365525
Krishnagiri_Dam,2018,3,0.137234715,1.318127578,0.03890541,-0.175204677,40.99281722,26.85313931,13.44522676,28.74431354,1.259152552,,,,0.143777683,29.68510966,6.330365525
Krishnagiri_Dam,2018,4,0.151778723,1.357875302,0.025058811,-0.1761675,36.42352355,29.36293201,17.49185251,20.18947826,1.513805808,,,,0.127465121,29.68510966,6.330365525
Krishnagiri_Dam,2018,5,0.20028845,1.500901732,0.01671092,-0.216275495,43.61250139,28.83062105,20.02861178,167.0597459,0.652587114,,,,0.195574443,29.68510966,6.330365525
Krishnagiri_Dam,2018,9,0.198802151,1.49626232,0.025204495,-0.222889811,39.62663528,26.38608208,18.94563692,144.8996196,1.5856715,,,,0.24536989,29.68510966,6.330365525
Krishnagiri_Dam,2018,10,0.271544763,1.745535893,-0.010395334,-0.261888687,37.6579365,24.72115659,18.29966353,172.9126244,0.766187977,,,,0.292563715,29.68510966,6.330365525
Krishnagiri_Dam,2018,11,0.237627863,1.623390734,0.011862395,-0.248788963,32.12258374,23.69222029,17.60125559,19.8610228,1.723464449,,,,0.254861471,29.68510966,6.330365525
Krishnagiri_Dam,2019,1,0.184704228,1.453097474,0.031603242,-0.215052156,32.27208602,22.12841164,11.98118168,9.929057629,1.674929443,,,,0.133328079,29.68510966,6.330365525
Krishnagiri_Dam,2019,2,0.166728969,1.400179445,0.034402841,-0.199984708,37.63970853,25.87625111,14.23488234,8.971410186,1.673452928,,,,0.126737617,29.68510966,6.330365525
Krishnagiri_Dam,2019,3,0.13948012,1.324176405,0.041035215,-0.179488018,43.37691436,28.4791683,13.76272436,4.643859993,1.700754631,,,,0.122135101,29.68510966,6.330365525
Krishnagiri_Dam,2019,4,0.122565838,1.279373298,0.041318492,-0.163058563,48.10331283,29.73154185,16.1295095,40.95323551,1.122995139,,,,0.144255977,29.68510966,6.330365525
Krishnagiri_Dam,2019,5,0.148075449,1.347625734,0.03243389,-0.179646557,43.67041422,29.98217842,19.41939129,111.7382661,1.537606657,,,,0.175897147,29.68510966,6.330365525
Krishnagiri_Dam,2019,8,0.194097106,1.481688569,0.020554226,-0.21379838,39.27251687,25.90311675,19.39688868,206.2867409,4.154535581,,,,0.258396108,29.68510966,6.330365525
Krishnagiri_Dam,2019,11,0.256108892,1.688565543,-0.005045418,-0.251388312,31.37479861,24.21163985,19.22207784,42.41981381,1.696775563,,,,0.280709945,29.68510966,6.330365525
Krishnagiri_Dam,2020,1,0.215960612,1.550892251,0.022090859,-0.236921178,35.02925739,23.73715773,15.48644444,14.53889191,1.706187383,,,,0.161070629,29.68510966,6.330365525
Krishnagiri_Dam,2020,2,0.178250287,1.43383109,0.044758875,-0.221244014,35.74478787,24.67053594,14.54838971,5.482820834,2.082451951,,,,0.123528075,29.68510966,6.330365525
Krishnagiri_Dam,2020,3,0.145845388,1.34149646,0.034725889,-0.179661362,41.73175783,27.35332941,15.73411036,8.266821092,1.848368013,,,,0.129707603,29.68510966,6.330365525
Krishnagiri_Dam,2020,4,0.147208868,1.345240147,0.037014344,-0.183224849,48.31597327,29.11405379,17.11082723,61.33377819,1.285320157,,,,0.137012545,29.68510966,6.330365525
Krishnagiri_Dam,2020,7,0.269585412,1.73817094,-0.007384133,-0.262724272,32.86140654,25.55668641,20.52101169,160.6624435,2.506599431,,,,0.343935731,29.68510966,6.330365525
Krishnagiri_Dam,2020,10,0.312121054,1.90748832,-0.017689095,-0.296066585,33.8217848,25.01227115,19.06406485,199.656261,1.902005029,,,,0.304959307,29.68510966,6.330365525
Krishnagiri_Dam,2021,2,0.159550642,1.379679372,0.024870729,-0.183692453,36.31699663,23.08038344,12.80553598,9.063728275,1.601279926,,,,0.154392992,29.68510966,6.330365525
Krishnagiri_Dam,2021,3,0.160587726,1.382619439,0.030139261,-0.189808316,42.77106523,26.90429625,12.27865751,10.47776128,1.502668305,,,,0.122697789,29.68510966,6.330365525
Krishnagiri_Dam,2021,4,0.189178196,1.466633225,0.017062607,-0.205577226,41.60077257,28.85559184,16.9666929,59.32733004,0.571815601,,,,0.156416363,29.68510966,6.330365525
Krishnagiri_Dam,2021,5,0.206059222,1.519079579,0.019562761,-0.224716133,43.34417828,28.28782275,19.56739888,101.6283723,1.152368385,,,,0.196963382,29.68510966,6.330365525
Krishnagiri_Dam,2021,7,0.221955472,1.570546965,0.00177493,-0.223642296,12.99489604,25.72127128,19.71545864,172.440349,3.600633448,,,,0.315719276,29.68510966,6.330365525
Krishnagiri_Dam,2021,8,0.239881217,1.631167713,-0.003566321,-0.236517235,27.01452758,26.06569328,19.40347806,172.2334084,3.061470364,,,,0.245417298,29.68510966,6.330365525
Krishnagiri_Dam,2021,9,0.248267735,1.660521696,-0.023454313,-0.226130167,26.43652703,25.78265375,19.57811269,144.4542019,2.754744253,,,,0.280424733,29.68510966,6.330365525
Krishnagiri_Dam,2021,12,0.245740595,1.651607638,0.004107243,-0.249595917,30.47404137,21.66320108,17.22451188,27.82128016,1.427422085,,,,0.30986185,29.68510966,6.330365525
Krishnagiri_Dam,2022,2,0.146832405,1.344205302,0.032356021,-0.178341143,38.64225081,23.78807002,14.27251012,5.465233366,1.495277981,,,,0.131613391,29.68510966,6.330365525
Krishnagiri_Dam,2022,3,0.144351159,1.337407479,0.025139287,-0.168877608,43.86177532,26.69101628,13.80151577,14.3819073,1.053806802,,,,0.125556392,29.68510966,6.330365525
Krishnagiri_Dam,2022,4,0.15678482,1.371873807,0.0315323,-0.1873907,43.64129371,28.31034853,18.40882907,61.20980313,0.995282224,,,,0.16068698,29.68510966,6.330365525
Krishnagiri_Dam,2022,5,0.170621389,1.41144391,0.019033762,-0.189041227,41.6314251,27.16719624,20.29364591,221.4152247,2.294175953,,,,0.269145309,29.68510966,6.330365525
Krishnagiri_Dam,2022,6,0.230382536,1.598693628,0.003524216,-0.233716993,27.75693191,26.42831482,20.25675329,148.5741463,2.791404483,,,,0.307583491,29.68510966,6.330365525
Krishnagiri_Dam,2022,9,0.290665527,1.819544344,-0.007888017,-0.283427346,28.5905035,25.30388245,19.67979344,123.099329,2.244114306,,,,0.304364692,29.68510966,6.330365525
Krishnagiri_Dam,2023,1,0.220849467,1.566898072,0.011435892,-0.231700175,30.75620619,21.29653893,13.84710655,8.8493664,1.650620031,,,,0.184980044,29.68510966,6.330365525
Krishnagiri_Dam,2023,2,0.175734674,1.426403171,0.028974716,-0.203672319,37.2081214,23.71060921,10.9596767,5.142786985,1.638141219,,,,0.127728303,29.68510966,6.330365525
Krishnagiri_Dam,2023,3,0.139827668,1.325115474,0.027675365,-0.166857331,40.18516774,25.96756844,14.94744107,28.6189315,1.076755366,,,,0.160418295,29.68510966,6.330365525
Krishnagiri_Dam,2023,4,0.195034384,1.484578175,0.01920111,-0.213436203,43.02325116,28.34436883,16.33765354,16.08781835,1.139656446,,,,0.150387171,29.68510966,6.330365525
Krishnagiri_Dam,2023,5,0.235361951,1.615616633,0.002080139,-0.237325898,40.83003575,27.98185376,20.59323457,231.4688714,1.33735282,,,,0.270942791,29.68510966,6.330365525
Krishnagiri_Dam,2023,9,0.233004816,1.607578302,-0.001623814,-0.231468579,33.77576671,26.62976006,19.93500542,215.1409064,2.887017786,,,,0.283288998,29.68510966,6.330365525
Krishnagiri_Dam,2023,10,0.287509888,1.8070565,-0.015241708,-0.273466549,36.71111185,26.14237271,18.60387852,104.1694418,0.348040623,,,,0.229519013,29.68510966,6.330365525
Krishnagiri_Dam,2023,11,0.263993682,1.717367977,-0.007777942,-0.256742917,27.46851987,23.78696889,19.86022689,68.91466258,1.556576213,,,,0.326651679,29.68510966,6.330365525
Krishnagiri_Dam,2024,1,0.175881483,1.426835411,0.017844887,-0.193120245,34.51733046,22.81143214,16.90723471,19.16882649,1.585884343,,,,0.237727011,29.68510966,6.330365525
Krishnagiri_Dam,2024,2,0.120488268,1.273988994,0.023370301,-0.143454623,30.86238481,25.49055642,15.61767248,4.641214676,1.72984179,,,,0.132148019,29.68510966,6.330365525
Krishnagiri_Dam,2024,3,0.134279516,1.310214483,0.032763362,-0.166311201,39.76244629,28.15707546,14.99659498,3.770463598,1.820464408,,,,0.122022096,29.68510966,6.330365525
Krishnagiri_Dam,2024,4,0.128414766,1.294669439,0.040677204,-0.168213299,46.85205961,30.6078797,16.21147772,5.151361383,1.998230826,,,,0.12162963,29.68510966,6.330365525
Krishnagiri_Dam,2024,5,0.129308267,1.297024222,0.036295187,-0.164829863,48.20764793,28.91507543,20.90966511,160.6867534,0.797980398,,,,0.257569159,29.68510966,6.330365525
Krishnagiri_Dam,2024,6,0.289272939,1.814019768,-0.009808295,-0.280259818,38.13500406,27.02169478,20.81425546,266.6018417,3.148214155,,,,0.294889238,29.68510966,6.330365525
Krishnagiri_Dam,2024,8,0.298645221,1.851623827,-0.015811178,-0.284175902,35.63809168,25.84633803,20.86694903,180.151205,2.071002023,,,,0.335195849,29.68510966,6.330365525
Krishnagiri_Dam,2024,10,0.289982354,1.816831402,-0.019612588,-0.271916237,25.96472349,24.97915094,20.72377679,358.5887983,0.265984969,,,,0.333926785,29.68510966,6.330365525
Krishnagiri_Dam,2025,1,0.261492159,1.708163529,-0.00421935,-0.257556979,30.61669147,21.42915716,15.60701818,12.74991814,1.643290913,,,,0.216173234,29.68510966,6.330365525
Krishnagiri_Dam,2025,2,0.187884932,1.4627052,0.018954131,-0.206105083,36.75666792,24.25094768,12.94923697,4.846767078,1.370261775,,,,0.128473078,29.68510966,6.330365525
Krishnagiri_Dam,2025,3,0.157171654,1.37296243,0.021754438,-0.178316396,41.20584582,27.21090613,15.60708147,21.54408609,1.412017673,,,,0.140685215,29.68510966,6.330365525
Krishnagiri_Dam,2025,4,0.191725215,1.474406028,0.013845657,-0.205026616,41.26332495,28.35894769,18.72454643,26.4717741,0.540116331,,,,0.206066238,29.68510966,6.330365525
Krishnagiri_Dam,2025,5,0.226065642,1.58419849,0.005848365,-0.231607795,39.68474179,27.51443806,20.08089089,237.1225069,2.172928242,,,,0.274597065,29.68510966,6.330365525
Krishnagiri_Dam,2025,6,0.274603615,1.757113271,-0.007923433,-0.267261691,39.66953736,26.63460484,19.66480219,70.54047585,3.875374299,,,,0.248373265,29.68510966,6.330365525
Krishnagiri_Dam,2025,9,0.302114993,1.865801645,-0.012151342,-0.29103206,34.02760383,25.84775887,19.09504293,147.9793921,3.010989992,,,,0.262748549,29.68510966,6.330365525
Krishnagiri_Dam,2025,11,0.298216925,1.849883493,-0.012251309,-0.287014236,37.05285405,23.47166492,17.63660723,17.45327315,1.64544227,,,,0.239988052,29.68510966,6.330365525
Krishnagiri_Dam,2026,1,0.184501501,1.452487654,0.017088138,-0.200956068,32.49532059,21.63095028,14.048781,20.38188487,1.842383609,,,,0.170124772,29.68510966,6.330365525
Krishnagiri_Dam,2026,2,0.164716975,1.394397994,0.026606721,-0.190488864,32.63935797,23.80388658,12.89316235,4.976420064,1.591746286,,,,0.123382387,29.68510966,6.330365525
Krishnagiri_Dam,2026,3,0.145953971,1.341794158,0.027628711,-0.172885518,43.87129953,27.24456724,14.42132147,10.44073324,1.454690803,,,,0.124786951,29.68510966,6.330365525
Krishnagiri_Dam,2026,4,0.152212851,1.359082705,0.026547507,-0.178040918,41.33434767,30.12853586,16.01685545,26.37886147,1.17468103,,,,0.120690431,29.68510966,6.330365525
Krishnagiri_Dam,2026,5,0.156290336,1.370483692,0.025702202,-0.181264398,44.35729227,,,,,,,,,29.68510966,6.330365525
KRS_Dam,2016,1,0.073304563,1.158206374,-0.017355195,-0.056020638,25.46388764,22.48175624,12.88277908,0.306286884,2.045321962,,,,0.152670542,34.27341577,6.597156105
KRS_Dam,2016,3,0.086738774,1.189953919,-0.006503014,-0.080281044,34.6650283,27.67786663,15.14264936,9.098505616,0.691923906,,,,0.121209565,34.27341577,6.597156105
KRS_Dam,2016,4,0.086717714,1.189903419,-0.00083729,-0.08588666,34.97314618,28.79606667,18.36346181,12.05088472,0.782806388,,,,0.127955606,34.27341577,6.597156105
KRS_Dam,2016,5,0.115394372,1.260894501,0.004447496,-0.119780394,34.87926433,26.56900565,20.33926608,209.0282353,1.817035399,,,,0.231116305,34.27341577,6.597156105
KRS_Dam,2016,12,0.037449306,1.07781264,0.010767577,-0.048197448,20.31245889,22.41781857,12.97906866,9.569938719,1.743627449,,,,0.201272493,34.27341577,6.597156105
KRS_Dam,2017,1,0.07295467,1.157391809,-0.001955446,-0.071009355,28.37702879,22.733619,12.20102836,0.313121906,2.109859897,,,,0.138431488,34.27341577,6.597156105
KRS_Dam,2017,2,0.076699934,1.166143027,0.002359251,-0.079044882,28.52898226,24.389407,8.556593763,3.099308804,2.256048734,,,,0.128608227,34.27341577,6.597156105
KRS_Dam,2017,3,0.087116892,1.190861001,0.000551496,-0.087664176,35.73346669,27.03629017,14.00561842,15.9814328,0.603037803,,,,0.126874985,34.27341577,6.597156105
KRS_Dam,2017,4,0.09637241,1.213301168,0.004285105,-0.100615965,34.87994003,27.74236423,18.52902404,42.56094038,1.3117249,,,,0.14127352,34.27341577,6.597156105
KRS_Dam,2017,5,0.132164539,1.304584326,0.001934092,-0.134064362,35.03043725,26.02739489,20.53061859,236.8757076,1.867899722,,,,0.292638266,34.27341577,6.597156105
KRS_Dam,2017,12,0.083316445,1.181777985,-0.014054966,-0.069342679,26.66490207,21.70181308,14.63318397,5.399397165,1.927393842,,,,0.212636353,34.27341577,6.597156105
KRS_Dam,2018,1,0.071887132,1.154910322,-0.014913872,-0.057034407,25.81385877,22.09705719,12.07137757,0.274600869,1.731696111,,,,0.124407696,34.27341577,6.597156105
KRS_Dam,2018,2,0.074277237,1.160474042,-0.007372474,-0.06694142,29.1393379,23.53835115,10.62612768,2.142127186,2.150003604,,,,0.134538651,34.27341577,6.597156105
KRS_Dam,2018,3,0.076789595,1.1663534,-0.005729424,-0.071091448,30.05793974,25.86108569,12.85528063,33.55346245,1.181421766,,,,0.155082928,34.27341577,6.597156105
KRS_Dam,2018,4,0.127058316,1.291103789,-0.010869297,-0.116349702,20.00291544,27.21033327,17.99515654,52.41494322,0.184768527,,,,0.183035045,34.27341577,6.597156105
KRS_Dam,2018,5,0.163920687,1.392117551,-0.004526999,-0.159512057,25.92135057,25.5118679,20.75922491,381.7353668,0.988110717,,,,0.324135811,34.27341577,6.597156105
KRS_Dam,2018,11,0.118864141,1.269797534,-0.018231502,-0.10085119,25.62900803,22.97786482,16.07212961,10.07142287,2.214093705,,,,0.236469396,34.27341577,6.597156105
KRS_Dam,2019,1,0.062650265,1.133675325,-0.016088216,-0.046609028,25.9771139,21.7711289,9.677423485,0.281416986,1.929187721,,,,0.126691572,34.27341577,6.597156105
KRS_Dam,2019,2,0.075409197,1.163119072,-0.008315479,-0.067135816,29.28661169,25.0408949,12.72994721,2.894419029,1.366509753,,,,0.121884505,34.27341577,6.597156105
KRS_Dam,2019,3,0.08175044,1.17805713,-0.010916964,-0.07089675,31.6436598,27.30728279,13.74066507,5.315137684,0.587243356,,,,0.117240188,34.27341577,6.597156105
KRS_Dam,2019,4,0.089881906,1.197517018,-0.007180181,-0.082755132,34.07190171,27.82760304,17.6956255,53.50194263,0.450227033,,,,0.166920556,34.27341577,6.597156105
KRS_Dam,2019,5,0.119057383,1.270295432,-0.007069061,-0.112082653,30.81069347,26.84917953,20.34656651,193.921207,1.936829971,,,,0.229930509,34.27341577,6.597156105
KRS_Dam,2019,6,0.160622986,1.382719524,-0.016882368,-0.144131459,1.899408043,24.63562828,20.29498829,102.1364913,3.491619623,,,,0.312632328,34.27341577,6.597156105
KRS_Dam,2019,11,0.08643508,1.189225917,-0.021797792,-0.064759301,27.64416931,22.67298968,18.80001566,49.43130374,1.809571327,,,,0.370782598,34.27341577,6.597156105
KRS_Dam,2019,12,0.074375562,1.16070354,-0.013216346,-0.061219393,26.2749093,21.66210348,17.19345403,7.452611953,2.655460307,,,,0.327471866,34.27341577,6.597156105
KRS_Dam,2020,1,0.065284323,1.139688089,-0.013392696,-0.051937038,27.01653069,22.86339418,14.74224606,0.275284963,1.715759814,,,,0.178352048,34.27341577,6.597156105
KRS_Dam,2020,2,0.083978253,1.183354277,-0.010968417,-0.073077148,19.55537617,24.20016115,12.8814761,1.96806626,2.123775439,,,,0.121369921,34.27341577,6.597156105
KRS_Dam,2020,3,0.08343971,1.182071406,-0.017672986,-0.065863849,32.0282955,26.8320183,15.13341941,5.360082626,0.697497378,,,,0.12688204,34.27341577,6.597156105
KRS_Dam,2020,4,0.093314168,1.205835724,-0.017857165,-0.075582948,32.84893878,27.52642629,16.94524292,47.42212054,0.33769215,,,,0.15935705,34.27341577,6.597156105
KRS_Dam,2020,5,0.105133157,1.234969386,-0.01464303,-0.090629648,32.10910938,27.57637679,19.48156136,200.6067257,1.315765508,,,,0.183933791,34.27341577,6.597156105
KRS_Dam,2020,7,0.146266989,1.342652767,-0.024332211,-0.122370294,28.64176755,22.81761761,19.93198962,156.41465,2.925705371,,,,0.389932694,34.27341577,6.597156105
KRS_Dam,2020,11,0.097934346,1.217133521,-0.020280751,-0.077808136,26.43226717,22.31341398,17.65404659,39.55882847,2.217937277,,,,0.31545283,34.27341577,6.597156105
KRS_Dam,2020,12,0.088393678,1.193929499,-0.015121453,-0.073370295,25.06320163,21.14013055,16.13583129,7.476940751,2.500625743,,,,0.303730872,34.27341577,6.597156105
KRS_Dam,2021,1,0.074172912,1.160230593,-0.02308047,-0.051180059,24.58453721,21.83984528,15.72187861,0.72038858,2.359323775,,,,0.279547086,34.27341577,6.597156105
KRS_Dam,2021,2,0.063618666,1.135881961,-0.020744236,-0.042931087,26.21058233,22.95611005,12.19628305,2.425068781,1.710164559,,,,0.153731664,34.27341577,6.597156105
KRS_Dam,2021,3,0.072847767,1.157143054,-0.021221962,-0.05170574,28.95695418,26.39059287,10.88417089,6.162987232,1.262743248,,,,0.119996512,34.27341577,6.597156105
KRS_Dam,2021,4,0.096259525,1.213024707,-0.012924317,-0.083439014,31.66976786,26.5133528,17.93467522,66.18710417,0.399758282,,,,0.200587527,34.27341577,6.597156105
KRS_Dam,2021,5,0.105699792,1.236385479,-0.019831653,-0.086048514,39.30580082,24.93339619,19.91748603,246.6760941,1.754889142,,,,0.281706041,34.27341577,6.597156105
KRS_Dam,2022,2,0.074456892,1.160893408,-0.020976807,-0.053563745,30.57036784,23.42767196,12.61126977,1.627739526,1.643395689,,,,0.123299462,34.27341577,6.597156105
KRS_Dam,2022,3,0.088948462,1.195265489,-0.01136516,-0.077661811,29.7219762,25.85208609,13.45462345,14.00869453,0.894051226,,,,0.124874566,34.27341577,6.597156105
KRS_Dam,2022,4,0.094193884,1.207978026,-0.018445009,-0.075880711,31.21446312,26.84258052,17.96639743,93.44670081,0.223181113,,,,0.180490345,34.27341577,6.597156105
KRS_Dam,2022,5,0.127675762,1.292725472,-0.014811124,-0.113078472,30.65385072,24.370421,20.14071937,310.792308,2.370721841,,,,0.308208527,34.27341577,6.597156105
KRS_Dam,2022,6,0.070293091,1.151215593,0.002464391,-0.07274488,18.57577933,23.59379063,19.84978443,136.8296766,3.093833552,,,,0.345887693,34.27341577,6.597156105
KRS_Dam,2022,10,0.117437488,1.26612843,-0.041793083,-0.076017505,29.61257605,22.29070999,18.60723945,201.1871344,0.540875185,,,,0.370795609,34.27341577,6.597156105
KRS_Dam,2023,1,0.097421688,1.215874205,-0.014967273,-0.08257482,25.55152005,20.9762868,12.0064175,0.286432261,2.341308032,,,,0.174367453,34.27341577,6.597156105
KRS_Dam,2023,2,0.072783167,1.156992765,-0.019057748,-0.053800044,27.56906475,23.20958615,9.579584626,2.088822916,2.378537916,,,,0.123386814,34.27341577,6.597156105
KRS_Dam,2023,3,0.082561593,1.179982857,-0.005445692,-0.077150588,27.40318216,25.32357272,11.8088322,9.482714534,0.758701627,,,,0.123227109,34.27341577,6.597156105
KRS_Dam,2023,4,0.089806918,1.197335971,-0.009740154,-0.080136862,32.32926772,27.2137753,15.74204265,21.38166416,0.565695521,,,,0.137715615,34.27341577,6.597156105
KRS_Dam,2023,5,0.12357792,1.282005493,-0.005315786,-0.118339874,35.14914248,25.65355025,20.34119219,215.2465916,1.639271925,,,,0.311666714,34.27341577,6.597156105
KRS_Dam,2023,8,0.089083616,1.195591204,-0.031483397,-0.057762223,30.60879713,24.04407746,18.94095048,29.81447124,2.871371814,,,,0.266056963,34.27341577,6.597156105
KRS_Dam,2023,10,0.117567246,1.266461656,-0.022189956,-0.095626763,29.77068839,24.10020989,18.24196761,101.6292349,0.091086929,,,,0.301454606,34.27341577,6.597156105
KRS_Dam,2023,11,0.118823114,1.269691853,-0.010575957,-0.108383358,29.25922733,23.11808325,18.65443261,65.09827995,2.046435877,,,,0.341151619,34.27341577,6.597156105
KRS_Dam,2024,1,0.078681834,1.170802742,-0.019069248,-0.059702163,29.59319635,23.23754416,15.11459148,0.649360549,1.837533012,,,,0.196749041,34.27341577,6.597156105
KRS_Dam,2024,2,0.077673489,1.168429483,-0.004265465,-0.073432353,31.03301994,25.599923,12.83417751,1.565175653,1.88206651,,,,0.119152003,34.27341577,6.597156105
KRS_Dam,2024,3,0.088873934,1.195085921,-0.008515919,-0.080418879,33.10709784,27.68497312,14.55110134,3.17072919,0.726430067,,,,0.116758449,34.27341577,6.597156105
KRS_Dam,2024,4,0.09603095,1.212465127,-0.00032051,-0.095713386,35.73142293,29.50560377,15.993707,18.50521135,0.599327509,,,,0.118517537,34.27341577,6.597156105
KRS_Dam,2024,9,0.107585126,1.241110114,-0.019376059,-0.08839333,30.3187674,23.57591055,19.24374784,63.92829406,2.963329222,,,,0.307268227,34.27341577,6.597156105
KRS_Dam,2024,11,0.115908395,1.262209016,-0.026895379,-0.089291372,29.13628042,22.05590774,17.94684925,25.81375188,1.908780505,,,,0.359028074,34.27341577,6.597156105
KRS_Dam,2024,12,0.053000923,1.111934477,-0.019545178,-0.033490438,25.70109599,21.67383679,17.71825568,30.27834713,1.507984549,,,,0.347440699,34.27341577,6.597156105
KRS_Dam,2025,1,0.088311186,1.193730986,-0.014704439,-0.073702455,26.37506237,21.16232196,14.12556499,0.322855683,2.40408888,,,,0.211485729,34.27341577,6.597156105
KRS_Dam,2025,2,0.075582133,1.163523739,-0.011001656,-0.064634223,26.18409342,24.0050632,10.84363161,1.565176032,2.306456493,,,,0.125767208,34.27341577,6.597156105
KRS_Dam,2025,3,0.089976763,1.197746078,-0.015895397,-0.074187471,30.26908529,26.41624415,15.23520805,35.89719462,0.946852696,,,,0.135303067,34.27341577,6.597156105
KRS_Dam,2025,4,0.110276716,1.247889918,-0.020985097,-0.089498734,32.33422678,26.4460218,18.83129014,69.38979328,0.599957713,,,,0.214707629,34.27341577,6.597156105
KRS_Dam,2025,10,0.116918447,1.264796487,-0.024270295,-0.092911802,31.11441639,22.73855192,19.36045684,282.2544041,0.52972258,,,,0.372205775,34.27341577,6.597156105
KRS_Dam,2025,12,0.087756252,1.192396499,-0.013118923,-0.074723355,27.52726217,20.72500068,13.32992692,5.223756731,2.313083802,,,,0.220721809,34.27341577,6.597156105
KRS_Dam,2026,1,0.081114336,1.176549357,-0.010584404,-0.070590538,24.4702359,21.7523013,12.44913225,0.383384919,2.364774,,,,0.130563244,34.27341577,6.597156105
KRS_Dam,2026,2,0.072224457,1.155693816,-0.010303809,-0.061966763,25.80102475,23.65688486,11.83269685,2.111031085,1.789164829,,,,0.118544011,34.27341577,6.597156105
KRS_Dam,2026,3,0.095130454,1.210263356,-0.025912883,-0.069388621,29.39128564,26.13929801,14.32536895,15.27228391,0.478084579,,,,0.126652543,34.27341577,6.597156105
KRS_Dam,2026,4,0.102198091,1.227662896,-0.02021566,-0.082152158,24.77252291,28.04822716,17.149101,56.19809842,0.691320151,,,,0.121659957,34.27341577,6.597156105
KRS_Dam,2026,5,0.119233877,1.270750371,-0.005541131,-0.113767911,23.23189487,,,,,,,,,34.27341577,6.597156105
Malampuzha_Dam,2016,1,0.207922012,1.525003889,-0.004302685,-0.203801653,32.57443051,24.79430087,14.75981883,3.421665788,1.847774443,,,,0.297480799,30.23126935,5.964097007
Malampuzha_Dam,2016,3,0.184723392,1.453155137,0.011890836,-0.196183308,42.07758236,28.24211761,18.72868924,12.39507973,0.356718536,,,,0.302515338,30.23126935,5.964097007
Malampuzha_Dam,2016,4,0.193555431,1.480021661,0.011840298,-0.204926089,40.15662859,28.23463003,21.73991852,21.41457891,1.33472646,,,,0.383301332,30.23126935,5.964097007
Malampuzha_Dam,2016,5,0.250856589,1.669715798,-0.007771994,-0.243559452,40.86216162,25.96399368,22.52931512,143.1799438,1.570016948,,,,0.443886993,30.23126935,5.964097007
Malampuzha_Dam,2016,12,0.201422215,1.504452337,-0.015315923,-0.1866822,32.37417331,23.42954257,17.59103733,32.59778547,0.76849961,,,,0.393030659,30.23126935,5.964097007
Malampuzha_Dam,2017,1,0.203721654,1.511684526,0.000382979,-0.20408871,33.24869817,24.12592673,14.98945819,7.196629882,1.435927199,,,,0.299982214,30.23126935,5.964097007
Malampuzha_Dam,2017,2,0.188445086,1.464405015,0.010022072,-0.198093038,33.93154316,25.63045518,13.06873395,4.147362635,1.295486579,,,,0.292523793,30.23126935,5.964097007
Malampuzha_Dam,2017,3,0.138847306,1.322468492,-0.000471624,-0.138384744,33.48087224,26.16412272,18.89300134,52.41125274,0.277843565,,,,0.379543099,30.23126935,5.964097007
Malampuzha_Dam,2017,4,0.199149246,1.497344217,-0.000699861,-0.198477048,36.18159958,26.86857408,21.9805784,20.16656369,1.481925759,,,,0.420855776,30.23126935,5.964097007
Malampuzha_Dam,2017,5,0.224684479,1.579594946,-0.005172083,-0.219767785,37.3617298,25.76036542,22.42482432,178.7265625,1.68659654,,,,0.450755786,30.23126935,5.964097007
Malampuzha_Dam,2017,10,0.093682877,1.206733107,-0.008121206,-0.085626818,-123.1485201,23.45902862,21.18208585,212.1188893,0.883245751,,,,0.478923367,30.23126935,5.964097007
Malampuzha_Dam,2017,11,0.257440633,1.693387342,-0.023359017,-0.235497796,30.36681987,24.03344744,19.77539457,90.94863224,0.830117623,,,,0.437305048,30.23126935,5.964097007
Malampuzha_Dam,2017,12,0.244252131,1.646385232,-0.012927424,-0.23205744,37.07662407,23.68661336,17.09187695,17.50468671,1.434191583,,,,0.394454915,30.23126935,5.964097007
Malampuzha_Dam,2018,1,0.207400493,1.523342472,-0.009248513,-0.198532795,30.37422811,24.34428238,14.03614519,3.284472525,1.143805382,,,,0.288985447,30.23126935,5.964097007
Malampuzha_Dam,2018,2,0.197701174,1.492836753,0.007405341,-0.204806669,37.11954941,25.27607146,13.47678337,3.619750112,1.491012182,,,,0.314332871,30.23126935,5.964097007
Malampuzha_Dam,2018,3,0.19269574,1.477380709,0.002342397,-0.194950142,26.40155951,26.91095339,16.63614735,25.4717927,0.32611958,,,,0.331399979,30.23126935,5.964097007
Malampuzha_Dam,2018,11,0.23829445,1.625686526,-0.019343842,-0.219964541,33.34950885,23.9780547,19.69089589,75.17907357,1.048263451,,,,0.44304284,30.23126935,5.964097007
Malampuzha_Dam,2018,12,0.21895423,1.560669394,-0.013299223,-0.206255606,26.93381886,24.47615417,17.90361411,10.83582836,1.12655842,,,,0.370556944,30.23126935,5.964097007
Malampuzha_Dam,2019,1,0.191105589,1.472510593,-0.002225491,-0.188960463,30.7555672,23.99333624,12.05823823,5.113327354,1.562025486,,,,0.290054301,30.23126935,5.964097007
Malampuzha_Dam,2019,2,0.186147192,1.457446825,0.012743492,-0.198419998,36.41895991,26.517501,15.22824985,2.800767839,0.851244611,,,,0.2992437,30.23126935,5.964097007
Malampuzha_Dam,2019,3,0.183361453,1.44906392,0.010635469,-0.193619338,39.97513932,27.78761766,17.48723398,15.40411937,0.321745314,,,,0.302691798,30.23126935,5.964097007
Malampuzha_Dam,2019,4,0.191625642,1.474101237,0.010591805,-0.201807845,39.43737152,27.29218638,21.45742291,54.56996763,0.976328358,,,,0.406478225,30.23126935,5.964097007
Malampuzha_Dam,2019,5,0.235141358,1.614862264,-0.006702639,-0.228799323,32.75518631,26.33090311,22.64821406,62.17341733,1.778832078,,,,0.447352174,30.23126935,5.964097007
Malampuzha_Dam,2019,6,0.263163478,1.714306281,-0.007499903,-0.256169176,31.46435576,24.13872615,22.07273623,288.6353607,2.185295514,,,,0.473139826,30.23126935,5.964097007
Malampuzha_Dam,2019,9,0.197879351,1.493390492,-0.021873456,-0.176771014,13.30083136,23.16253084,21.37615933,206.908287,1.457956982,,,,0.483015209,30.23126935,5.964097007
Malampuzha_Dam,2019,12,0.238605979,1.626760844,-0.008133807,-0.230920337,33.48845219,24.09417725,18.15260379,40.27662504,2.314482056,,,,0.373465671,30.23126935,5.964097007
Malampuzha_Dam,2020,1,0.201852233,1.505801661,0.000594623,-0.20242256,34.17431141,25.41949402,15.89151837,4.993864179,1.572201048,,,,0.28989796,30.23126935,5.964097007
Malampuzha_Dam,2020,2,0.195427084,1.485790859,0.008612623,-0.203696856,36.23638259,26.4183022,14.77533105,2.558346629,1.675925099,,,,0.276606045,30.23126935,5.964097007
Malampuzha_Dam,2020,3,0.222251386,1.571524995,-0.001507414,-0.220817952,40.62397061,27.31499408,18.79586744,22.46088088,0.24980386,,,,0.328833447,30.23126935,5.964097007
Malampuzha_Dam,2020,4,0.224624935,1.579396851,-0.011628186,-0.213554549,39.25007431,27.5171815,20.3031151,49.85814798,0.665684848,,,,0.34090485,30.23126935,5.964097007
Malampuzha_Dam,2020,5,0.189025035,1.466167374,-0.00947597,-0.17987125,33.55584436,26.27624658,22.74674271,107.4960208,1.338218734,,,,0.435887388,30.23126935,5.964097007
Malampuzha_Dam,2020,7,0.18778289,1.462395799,-0.011164379,-0.176989566,31.24221909,23.17271096,21.60757923,658.5627174,1.747311713,,,,0.481188887,30.23126935,5.964097007
Malampuzha_Dam,2020,10,0.277221554,1.767099672,-0.025631376,-0.253390663,19.20105076,23.1454748,20.93136524,96.13242865,1.411366398,,,,0.466981396,30.23126935,5.964097007
Malampuzha_Dam,2020,12,0.23751798,1.623012672,-0.01959235,-0.218944496,33.5734559,23.43905318,17.74658188,55.19685096,1.976486921,,,,0.394189978,30.23126935,5.964097007
Malampuzha_Dam,2021,1,0.206048008,1.519043997,-0.011900323,-0.194624913,31.23038599,23.78569068,17.57838168,37.76640755,1.905539385,,,,0.388620623,30.23126935,5.964097007
Malampuzha_Dam,2021,2,0.199161064,1.49738107,-0.003121514,-0.1961615,33.95700151,25.43189653,14.29184667,2.792770296,1.388756988,,,,0.297684147,30.23126935,5.964097007
Malampuzha_Dam,2021,3,0.198453678,1.495177067,-0.003090708,-0.195482872,37.1279823,27.4523132,15.3323632,55.91025865,0.443570561,,,,0.296371337,30.23126935,5.964097007
Malampuzha_Dam,2021,4,0.241657519,1.637330825,-0.016571129,-0.225991382,36.4632282,26.02494405,21.34843932,55.02444586,0.904678973,,,,0.414284515,30.23126935,5.964097007
Malampuzha_Dam,2022,1,0.208687492,1.527446465,-0.016654505,-0.192702742,29.64843877,24.5617191,16.12498672,7.918431222,1.165008175,,,,0.291275968,30.23126935,5.964097007
Malampuzha_Dam,2022,2,0.200848328,1.502653838,-0.014091658,-0.187286745,36.37164652,25.69848785,14.91819232,2.885259956,1.105510875,,,,0.282128765,30.23126935,5.964097007
Malampuzha_Dam,2022,3,0.198776593,1.496182692,0.003281868,-0.201926733,37.66195482,26.85840224,16.6324182,33.46179199,0.132977069,,,,0.298593193,30.23126935,5.964097007
Malampuzha_Dam,2022,4,0.190605957,1.470984335,-0.024777023,-0.166615802,33.88777441,26.06985103,21.4720615,122.7112483,0.707399131,,,,0.412607829,30.23126935,5.964097007
Malampuzha_Dam,2022,5,0.24891562,1.66281666,-0.022144329,-0.228028199,31.4539221,24.14109682,22.28797817,142.4659442,1.661527187,,,,0.466658623,30.23126935,5.964097007
Malampuzha_Dam,2022,6,0.055436215,1.117379505,0.000409269,-0.055844217,19.09718762,23.53895935,21.72063946,363.6605778,1.937257918,,,,0.479532221,30.23126935,5.964097007
Malampuzha_Dam,2022,10,0.175455556,1.425581805,-0.012194433,-0.163611183,30.87218117,23.55217672,20.91238636,184.5234102,0.623321706,,,,0.460583923,30.23126935,5.964097007
Malampuzha_Dam,2023,1,0.206343047,1.519980442,-0.007575475,-0.199078761,31.79571261,24.09491815,13.35779099,7.823226035,1.853074673,,,,0.296563056,30.23126935,5.964097007
Malampuzha_Dam,2023,2,0.192268254,1.476069575,0.000287192,-0.192544815,35.40811168,25.60798296,11.6258144,4.305735663,1.504363977,,,,0.283322266,30.23126935,5.964097007
Malampuzha_Dam,2023,3,0.190897719,1.471875371,0.006461139,-0.197115732,35.76809058,26.89651564,15.35354143,31.99226129,0.357678341,,,,0.304523427,30.23126935,5.964097007
Malampuzha_Dam,2023,4,0.222361264,1.571888342,-0.001631816,-0.220809569,42.25848282,27.65164151,19.45585287,29.43210015,0.491010688,,,,0.343743727,30.23126935,5.964097007
Malampuzha_Dam,2023,5,0.276174337,1.763096283,-0.015504496,-0.261790814,40.10710104,25.89905859,22.69008752,115.5869431,1.388799796,,,,0.460156513,30.23126935,5.964097007
Malampuzha_Dam,2023,8,0.292905954,1.828478065,-0.024106028,-0.270711365,35.18374057,24.77742865,21.42974102,160.9490585,2.004384629,,,,0.426413218,30.23126935,5.964097007
Malampuzha_Dam,2024,1,0.224296438,1.57830452,-0.010243508,-0.214545867,35.02983433,24.97625069,17.40125721,9.565046608,1.664727419,,,,0.359485729,30.23126935,5.964097007
Malampuzha_Dam,2024,2,0.207673418,1.524211664,-0.001483368,-0.206253588,35.42392805,27.27368659,15.39249064,1.665854961,1.5021216,,,,0.283377746,30.23126935,5.964097007
Malampuzha_Dam,2024,3,0.200621203,1.501942769,-0.002200634,-0.198508209,37.77993236,28.4909207,17.58597408,11.04948521,0.170501229,,,,0.281409582,30.23126935,5.964097007
Malampuzha_Dam,2024,4,0.222704154,1.573022884,0.001792919,-0.224407469,40.12285968,29.57616041,19.90042901,13.99869865,0.707151275,,,,0.286793094,30.23126935,5.964097007
Malampuzha_Dam,2024,9,0.305373426,1.87924487,-0.028370698,-0.279423558,34.94355585,24.09974138,21.4637945,61.02790022,1.900294462,,,,0.458465343,30.23126935,5.964097007
Malampuzha_Dam,2024,11,0.284985787,1.797147196,-0.038865811,-0.248876584,32.27968649,23.89896601,20.23025854,97.45451975,1.006636849,,,,0.427788501,30.23126935,5.964097007
Malampuzha_Dam,2024,12,0.240899357,1.634696755,-0.025502967,-0.21672789,34.19028755,23.86987908,19.24789382,47.63286847,0.678637313,,,,0.407476446,30.23126935,5.964097007
Malampuzha_Dam,2025,1,0.207906653,1.524954929,-0.020098301,-0.188596416,34.25198713,24.61706669,15.50550031,6.076132238,2.266053502,,,,0.302549075,30.23126935,5.964097007
Malampuzha_Dam,2025,2,0.191507851,1.473740782,-0.00075425,-0.190781159,35.22277318,26.57608777,12.65001938,2.131646693,1.624625454,,,,0.277907985,30.23126935,5.964097007
Malampuzha_Dam,2025,3,0.197453061,1.492066075,-0.001109153,-0.196386918,36.22514942,27.20176792,19.04281999,81.44721532,0.225194568,,,,0.338243484,30.23126935,5.964097007
Malampuzha_Dam,2025,4,0.248398419,1.660984292,-0.023693325,-0.2260354,35.28644996,25.9018432,21.99685546,89.79071486,0.959950323,,,,0.434588114,30.23126935,5.964097007
Malampuzha_Dam,2025,12,0.215858763,1.550560928,-0.018747471,-0.197912205,30.4487609,23.21862414,15.89718635,17.22270566,1.652274475,,,,0.362023754,30.23126935,5.964097007
Malampuzha_Dam,2026,1,0.204862482,1.51528818,-0.007710591,-0.197463807,33.8280832,23.99167987,14.48598698,9.854639649,1.979622687,,,,0.290449983,30.23126935,5.964097007
Malampuzha_Dam,2026,2,0.20149392,1.504677236,-0.00015011,-0.201349901,32.9279747,25.24195624,15.17340963,14.74454069,1.27133359,,,,0.294969536,30.23126935,5.964097007
Malampuzha_Dam,2026,3,0.216873612,1.553866182,-0.009743334,-0.207568885,39.84688989,26.87729049,17.99620701,28.75055218,0.144073807,,,,0.308290153,30.23126935,5.964097007
Malampuzha_Dam,2026,4,0.214727356,1.546886122,-0.002190755,-0.212636628,39.82895576,27.73533111,20.73122448,20.45547235,1.06064171,,,,0.335615073,30.23126935,5.964097007
Malampuzha_Dam,2026,5,0.215730831,1.550144873,0.000256608,-0.215975483,17.94515543,,,,,,,,,30.23126935,5.964097007
Manimuthar_Dam,2016,3,0.346574275,2.060791644,-0.030462951,-0.319484335,32.80727,27.72702902,19.09145071,15.95904374,0.651811465,,,,0.164081423,31.43354899,5.405191363
Manimuthar_Dam,2016,4,0.315519912,1.921925757,-0.021173285,-0.296326262,42.91634699,28.62377572,21.59287172,51.23298025,0.643667522,,,,0.216826707,31.43354899,5.405191363
Manimuthar_Dam,2016,8,0.315017272,1.919781652,-0.016710009,-0.299885845,43.74744528,25.56667352,20.36574362,29.13755739,2.730493101,,,,0.232105542,31.43354899,5.405191363
Manimuthar_Dam,2016,9,0.284025524,1.793395669,-0.008081592,-0.276578785,35.47968146,25.80476695,20.0374226,33.82686472,2.675373043,,,,0.208588473,31.43354899,5.405191363
Manimuthar_Dam,2016,10,0.250717983,1.669221941,0.005460319,-0.255828073,40.52820226,25.45823326,20.01422583,56.03088045,1.578714131,,,,0.280649165,31.43354899,5.405191363
Manimuthar_Dam,2016,12,0.29709103,1.845318648,-0.026156064,-0.273056818,29.61268178,24.22976816,18.21680125,33.71107841,0.803831693,,,,0.263388555,31.43354899,5.405191363
Manimuthar_Dam,2017,1,0.286322197,1.80238504,-0.020787565,-0.267124541,34.49884455,24.02397483,16.92667818,33.9556253,1.496709733,,,,0.226337351,31.43354899,5.405191363
Manimuthar_Dam,2017,2,0.319381344,1.938503054,-0.03326575,-0.28918806,26.84147438,24.50232301,15.28965118,28.46081412,1.474397736,,,,0.187275485,31.43354899,5.405191363
Manimuthar_Dam,2017,4,0.292535592,1.82699734,-0.020345724,-0.273819601,36.61089585,28.25758052,20.49267331,28.69797659,1.148043882,,,,0.219967432,31.43354899,5.405191363
Manimuthar_Dam,2017,8,0.212681706,1.540268674,0.00710077,-0.219451059,43.23297271,25.38969605,20.86984537,80.9890337,2.221718285,,,,0.296056829,31.43354899,5.405191363
Manimuthar_Dam,2017,10,0.268413299,1.733783976,-0.014539608,-0.254868347,41.47877953,25.05029346,21.1982035,138.489099,1.240733304,,,,0.351593845,31.43354899,5.405191363
Manimuthar_Dam,2017,12,0.323485058,1.956327904,-0.027691586,-0.298467085,25.85269415,23.00446783,19.12554736,82.87368679,1.20009507,,,,0.347290668,31.43354899,5.405191363
Manimuthar_Dam,2018,1,0.329874246,1.984514457,-0.028337111,-0.304382406,25.19834898,23.39506626,16.77927425,12.98956001,1.354131757,,,,0.21272124,31.43354899,5.405191363
Manimuthar_Dam,2018,3,0.32956845,1.983153164,-0.023622052,-0.308346904,32.46703414,26.02506944,18.54134816,30.91626734,0.740873735,,,,0.240119346,31.43354899,5.405191363
Manimuthar_Dam,2018,4,0.28942438,1.814619507,-0.030764059,-0.260984089,8.214800496,27.26310743,20.59683297,63.49178207,0.128539826,,,,0.235464075,31.43354899,5.405191363
Manimuthar_Dam,2018,7,0.310081294,1.898892264,-0.021760686,-0.290279292,20.82178986,24.75763988,20.68015957,139.0356026,2.704069832,,,,0.331816178,31.43354899,5.405191363
Manimuthar_Dam,2018,9,0.344155591,2.049503772,-0.031250677,-0.316306824,34.58385969,25.78311622,19.91622792,177.5514927,1.575738639,,,,0.235317894,31.43354899,5.405191363
Manimuthar_Dam,2018,11,0.360665882,2.128254764,-0.053523996,-0.31318775,29.63126021,23.29075454,20.61395542,262.0874751,0.831869938,,,,0.404827457,31.43354899,5.405191363
Manimuthar_Dam,2019,1,0.309313343,1.895669084,-0.036008872,-0.276382829,22.47861532,23.23541086,15.2307284,13.04935533,1.823839075,,,,0.18926038,31.43354899,5.405191363
Manimuthar_Dam,2019,2,0.25429041,1.682009226,-0.016144625,-0.239127505,23.44850423,25.19531772,18.4779873,21.0062874,1.308193955,,,,0.235312689,31.43354899,5.405191363
Manimuthar_Dam,2019,3,0.335625482,2.010350256,-0.025307019,-0.312976788,34.39198346,27.59037041,17.34499013,10.26025152,0.689036675,,,,0.162537202,31.43354899,5.405191363
Manimuthar_Dam,2019,4,0.315570322,1.922140967,-0.016891839,-0.30027914,37.12641765,28.09206611,20.73370872,110.2165537,0.409616116,,,,0.226958402,31.43354899,5.405191363
Manimuthar_Dam,2019,5,0.270362431,1.741086923,-0.007184045,-0.263690551,44.01331445,27.81164488,21.92695528,91.73580599,1.826526877,,,,0.263621347,31.43354899,5.405191363
Manimuthar_Dam,2019,7,0.24030753,1.632644232,-0.005613454,-0.235011095,27.53048349,25.37262491,21.00001425,93.8646698,2.217683472,,,,0.315373315,31.43354899,5.405191363
Manimuthar_Dam,2020,1,0.349498247,2.074549746,-0.031803588,-0.321265622,28.79287477,23.43165993,18.40316099,21.6810329,1.596382712,,,,0.251487554,31.43354899,5.405191363
Manimuthar_Dam,2020,4,0.326376092,1.969015762,-0.021439119,-0.307085718,43.4878212,27.85925236,20.30063753,82.79065275,0.120172839,,,,0.221142084,31.43354899,5.405191363
Manimuthar_Dam,2020,7,0.300369086,1.858650127,-0.013185667,-0.288325351,43.1677186,25.40088356,20.91524279,155.2057066,1.93693751,,,,0.334922374,31.43354899,5.405191363
Manimuthar_Dam,2021,2,0.316356329,1.925500643,-0.026023462,-0.292742928,27.38271749,23.77944234,16.92627418,18.75177133,1.517299177,,,,0.217456182,31.43354899,5.405191363
Manimuthar_Dam,2021,4,0.325324275,1.964387078,-0.032719675,-0.295752742,29.92862875,26.77619369,20.77572972,125.6219757,0.715027646,,,,0.286252205,31.43354899,5.405191363
Manimuthar_Dam,2021,7,0.203678654,1.511548898,-0.011262664,-0.1928584,25.40077049,25.08006524,20.84240039,117.826714,2.280109639,,,,0.334152652,31.43354899,5.405191363
Manimuthar_Dam,2021,11,0.401393812,2.341094762,-0.042413249,-0.365197843,33.19582705,23.19399165,21.14251333,450.0488338,0.593652127,,,,0.427073903,31.43354899,5.405191363
Manimuthar_Dam,2021,12,0.351765579,2.085303613,-0.039860168,-0.316340966,25.19350727,22.74417614,19.08815716,73.79865909,1.378682014,,,,0.355479319,31.43354899,5.405191363
Manimuthar_Dam,2022,2,0.365881761,2.153985925,-0.034464466,-0.335649813,28.31399666,24.78174271,17.5795499,49.33141136,1.420559093,,,,0.200464059,31.43354899,5.405191363
Manimuthar_Dam,2022,3,0.273783893,1.754001158,-0.021797044,-0.253499654,29.07838643,26.94746106,17.86929061,16.49047613,0.270412695,,,,0.177584563,31.43354899,5.405191363
Manimuthar_Dam,2022,4,0.351023771,2.081776977,-0.03142517,-0.323163411,30.02827507,26.02612906,21.82252175,235.843443,0.522965744,,,,0.338892555,31.43354899,5.405191363
Manimuthar_Dam,2022,6,0.363284264,2.141119163,-0.03133384,-0.335772553,38.54745501,25.64001911,21.13028573,78.10044956,2.182014994,,,,0.301551628,31.43354899,5.405191363
Manimuthar_Dam,2022,9,0.336192245,2.012920512,-0.025681857,-0.313214697,39.45331377,24.7130323,20.74023724,72.35693479,1.893039235,,,,0.345022625,31.43354899,5.405191363
Manimuthar_Dam,2022,10,0.301847316,1.864702873,-0.018474871,-0.284961559,37.24019847,24.30239111,20.71631169,141.6001406,1.008456142,,,,0.353000258,31.43354899,5.405191363
Manimuthar_Dam,2022,11,0.372905387,2.189311404,-0.047337247,-0.331418443,25.13974244,23.08763254,20.12257924,216.3257681,0.474555181,,,,0.403532643,31.43354899,5.405191363
Manimuthar_Dam,2023,2,0.328375927,1.977856336,-0.028334229,-0.302859588,28.37538847,23.68044331,15.65287525,38.3999362,1.487230291,,,,0.239724992,31.43354899,5.405191363
Manimuthar_Dam,2023,4,0.311771175,1.906010223,-0.02237054,-0.291433234,36.68251613,26.95877946,20.42262352,139.9372809,0.056859569,,,,0.257896678,31.43354899,5.405191363
Manimuthar_Dam,2023,5,0.321064652,1.945788588,-0.030189017,-0.293722578,36.78972516,26.55796701,22.21299036,270.8817339,1.416880059,,,,0.330767867,31.43354899,5.405191363
Manimuthar_Dam,2023,6,0.30306712,1.869716806,-0.024661551,-0.28050207,41.31250661,26.58917332,21.26826423,254.2596197,2.397969495,,,,0.252894345,31.43354899,5.405191363
Manimuthar_Dam,2023,8,0.25772713,1.694426916,-0.004102165,-0.253893391,45.13144333,26.48606037,20.36173779,26.71906674,2.09811954,,,,0.236034551,31.43354899,5.405191363
Manimuthar_Dam,2023,12,0.346610545,2.060961554,-0.041530322,-0.309535947,25.58093412,23.48569921,20.89375887,155.3720779,1.182828417,,,,0.4029938,31.43354899,5.405191363
Manimuthar_Dam,2024,1,0.312055452,1.907211061,-0.035149575,-0.279976836,27.80207944,23.31208231,19.68889161,51.60488617,1.529912961,,,,0.353064397,31.43354899,5.405191363
Manimuthar_Dam,2024,3,0.342737447,2.042924004,-0.029745605,-0.316215639,30.46139443,27.33162813,18.0030984,21.67401522,0.801111624,,,,0.161122018,31.43354899,5.405191363
Manimuthar_Dam,2024,4,0.324196518,1.959440212,-0.032718146,-0.294603261,25.48233312,28.5443308,20.74323319,86.41285336,0.218037411,,,,0.191353014,31.43354899,5.405191363
Manimuthar_Dam,2024,5,0.319135449,1.937441813,-0.027449487,-0.294263744,39.19695641,26.44525524,22.81703605,262.5667081,1.330257206,,,,0.347608997,31.43354899,5.405191363
Manimuthar_Dam,2024,9,0.289479034,1.814836009,-0.014014947,-0.276586206,39.70045382,25.6269712,20.96779569,67.87427711,2.108993183,,,,0.270624994,31.43354899,5.405191363
Manimuthar_Dam,2025,1,0.01616582,1.032862895,0.001583336,-0.017748701,12.89958919,22.58728853,18.5041326,51.48017693,1.752174288,,,,0.328326475,31.43354899,5.405191363
Manimuthar_Dam,2025,2,0.35756317,2.113146551,-0.030903476,-0.330309598,28.54710231,24.11066177,16.88639885,29.49225545,1.619184822,,,,0.208329662,31.43354899,5.405191363
Manimuthar_Dam,2025,3,0.345349747,2.055066413,-0.029637596,-0.318976988,31.2733552,25.654206,19.47887877,97.95370841,0.659707949,,,,0.266423769,31.43354899,5.405191363
Manimuthar_Dam,2025,5,0.345280861,2.054744973,-0.028031632,-0.320349826,38.29692501,26.02166428,21.83305753,233.0097122,1.850556592,,,,0.336475441,31.43354899,5.405191363
Manimuthar_Dam,2025,7,0.351405422,2.083590379,-0.031032848,-0.323904792,33.31697648,24.65381867,20.85803425,74.74729109,2.459156251,,,,0.333205185,31.43354899,5.405191363
Manimuthar_Dam,2025,11,0.389067875,2.273686092,-0.041994259,-0.35283851,35.77139103,23.07504943,19.91212897,378.3303791,0.663936215,,,,0.394190732,31.43354899,5.405191363
Manimuthar_Dam,2026,1,0.337570881,2.019190946,-0.043830866,-0.298151471,25.08782035,22.93993868,16.60955627,17.4889096,1.677275226,,,,0.206139964,31.43354899,5.405191363
Manimuthar_Dam,2026,3,0.345023651,2.053545374,-0.037186886,-0.311837754,30.41481166,25.89545665,18.08917121,28.77236795,0.568967439,,,,0.22193895,31.43354899,5.405191363
Manimuthar_Dam,2026,4,0.31632331,1.925359352,-0.025877794,-0.292842652,32.41354744,28.13574434,20.02672597,79.3325808,0.457457489,,,,0.196055172,31.43354899,5.405191363
Mattupetty_Dam,2016,1,0.346929861,2.062458197,-0.011078694,-0.337147002,23.22101962,18.32622291,12.32502538,11.45880138,0.95108063,,,,0.232123959,29.78081038,4.997489681
Mattupetty_Dam,2016,3,0.325946243,1.9671224,-0.010632525,-0.31641028,30.60872903,21.68432979,13.02258993,35.46115087,0.286846219,,,,0.171451979,29.78081038,4.997489681
Mattupetty_Dam,2016,4,0.336260087,2.013228467,-0.010866973,-0.326586503,31.11292424,22.21466747,15.92487946,78.01978853,0.276642084,,,,0.214390225,29.78081038,4.997489681
Mattupetty_Dam,2016,12,0.334842362,2.006806036,-0.016320248,-0.320272309,24.27797134,17.89768353,13.55991334,47.01758599,0.520572205,,,,0.320940243,29.78081038,4.997489681
Mattupetty_Dam,2017,1,0.327814014,1.975367001,-0.00720466,-0.321368358,23.48593362,17.43373293,11.96674787,27.72680957,0.947118042,,,,0.248714078,29.78081038,4.997489681
Mattupetty_Dam,2017,2,0.319082647,1.937214027,-0.003275746,-0.316137338,25.44691331,18.20553714,9.546380547,7.996566105,1.003660098,,,,0.228848911,29.78081038,4.997489681
Mattupetty_Dam,2017,3,0.322574651,1.952354831,-0.01093519,-0.312742635,28.66910012,19.30039257,14.72934311,142.5152713,0.437625427,,,,0.348874205,29.78081038,4.997489681
Mattupetty_Dam,2017,4,0.310900753,1.902339553,-0.00840637,-0.303287038,31.05777171,20.67548326,16.97189513,52.51973489,0.507320231,,,,0.35465018,29.78081038,4.997489681
Mattupetty_Dam,2017,5,0.311884985,1.906490857,-0.013107121,-0.300004256,21.11368467,19.96315965,17.89027711,224.9266509,0.769761181,,,,0.409056571,29.78081038,4.997489681
Mattupetty_Dam,2017,10,0.052636589,1.111122276,-0.003488742,-0.049156874,-32.01992747,18.42861605,16.60828187,195.854528,0.585023937,,,,0.409144842,29.78081038,4.997489681
Mattupetty_Dam,2017,11,0.330014872,1.985140886,-0.017777148,-0.314080346,24.65806622,18.2973526,15.49307849,181.3826688,0.692105599,,,,0.38314103,29.78081038,4.997489681
Mattupetty_Dam,2017,12,0.35916992,2.120952126,-0.02140834,-0.340378832,24.96860733,17.80510557,13.87304557,64.2880836,0.918616978,,,,0.338735806,29.78081038,4.997489681
Mattupetty_Dam,2018,1,0.326887014,1.971269371,-0.009530736,-0.318348082,23.41970568,17.52202726,11.19724912,12.31026072,0.704114199,,,,0.220061169,29.78081038,4.997489681
Mattupetty_Dam,2018,2,0.316684809,1.926906978,-0.004396558,-0.312723663,26.2429035,18.60459755,10.21528842,13.96615241,0.974727834,,,,0.214856556,29.78081038,4.997489681
Mattupetty_Dam,2018,11,0.353387535,2.093042753,-0.01812074,-0.337427561,22.37313506,18.1632001,15.69904476,143.0472251,0.772933016,,,,0.397288301,29.78081038,4.997489681
Mattupetty_Dam,2018,12,0.362056785,2.135075274,-0.016475931,-0.347654692,22.45379604,17.92010158,14.60796769,44.71145907,0.789314739,,,,0.35780841,29.78081038,4.997489681
Mattupetty_Dam,2019,1,0.340619396,2.033149575,-0.007486544,-0.333984532,23.74909028,17.17304737,10.14334093,14.03206101,0.963180342,,,,0.23236931,29.78081038,4.997489681
Mattupetty_Dam,2019,2,0.336559817,2.014589788,-0.004822931,-0.332276239,28.91065985,19.51548393,11.97766275,15.67550482,0.81190758,,,,0.192561626,29.78081038,4.997489681
Mattupetty_Dam,2019,3,0.316250177,1.925046462,-0.004606176,-0.312098636,30.46642122,21.20092936,11.28689428,26.88992467,0.385495524,,,,0.178569466,29.78081038,4.997489681
Mattupetty_Dam,2019,4,0.317416866,1.930046026,-0.005280615,-0.312660319,28.30893004,21.68839948,14.49905974,128.6846292,0.117549508,,,,0.247250875,29.78081038,4.997489681
Mattupetty_Dam,2019,6,0.339330954,2.027234306,-0.01617511,-0.324939344,29.57774129,19.24669598,17.65535884,164.6313044,1.697953196,,,,0.409949578,29.78081038,4.997489681
Mattupetty_Dam,2019,9,0.318298843,1.933836886,-0.012463265,-0.307053673,26.35942565,18.20686406,16.77711148,351.532733,1.017625478,,,,0.416711171,29.78081038,4.997489681
Mattupetty_Dam,2019,12,0.356600631,2.108489214,-0.01568876,-0.342829875,24.23958454,18.41001909,15.37628648,88.80569202,1.362025581,,,,0.350651977,29.78081038,4.997489681
Mattupetty_Dam,2020,1,0.346905432,2.062343646,-0.008696957,-0.339231945,25.29843154,19.1089524,12.13469818,21.94942985,0.935699006,,,,0.210326472,29.78081038,4.997489681
Mattupetty_Dam,2020,2,0.326709693,1.970486846,-0.006999668,-0.320442833,26.10627693,19.86037352,11.36361454,7.161878217,0.983018516,,,,0.148019352,29.78081038,4.997489681
Mattupetty_Dam,2020,3,0.319181982,1.93764258,-0.005076206,-0.314615526,27.7976636,20.76361692,13.48991198,66.24487182,0.467843551,,,,0.223407151,29.78081038,4.997489681
Mattupetty_Dam,2020,4,0.337891905,2.020654805,-0.010603902,-0.328464884,28.89129375,21.17095483,14.69619779,137.7912691,0.291296775,,,,0.272919104,29.78081038,4.997489681
Mattupetty_Dam,2020,7,0.395309657,2.307477989,-0.023096057,-0.375643259,27.31679131,18.41163275,16.92878954,455.7428359,1.313304986,,,,0.417840753,29.78081038,4.997489681
Mattupetty_Dam,2020,10,0.330469766,1.987169058,-0.013534395,-0.318359299,13.06425371,18.15670264,15.89679702,177.6117715,1.02327572,,,,0.394720754,29.78081038,4.997489681
Mattupetty_Dam,2020,12,0.364898252,2.149101707,-0.018134431,-0.349073719,24.03146623,17.6350561,14.98298876,120.3910038,1.004134722,,,,0.383835557,29.78081038,4.997489681
Mattupetty_Dam,2021,1,0.355804332,2.104646768,-0.014592163,-0.342992972,23.28539933,17.78843661,14.79273452,104.1195355,1.156149848,,,,0.369008485,29.78081038,4.997489681
Mattupetty_Dam,2021,2,0.353667173,2.09438097,-0.008350439,-0.34633957,26.4664831,18.48731936,11.15874934,6.434828712,0.778916537,,,,0.222650119,29.78081038,4.997489681
Mattupetty_Dam,2021,3,0.324799711,1.962084039,-0.006116994,-0.319317135,27.69320153,20.73605185,9.55747398,120.2570307,0.621446162,,,,0.146707289,29.78081038,4.997489681
Mattupetty_Dam,2022,1,0.327723158,1.974964888,-0.009769396,-0.318975011,24.78817016,18.30836414,13.03544749,26.26005769,0.713300069,,,,0.224769182,29.78081038,4.997489681
Mattupetty_Dam,2022,2,0.266476933,1.726567288,-0.006996998,-0.259964648,24.22728772,18.93912622,11.83984643,9.152660258,0.679170733,,,,0.184310527,29.78081038,4.997489681
Mattupetty_Dam,2022,3,0.313419366,1.912986326,-0.004656214,-0.309214403,24.65298078,20.2424722,11.60165123,76.72483474,0.279298842,,,,0.200601311,29.78081038,4.997489681
Mattupetty_Dam,2022,10,0.367004954,2.159582391,-0.023222742,-0.346737407,29.27783787,17.77388266,15.97168103,194.9837619,0.340635508,,,,0.404142544,29.78081038,4.997489681
Mattupetty_Dam,2023,1,0.334971994,2.007392141,-0.00854024,-0.327368269,23.97517833,17.22726862,10.88366464,22.04544473,1.051120639,,,,0.233534823,29.78081038,4.997489681
Mattupetty_Dam,2023,2,0.325484147,1.965089689,-0.006085895,-0.320032192,27.20367122,17.82352716,8.330674539,15.38598305,1.094778334,,,,0.218782311,29.78081038,4.997489681
Mattupetty_Dam,2023,3,0.319098891,1.937284097,-0.003987404,-0.315512938,27.75001225,19.52357377,12.0506443,100.3578138,0.56359338,,,,0.231106604,29.78081038,4.997489681
Mattupetty_Dam,2023,5,0.369035183,2.169748844,-0.024358589,-0.347803056,28.69861534,19.85973357,17.5271801,251.724462,0.672726363,,,,0.403596099,29.78081038,4.997489681
Mattupetty_Dam,2023,8,0.372611837,2.187819147,-0.021290823,-0.354130406,28.21479688,18.82597063,16.3568716,173.0745616,1.320573797,,,,0.382600456,29.78081038,4.997489681
Mattupetty_Dam,2024,1,0.349271226,2.073477124,-0.01592867,-0.335207458,24.47409039,18.2870627,14.62314428,43.46984915,0.990728499,,,,0.338416048,29.78081038,4.997489681
Mattupetty_Dam,2024,2,0.327254999,1.972894631,-0.008589922,-0.3195634,27.55248817,19.48772776,12.70856856,4.361896109,1.09237614,,,,0.220575837,29.78081038,4.997489681
Mattupetty_Dam,2024,3,0.311689209,1.905664166,-0.007340049,-0.305047051,29.80823225,21.38135144,11.41090687,14.99802945,0.415693131,,,,0.15287547,29.78081038,4.997489681
Mattupetty_Dam,2024,4,0.312929537,1.910909592,-0.004355655,-0.308995047,32.99997717,22.59004659,14.13892456,37.80201312,0.196234573,,,,0.188402197,29.78081038,4.997489681
Mattupetty_Dam,2024,9,0.381802027,2.235209574,-0.023018849,-0.361964354,27.5813572,18.51207862,16.61119033,69.54189907,1.371048318,,,,0.396611447,29.78081038,4.997489681
Mattupetty_Dam,2024,12,0.360328568,2.12660516,-0.016224319,-0.346127741,24.36823031,18.30822964,15.44518045,116.5167578,0.447439209,,,,0.367071213,29.78081038,4.997489681
Mattupetty_Dam,2025,1,0.325872495,1.966797803,-0.014610819,-0.312750766,23.19095519,18.02911043,13.50117403,28.09836,1.187714273,,,,0.299897184,29.78081038,4.997489681
Mattupetty_Dam,2025,2,0.336011256,2.012099253,-0.007220415,-0.329590474,26.07003181,18.830119,8.92145725,5.035678777,1.139715838,,,,0.180487587,29.78081038,4.997489681
Mattupetty_Dam,2025,3,0.337130552,2.017185369,-0.00878304,-0.329322647,27.86303227,20.08838429,13.34353298,182.4083295,0.593344208,,,,0.268864478,29.78081038,4.997489681
Mattupetty_Dam,2025,4,0.346128824,2.058706473,-0.018028158,-0.330160891,28.3621296,19.66932909,16.68236436,262.5628424,0.143344033,,,,0.377342923,29.78081038,4.997489681
Mattupetty_Dam,2025,12,0.355096909,2.101241142,-0.014315268,-0.342522789,22.99800701,17.24381526,13.23295846,44.17347871,0.957006963,,,,0.336248418,29.78081038,4.997489681
Mattupetty_Dam,2026,1,0.307534222,1.888229375,-0.012641937,-0.29604325,14.97087431,17.10337289,11.76419441,28.42332758,1.036359378,,,,0.235902253,29.78081038,4.997489681
Mattupetty_Dam,2026,2,0.339925927,2.029962972,-0.008095331,-0.332746252,26.77771088,18.13313055,12.03313049,19.89073829,0.846665874,,,,0.216987678,29.78081038,4.997489681
Mattupetty_Dam,2026,3,0.323497354,1.956381637,-0.008472879,-0.315890315,30.55062763,19.62522711,11.98424937,62.2686266,0.412476011,,,,0.209103697,29.78081038,4.997489681
Mattupetty_Dam,2026,4,0.32804359,1.976383542,-0.007551613,-0.32128789,30.25061743,21.32282569,14.58857312,85.32229824,0.124658978,,,,0.226556079,29.78081038,4.997489681
Mettur_Dam,2016,1,0.185537498,1.45560722,0.003380095,-0.188799191,31.42145013,23.8869903,16.43176209,8.485504832,1.014018081,,,,0.188267821,27.82364711,6.366748522
Mettur_Dam,2016,2,0.173187569,1.418928314,0.009207783,-0.182104954,36.35304048,26.53104503,16.36611387,5.592549048,0.89478247,,,,0.159635434,27.82364711,6.366748522
Mettur_Dam,2016,3,0.162448636,1.387913251,0.025581255,-0.187251741,45.35691344,29.30616384,17.40791209,9.651674302,0.943811365,,,,0.157224737,27.82364711,6.366748522
Mettur_Dam,2016,4,0.165827977,1.397587004,0.024327211,-0.189391159,41.87262738,31.68022194,18.98143328,9.901075047,1.02409314,,,,0.15894627,27.82364711,6.366748522
Mettur_Dam,2016,5,0.163802529,1.391779538,0.024057444,-0.187122585,40.36011866,29.98989358,21.1325656,277.6827784,0.567306063,,,,0.211527773,27.82364711,6.366748522
Mettur_Dam,2016,8,0.226449085,1.585479458,0.003755061,-0.230008563,25.61457859,27.12009656,20.15876925,124.1431956,2.061810408,,,,0.224752734,27.82364711,6.366748522
Mettur_Dam,2016,11,0.18477547,1.453311852,0.014670655,-0.198906933,36.40564912,26.82905848,15.88887181,20.1109232,0.98541253,,,,0.180294249,27.82364711,6.366748522
Mettur_Dam,2016,12,0.176101965,1.427484851,0.006707679,-0.182593958,33.32466153,24.47010404,16.94435081,35.90402952,0.985204703,,,,0.220860881,27.82364711,6.366748522
Mettur_Dam,2017,1,0.155893833,1.369370203,0.017635864,-0.173053917,34.77915284,24.48803191,15.51171437,16.13211023,1.237555783,,,,0.172457398,27.82364711,6.366748522
Mettur_Dam,2017,2,0.151621525,1.357438405,0.02227789,-0.173313994,36.60014455,26.24238784,12.38160016,8.900984595,1.095125501,,,,0.164111069,27.82364711,6.366748522
Mettur_Dam,2017,3,0.144630021,1.338169504,0.020881126,-0.165012802,39.64964665,28.54984128,17.5612116,37.40614146,0.887380194,,,,0.1865453,27.82364711,6.366748522
Mettur_Dam,2017,4,0.141052062,1.328429827,0.027061127,-0.167473936,45.10963815,31.61311889,17.52853305,36.21884485,0.460553126,,,,0.159230974,27.82364711,6.366748522
Mettur_Dam,2017,5,0.18195655,1.44485791,0.008289622,-0.189959646,33.07369653,29.95005744,21.3287143,191.4996692,0.530153557,,,,0.227452493,27.82364711,6.366748522
Mettur_Dam,2017,6,0.243973106,1.645408538,0.004251706,-0.247967595,44.24554165,27.132863,21.77294299,87.73595981,1.37651372,,,,0.278230604,27.82364711,6.366748522
Mettur_Dam,2017,7,0.166836435,1.400489033,0.021793318,-0.187946395,41.39639592,27.74163723,20.09541379,32.81621167,2.093477158,,,,0.204602539,27.82364711,6.366748522
Mettur_Dam,2018,1,0.172833231,1.417892106,0.012503874,-0.18493744,33.4275509,24.21710874,14.97529904,7.749611512,0.929141952,,,,0.169589791,27.82364711,6.366748522
Mettur_Dam,2018,2,0.149928017,1.352741933,0.023996727,-0.173301244,39.09435051,25.22035218,14.66142925,8.427376304,0.988036263,,,,0.180713063,27.82364711,6.366748522
Mettur_Dam,2018,3,0.153720443,1.363285257,0.023193204,-0.176285143,41.01197987,28.04635693,15.88656213,36.18003345,0.605839186,,,,0.175567053,27.82364711,6.366748522
Mettur_Dam,2018,4,0.153930325,1.363871509,0.023448718,-0.176741101,43.21826349,30.60870296,18.62534589,30.99930621,0.961226109,,,,0.163866531,27.82364711,6.366748522
Mettur_Dam,2018,5,0.241278565,1.636013572,-0.00434462,-0.237182575,34.74416758,28.6071405,22.12477168,345.0762116,0.19434601,,,,0.251354853,27.82364711,6.366748522
Mettur_Dam,2018,9,0.197946126,1.493598079,0.003197956,-0.201016833,35.2680581,27.03048041,20.27882106,154.2932812,0.764534349,,,,0.238693598,27.82364711,6.366748522
Mettur_Dam,2018,10,0.244935994,1.64878207,-0.029434838,-0.217066127,34.80030201,25.72911872,20.44430504,171.4764739,0.346600486,,,,0.298255121,27.82364711,6.366748522
Mettur_Dam,2019,1,0.176157662,1.427648967,0.009517302,-0.185364193,32.47811875,24.05073817,13.26299609,8.635813951,1.106421147,,,,0.172676866,27.82364711,6.366748522
Mettur_Dam,2019,2,0.157638637,1.374277937,0.020870721,-0.177923982,38.6275635,27.22205015,16.03664015,10.65289798,0.852180707,,,,0.170191402,27.82364711,6.366748522
Mettur_Dam,2019,3,0.150448684,1.354183865,0.024531578,-0.174336829,41.04455371,29.77097935,15.16919225,6.577771278,1.145441048,,,,0.159218614,27.82364711,6.366748522
Mettur_Dam,2019,4,0.148942752,1.350018175,0.029929697,-0.178078609,44.50119203,30.55983503,18.04361269,45.71532566,0.925134877,,,,0.186073897,27.82364711,6.366748522
Mettur_Dam,2019,5,0.191914116,1.474984454,0.009327722,-0.200882234,33.74296364,30.70523632,21.22029067,166.4257286,0.528742335,,,,0.187878742,27.82364711,6.366748522
Mettur_Dam,2019,11,0.268793371,1.735204963,-0.018157482,-0.251865145,36.06793133,25.06100237,21.07374613,81.66760609,0.847955383,,,,0.313342137,27.82364711,6.366748522
Mettur_Dam,2019,12,0.235122035,1.614796203,-0.006812995,-0.228675351,31.73730923,23.52830129,19.26145638,27.23068731,1.358659879,,,,0.283901748,27.82364711,6.366748522
Mettur_Dam,2020,1,0.183671253,1.449993347,0.008888763,-0.192246152,34.16794907,24.86738444,17.07234519,11.39220583,0.814613916,,,,0.192370384,27.82364711,6.366748522
Mettur_Dam,2020,2,0.158440197,1.376539365,0.015784808,-0.173790365,34.77262302,26.10100077,16.08481998,6.091888327,1.08183873,,,,0.158993096,27.82364711,6.366748522
Mettur_Dam,2020,3,0.159979494,1.38089426,0.023749969,-0.183034024,40.30365918,28.93003944,17.03331913,5.594941689,1.092196561,,,,0.159865533,27.82364711,6.366748522
Mettur_Dam,2020,4,0.178185501,1.433639225,0.01789533,-0.195457578,42.11541041,30.55231876,18.17160469,54.38513259,0.911381853,,,,0.161968782,27.82364711,6.366748522
Mettur_Dam,2020,5,0.20539508,1.516974096,-0.000584405,-0.204835263,37.28825225,31.34655646,19.94437848,89.01036303,0.277915272,,,,0.17273825,27.82364711,6.366748522
Mettur_Dam,2020,7,0.271640708,1.745897558,-0.011376855,-0.261070671,38.43124655,26.15417727,22.24641386,87.32146132,0.750430911,,,,0.310838863,27.82364711,6.366748522
Mettur_Dam,2020,10,0.271095971,1.743845445,-0.014641226,-0.257476716,37.50136611,26.29680261,20.58720834,146.1377182,0.548490751,,,,0.275020107,27.82364711,6.366748522
Mettur_Dam,2020,12,0.227081269,1.587594166,-0.011118981,-0.216508954,31.74001301,23.19048915,18.48858824,76.53927633,1.281035874,,,,0.288477498,27.82364711,6.366748522
Mettur_Dam,2021,1,0.136265508,1.315526379,-0.01058129,-0.125865699,27.58199291,23.73326083,18.81771037,59.77555636,1.0052015,,,,0.279959135,27.82364711,6.366748522
Mettur_Dam,2021,2,0.17916369,1.436539387,0.010469604,-0.189278251,35.26911762,25.27945978,14.62790914,10.49033451,1.01655555,,,,0.183991727,27.82364711,6.366748522
Mettur_Dam,2021,3,0.162271145,1.38740732,0.014841004,-0.176686641,39.88335276,28.6473133,14.10220947,8.607832896,0.968560168,,,,0.158562342,27.82364711,6.366748522
Mettur_Dam,2021,4,0.169473184,1.408110084,0.009035185,-0.178235451,41.88253448,29.63284878,19.10119269,54.6775722,0.339243103,,,,0.185012457,27.82364711,6.366748522
Mettur_Dam,2021,5,0.186794888,1.459404116,0.01442182,-0.200676101,41.36633938,28.58483164,21.27546445,155.5538203,0.79470302,,,,0.21444534,27.82364711,6.366748522
Mettur_Dam,2021,7,0.238790752,1.627398453,-0.010002524,-0.229335999,40.92219144,26.52071107,21.12976791,63.56438331,1.522907811,,,,0.270402314,27.82364711,6.366748522
Mettur_Dam,2021,8,0.116340779,1.26331594,0.002376876,-0.118684836,10.04740898,26.65546877,20.95788466,231.3009132,1.289676216,,,,0.242359387,27.82364711,6.366748522
Mettur_Dam,2021,9,0.265176764,1.721743002,-0.012706922,-0.253323436,48.69157501,26.71396071,21.25762929,164.1255472,0.963767937,,,,0.269782617,27.82364711,6.366748522
Mettur_Dam,2021,12,0.222784058,1.573287412,-0.022599938,-0.201197129,29.44519872,23.60722988,18.82739747,29.55246696,0.929024595,,,,0.271880324,27.82364711,6.366748522
Mettur_Dam,2022,2,0.172172849,1.415963281,0.015837172,-0.187498762,36.28841071,25.46348216,16.02741909,10.6135239,0.779714235,,,,0.167568434,27.82364711,6.366748522
Mettur_Dam,2022,3,0.164692087,1.394326652,0.011760214,-0.176111206,40.98012822,28.23969214,16.00091303,17.21185867,0.51387275,,,,0.159504634,27.82364711,6.366748522
Mettur_Dam,2022,4,0.171271748,1.413336331,0.013299178,-0.18415147,41.06292859,28.89316917,20.47282647,88.01608975,0.581870645,,,,0.195112779,27.82364711,6.366748522
Mettur_Dam,2022,5,0.248709856,1.662087367,-0.008679226,-0.240549884,37.21108334,27.81200313,21.84681869,278.5243556,0.709232304,,,,0.23898941,27.82364711,6.366748522
Mettur_Dam,2022,6,0.246455999,1.654125038,-0.011432624,-0.235687458,33.28959146,27.1648464,21.79698766,109.5601969,0.948262112,,,,0.268112289,27.82364711,6.366748522
Mettur_Dam,2022,9,0.252577257,1.675861844,-0.009910486,-0.243275729,30.13547768,26.3981777,21.06326512,103.5555405,0.697605075,,,,0.275713899,27.82364711,6.366748522
Mettur_Dam,2023,1,0.1958172,1.486996736,-0.002219095,-0.193682266,31.66255012,23.48175503,15.21243543,9.80798471,1.176955528,,,,0.176526613,27.82364711,6.366748522
Mettur_Dam,2023,2,0.151673514,1.357582881,0.013303194,-0.164644498,34.71219479,25.63280683,13.37317826,9.511054521,0.928748312,,,,0.162874744,27.82364711,6.366748522
Mettur_Dam,2023,3,0.153714053,1.363267413,0.017173455,-0.170437587,39.2065127,27.4466721,16.80626478,23.29123138,0.704017517,,,,0.178955345,27.82364711,6.366748522
Mettur_Dam,2023,4,0.167803212,1.40327772,0.00740721,-0.174992913,20.9487045,29.34735006,18.57677301,19.81686008,0.673564361,,,,0.171534432,27.82364711,6.366748522
Mettur_Dam,2023,5,0.211277528,1.535746187,-0.005898724,-0.205635081,39.94644144,28.76478387,22.25618663,417.8126249,0.458979473,,,,0.242994944,27.82364711,6.366748522
Mettur_Dam,2023,8,0.183601059,1.449782699,0.006922886,-0.190282088,34.20494856,28.66697733,20.15850078,166.4272977,1.372519511,,,,0.191630189,27.82364711,6.366748522
Mettur_Dam,2023,11,0.271286904,1.744564372,-0.021320998,-0.251420148,33.23726328,25.04145294,21.18896766,123.3046436,0.820226109,,,,0.302937592,27.82364711,6.366748522
Mettur_Dam,2024,1,0.162291103,1.387464198,-0.000327989,-0.161971735,32.7253812,25.06560878,17.92266283,20.80710804,1.014038167,,,,0.217587317,27.82364711,6.366748522
Mettur_Dam,2024,2,0.15139471,1.356808311,0.0117013,-0.162807594,37.92920423,27.71482063,16.76389869,6.26234556,1.180026853,,,,0.159953216,27.82364711,6.366748522
Mettur_Dam,2024,3,0.146300243,1.342744019,0.017842638,-0.163715521,37.36148474,29.9073406,15.80530949,6.80865595,1.236791825,,,,0.157409032,27.82364711,6.366748522
Mettur_Dam,2024,4,0.138886007,1.322572873,0.022173432,-0.160564967,39.72333612,32.30681633,17.4151751,7.856271578,1.35790669,,,,0.157833947,27.82364711,6.366748522
Mettur_Dam,2024,5,0.170295357,1.410496334,0.019518469,-0.189184994,41.5654141,29.34551373,22.54045623,285.6023425,0.350017081,,,,0.251963605,27.82364711,6.366748522
Mettur_Dam,2024,8,0.283325201,1.790666006,-0.019447169,-0.265340021,38.68018925,26.55468974,22.30911133,190.8847459,0.693981091,,,,0.306309198,27.82364711,6.366748522
Mettur_Dam,2024,9,0.230515554,1.599142854,-0.003138758,-0.227541429,39.88799853,27.53827763,20.68524903,43.9775995,1.219394532,,,,0.230026266,27.82364711,6.366748522
Mettur_Dam,2024,10,0.265171061,1.721721877,-0.025447069,-0.241352597,34.33479767,25.79889903,22.13943802,343.4816373,0.262085429,,,,0.30579409,27.82364711,6.366748522
Mettur_Dam,2024,11,0.255752484,1.687278033,-0.019619649,-0.237323672,32.97723335,24.90767911,20.15752905,90.49640734,0.953150457,,,,0.298145464,27.82364711,6.366748522
Mettur_Dam,2024,12,0.231163518,1.601333375,-0.015197729,-0.216727186,33.95094137,24.25251045,20.32044822,85.12027467,0.731131879,,,,0.309398426,27.82364711,6.366748522
Mettur_Dam,2025,1,0.217203061,1.554941008,-0.011523955,-0.206195221,32.17409188,23.32928527,17.31035582,12.30982803,1.162158091,,,,0.224527933,27.82364711,6.366748522
Mettur_Dam,2025,2,0.164141201,1.392748634,0.007101968,-0.171043779,34.58700813,25.98390434,15.33257844,6.835025774,0.839035342,,,,0.163221041,27.82364711,6.366748522
Mettur_Dam,2025,3,0.180774077,1.441328997,0.006303811,-0.186864943,39.11413791,28.36339426,17.71368692,43.29782145,0.795793043,,,,0.170192862,27.82364711,6.366748522
Mettur_Dam,2025,4,0.210748514,1.534046542,-0.005062633,-0.20590557,40.44917797,29.06401496,20.71462347,25.77217404,0.338408611,,,,0.212416585,27.82364711,6.366748522
Mettur_Dam,2025,5,0.242347178,1.639731473,-0.007192026,-0.235565736,39.46945646,28.41430103,21.47681873,339.4501991,0.649008678,,,,0.23414497,27.82364711,6.366748522
Mettur_Dam,2025,6,0.265613393,1.723361211,-0.015119965,-0.251503483,39.04483052,26.94360277,21.69388205,77.10727079,1.22332167,,,,0.262932057,27.82364711,6.366748522
Mettur_Dam,2025,9,0.257870834,1.694948657,-0.011313955,-0.247278323,38.96253456,26.74810066,20.94072706,128.2149778,1.135081475,,,,0.252769046,27.82364711,6.366748522
Mettur_Dam,2025,11,0.25994302,1.702494609,-0.015602911,-0.245335156,37.32818303,25.22612726,18.95719371,44.47541399,0.915483802,,,,0.236983871,27.82364711,6.366748522
Mettur_Dam,2026,1,0.175205125,1.42484533,-0.005313215,-0.170050211,32.29169312,23.62901553,15.42560287,19.11391167,1.21692881,,,,0.185777233,27.82364711,6.366748522
Mettur_Dam,2026,2,0.149474318,1.351486902,0.013918414,-0.163053508,35.09253636,25.79899214,14.81388349,8.746005582,0.980233064,,,,0.158085528,27.82364711,6.366748522
Mettur_Dam,2026,3,0.15440224,1.36519075,0.005930258,-0.160185824,38.80135214,28.69809914,15.7433482,17.95232334,0.994708117,,,,0.164229547,27.82364711,6.366748522
Mettur_Dam,2026,4,0.214032735,1.544635241,-0.002234106,-0.211899953,36.51983046,30.95060075,17.86843965,19.83559265,1.042231462,,,,0.157891401,27.82364711,6.366748522
Mettur_Dam,2026,5,0.211451691,1.536306243,0.002007885,-0.213368986,42.53184718,,,,,,,,,27.82364711,6.366748522
Mullaperiyar_Dam,2016,1,0.270071204,1.739993286,-0.00542675,-0.265032889,27.79877088,22.10737053,15.49112633,8.397844672,1.172981143,,,,0.322355132,29.00782633,5.116193049
Mullaperiyar_Dam,2016,3,0.243688066,1.644411531,-0.002127552,-0.241685818,34.77850298,24.92770846,17.68761586,42.00707507,0.286327629,,,,0.368495541,29.00782633,5.116193049
Mullaperiyar_Dam,2016,4,0.149599638,1.35183343,0.002832077,-0.152367161,27.60986616,25.00142013,20.13785146,78.97168589,0.446942116,,,,0.460686519,29.00782633,5.116193049
Mullaperiyar_Dam,2016,12,0.256132075,1.688649332,-0.00148449,-0.254744446,30.22246322,21.48263134,17.05366609,42.91821194,0.502310537,,,,0.421360898,29.00782633,5.116193049
Mullaperiyar_Dam,2017,1,0.223151554,1.574504732,0.005383526,-0.228260861,28.58936179,21.34605167,15.39740208,23.15405726,1.031422842,,,,0.361385463,29.00782633,5.116193049
Mullaperiyar_Dam,2017,2,0.209378941,1.529656877,0.015703037,-0.224344359,31.74835521,22.11708848,13.35498011,10.69841588,1.093459237,,,,0.349118233,29.00782633,5.116193049
Mullaperiyar_Dam,2017,3,0.223160175,1.574533302,0.000123253,-0.223277286,35.28403352,22.79163238,18.5463059,179.7307584,0.274376312,,,,0.452096442,29.00782633,5.116193049
Mullaperiyar_Dam,2017,4,0.228087583,1.59096752,0.001749661,-0.229745558,38.96830201,24.05081353,19.89363179,68.6280899,0.864137464,,,,0.47717558,29.00782633,5.116193049
Mullaperiyar_Dam,2017,5,0.255758415,1.687299447,-0.00518214,-0.250908823,39.59699021,23.21847299,20.78221995,261.0731945,1.116812106,,,,0.477966037,29.00782633,5.116193049
Mullaperiyar_Dam,2017,10,0.096604251,1.213869174,-0.00758032,-0.089089171,-58.52924003,21.66549874,19.74969639,209.4484773,0.821549083,,,,0.476312458,29.00782633,5.116193049
Mullaperiyar_Dam,2017,11,0.327545908,1.974180727,-0.02319036,-0.3066851,27.34135259,21.48800269,18.86751561,245.0369515,0.584010137,,,,0.46430877,29.00782633,5.116193049
Mullaperiyar_Dam,2017,12,0.310847711,1.902116167,-0.017877447,-0.294607446,28.32887551,21.19356283,17.13590824,55.3593452,1.023421165,,,,0.423410046,29.00782633,5.116193049
Mullaperiyar_Dam,2018,1,0.261846685,1.709464225,-0.004742072,-0.257424255,26.4447268,21.29506902,14.99274985,9.866017461,0.7743723,,,,0.334881131,29.00782633,5.116193049
Mullaperiyar_Dam,2018,2,0.250068125,1.66690891,0.004966787,-0.254718543,30.2249936,22.36329215,14.48047236,13.85678297,1.086401922,,,,0.342326584,29.00782633,5.116193049
Mullaperiyar_Dam,2018,11,0.186022735,1.457071082,-0.006875854,-0.179376315,22.51757472,21.41009409,19.10818375,154.8927102,0.708545709,,,,0.4734741,29.00782633,5.116193049
Mullaperiyar_Dam,2018,12,0.30216254,1.865996904,-0.015254933,-0.288236223,26.48857095,21.42221681,18.10430427,25.71983659,0.860908965,,,,0.445110531,29.00782633,5.116193049
Mullaperiyar_Dam,2019,1,0.258756044,1.698167025,0.001484812,-0.260140909,28.01348458,20.92969889,13.60666864,12.48011065,1.125276798,,,,0.32669212,29.00782633,5.116193049
Mullaperiyar_Dam,2019,2,0.24033902,1.632753363,0.014861849,-0.254292566,33.1723569,23.12808362,16.06356683,18.4625901,0.890210876,,,,0.347924454,29.00782633,5.116193049
Mullaperiyar_Dam,2019,3,0.232929024,1.607320656,0.009389822,-0.241790012,34.33598909,24.37143928,16.2346705,28.19842625,0.362634397,,,,0.368223303,29.00782633,5.116193049
Mullaperiyar_Dam,2019,4,0.18883444,1.465587914,0.007605067,-0.196157805,42.21045346,24.59414493,19.14892139,130.089627,0.246486657,,,,0.460935805,29.00782633,5.116193049
Mullaperiyar_Dam,2019,6,0.26682398,1.727857904,-0.012448246,-0.255223457,32.72262069,22.47280615,20.47243852,243.0193796,1.937932857,,,,0.483728054,29.00782633,5.116193049
Mullaperiyar_Dam,2019,9,0.355851539,2.104874297,-0.030781853,-0.32866986,30.76186663,21.50259838,19.71252814,391.888279,1.205293166,,,,0.481699551,29.00782633,5.116193049
Mullaperiyar_Dam,2019,12,0.320198826,1.942036696,-0.014325468,-0.307282864,28.1039971,21.60296894,18.2519605,101.4493383,1.647748974,,,,0.450013694,29.00782633,5.116193049
Mullaperiyar_Dam,2020,1,0.265536254,1.723075184,0.000200853,-0.265722935,29.5948267,22.41167758,15.84400282,19.28152609,1.206934157,,,,0.335826376,29.00782633,5.116193049
Mullaperiyar_Dam,2020,2,0.220945826,1.567215563,0.011799715,-0.232140329,32.93957511,23.27371903,15.05292806,6.195982873,1.297766867,,,,0.2908405,29.00782633,5.116193049
Mullaperiyar_Dam,2020,3,0.216788456,1.553588512,0.011716614,-0.227926132,37.35235777,23.86909617,17.84419218,65.62510586,0.413785012,,,,0.394896,29.00782633,5.116193049
Mullaperiyar_Dam,2020,4,0.254784422,1.683787159,0.001299278,-0.255998954,37.8732974,24.03277463,19.17936158,154.016737,0.095107271,,,,0.435470041,29.00782633,5.116193049
Mullaperiyar_Dam,2020,7,0.371471923,2.182037641,-0.032010606,-0.343546442,30.9569558,21.53538448,19.60424658,629.6794128,1.606822166,,,,0.481549894,29.00782633,5.116193049
Mullaperiyar_Dam,2020,10,0.310765284,1.901769098,-0.017795246,-0.294599214,14.32395692,21.27526836,19.00505633,220.3701506,1.375415061,,,,0.467120622,29.00782633,5.116193049
Mullaperiyar_Dam,2020,12,0.309435868,1.896182858,-0.019001376,-0.292152262,27.87192204,20.70414134,17.95668654,95.7019912,1.093031443,,,,0.454589828,29.00782633,5.116193049
Mullaperiyar_Dam,2021,1,0.290536545,1.819031741,-0.012978577,-0.278608531,25.44875744,20.7643041,17.76160331,77.42464495,1.336012634,,,,0.438996889,29.00782633,5.116193049
Mullaperiyar_Dam,2021,2,0.242221606,1.639294043,0.005097238,-0.247013866,32.9696517,22.15462036,14.84443136,13.38968682,0.944391717,,,,0.324262511,29.00782633,5.116193049
Mullaperiyar_Dam,2021,3,0.214114395,1.544899648,0.002553939,-0.216549917,27.17921829,24.07998234,14.79857729,122.7723792,0.724899298,,,,0.321697322,29.00782633,5.116193049
Mullaperiyar_Dam,2022,1,0.269637003,1.738364358,-0.007687885,-0.26249325,28.00920542,22.10152978,16.47404087,17.58786333,0.879366533,,,,0.340285424,29.00782633,5.116193049
Mullaperiyar_Dam,2022,2,0.22391908,1.577050857,-0.00264514,-0.221405078,29.04376785,22.56022433,15.97670251,9.104785681,0.818658561,,,,0.345202997,29.00782633,5.116193049
Mullaperiyar_Dam,2022,3,0.202115949,1.506629875,0.008314019,-0.210076955,31.33230744,23.72199851,15.92887842,85.62497139,0.196089545,,,,0.363846235,29.00782633,5.116193049
Mullaperiyar_Dam,2022,4,0.217377305,1.555509841,-0.005919966,-0.211729807,28.08723904,22.96868865,19.84343804,247.2539258,0.270995654,,,,0.455944925,29.00782633,5.116193049
Mullaperiyar_Dam,2022,10,0.342929555,2.043813665,-0.024803714,-0.32085501,34.0053255,20.93362019,19.06945016,259.5727129,0.688610394,,,,0.473064387,29.00782633,5.116193049
Mullaperiyar_Dam,2023,1,0.243141585,1.642502166,-0.001444562,-0.241781945,27.12142291,20.70290903,14.05062795,17.7020843,1.217441061,,,,0.343516591,29.00782633,5.116193049
Mullaperiyar_Dam,2023,2,0.210893431,1.534511913,0.00749493,-0.218043714,31.73170024,21.3943076,12.57566021,18.75641409,1.16126237,,,,0.347296334,29.00782633,5.116193049
Mullaperiyar_Dam,2023,3,0.207476589,1.523584756,0.010818128,-0.21780585,33.31715908,23.15245574,16.3476138,87.47830796,0.573578712,,,,0.362482076,29.00782633,5.116193049
Mullaperiyar_Dam,2023,5,0.333790675,2.002059448,-0.026695362,-0.309856338,32.72257529,22.88138792,20.69295355,422.3187485,1.08909107,,,,0.476888164,29.00782633,5.116193049
Mullaperiyar_Dam,2023,8,0.332100248,1.994461362,-0.023680019,-0.310864915,30.82459907,22.07301666,19.19330657,165.7928596,1.726829841,,,,0.451241878,29.00782633,5.116193049
Mullaperiyar_Dam,2024,1,0.281639179,1.784116201,-0.011470743,-0.271044074,27.33031889,21.65597231,17.65230137,34.14802456,1.243018443,,,,0.419292517,29.00782633,5.116193049
Mullaperiyar_Dam,2024,2,0.230373281,1.598662377,0.000153443,-0.230518575,34.20604028,23.35604476,15.93737814,4.415842056,1.347346733,,,,0.326495582,29.00782633,5.116193049
Mullaperiyar_Dam,2024,3,0.215192413,1.548395343,0.000627271,-0.215790556,34.72889339,24.96621721,15.79288654,30.83090591,0.444952351,,,,0.302344379,29.00782633,5.116193049
Mullaperiyar_Dam,2024,4,0.224060481,1.57752048,0.004488939,-0.228319778,31.08264681,25.18885572,19.09451741,91.19170904,0.037674117,,,,0.411417792,29.00782633,5.116193049
Mullaperiyar_Dam,2024,9,0.325107959,1.963436935,-0.023225189,-0.304179537,27.15836974,21.68836443,19.39751167,100.1827188,1.680967628,,,,0.468435976,29.00782633,5.116193049
Mullaperiyar_Dam,2024,12,0.308350931,1.891639834,-0.015692132,-0.294081767,27.74985335,21.3583546,18.5145072,81.30976641,0.398476204,,,,0.443583699,29.00782633,5.116193049
Mullaperiyar_Dam,2025,1,0.258703533,1.697975897,-0.01089499,-0.248508984,29.32932092,20.99986409,16.34526071,24.07793903,1.499703973,,,,0.385613395,29.00782633,5.116193049
Mullaperiyar_Dam,2025,2,0.200907354,1.5028387,0.007967544,-0.208541078,33.68403724,22.55277017,13.26333115,4.942000806,1.292906206,,,,0.307662924,29.00782633,5.116193049
Mullaperiyar_Dam,2025,3,0.210406657,1.532949419,0.006236811,-0.216359547,34.95741909,23.51274335,17.27859354,198.2240229,0.574486376,,,,0.388642557,29.00782633,5.116193049
Mullaperiyar_Dam,2025,4,0.119210602,1.270690366,-0.003443377,-0.115814766,25.93357801,22.72849657,20.16903496,296.9677706,0.589135601,,,,0.47002342,29.00782633,5.116193049
Mullaperiyar_Dam,2025,12,0.285549817,1.799355431,-0.009441152,-0.276855044,26.46304116,20.4753682,16.30520834,31.94474041,1.066941258,,,,0.407499011,29.00782633,5.116193049
Mullaperiyar_Dam,2026,1,0.246131679,1.652983212,-5.03E-05,-0.246084388,29.09770365,20.64471141,15.07984068,24.91678095,1.219903885,,,,0.347645303,29.00782633,5.116193049
Mullaperiyar_Dam,2026,2,0.215899702,1.550694095,0.010390476,-0.225783678,31.97046466,21.79527553,15.62963071,29.84178936,0.946165263,,,,0.33213943,29.00782633,5.116193049
Mullaperiyar_Dam,2026,3,0.2063944,1.520143507,0.007412523,-0.213480319,35.97217163,22.75344491,16.6087309,46.49536073,0.406862473,,,,0.404903135,29.00782633,5.116193049
Mullaperiyar_Dam,2026,4,0.244563241,1.647475089,0.001834773,-0.2462875,38.00068442,24.17690758,18.8828114,90.86172485,0.401274002,,,,0.417128128,29.00782633,5.116193049
Nagarjuna_Sagar,2016,1,0.095141382,1.21029005,0.010746839,-0.105780064,27.58056506,25.07570138,15.51242388,4.619623661,1.55237519,,,,0.201655801,27.89020967,6.172973419
Nagarjuna_Sagar,2016,2,0.076583185,1.16586916,0.005802001,-0.082348596,31.90616664,27.55145369,16.60998978,3.735334635,2.610966147,,,,0.18335718,27.89020967,6.172973419
Nagarjuna_Sagar,2016,3,0.079506559,1.172747694,0.013111658,-0.092521767,36.69849794,29.95061896,18.81501527,9.422099441,2.400902034,,,,0.185987185,27.89020967,6.172973419
Nagarjuna_Sagar,2016,4,0.078981009,1.171507885,0.01797593,-0.096819479,40.28588921,32.89084115,19.63895552,4.602954745,2.413908102,,,,0.181630544,27.89020967,6.172973419
Nagarjuna_Sagar,2016,6,0.105701017,1.236388544,0.012051113,-0.117602326,34.91808036,29.34457657,22.59634541,157.6222711,3.111672857,,,,0.309149297,27.89020967,6.172973419
Nagarjuna_Sagar,2016,8,0.114408124,1.258376634,0.010283502,-0.124545096,32.79172854,28.67789139,21.34859952,124.1117957,4.041130607,,,,0.284540176,27.89020967,6.172973419
Nagarjuna_Sagar,2016,10,0.139914112,1.325349163,-0.014745209,-0.125427668,34.6924155,26.32094835,19.71612926,32.51746464,1.408946957,,,,0.295141049,27.89020967,6.172973419
Nagarjuna_Sagar,2016,11,0.117577274,1.266487412,-0.003863001,-0.113765946,31.85824184,25.21381687,16.78528656,4.544316262,0.962725475,,,,0.21382122,27.89020967,6.172973419
Nagarjuna_Sagar,2016,12,0.105960449,1.237037497,0.001534705,-0.107477676,29.80168109,23.79400077,15.77028992,1.071393285,0.913593976,,,,0.21600713,27.89020967,6.172973419
Nagarjuna_Sagar,2017,1,0.099182977,1.220206711,-0.012595745,-0.086695539,27.81261367,24.2215581,15.38594695,4.353652835,1.129720104,,,,0.184355213,27.89020967,6.172973419
Nagarjuna_Sagar,2017,2,0.091314071,1.200980488,0.0074387,-0.098685738,32.81699035,26.62655087,14.57036736,3.556012839,1.318079487,,,,0.181946747,27.89020967,6.172973419
Nagarjuna_Sagar,2017,4,0.084803056,1.185321982,0.013056077,-0.097750904,38.17850609,32.72971322,18.92452371,11.88624263,1.156940179,,,,0.186031709,27.89020967,6.172973419
Nagarjuna_Sagar,2017,5,0.091467279,1.201351646,0.015285228,-0.106603466,41.54401048,34.32006437,19.60163726,28.95651722,0.818828067,,,,0.188044586,27.89020967,6.172973419
Nagarjuna_Sagar,2017,9,0.175749757,1.426447571,-0.016943964,-0.159280112,39.7458887,27.80798733,23.42242094,121.1052437,1.045549051,,,,0.349634545,27.89020967,6.172973419
Nagarjuna_Sagar,2017,10,0.089725818,1.197140203,0.003202283,-0.092901408,28.59038253,26.92278205,22.35749782,124.9087496,0.216960409,,,,0.34838228,27.89020967,6.172973419
Nagarjuna_Sagar,2017,11,0.110410863,1.248228891,-0.000556263,-0.109861347,31.62618956,26.58253688,18.23466196,5.959719777,1.310922555,,,,0.215308762,27.89020967,6.172973419
Nagarjuna_Sagar,2017,12,0.098077094,1.217484429,0.00233553,-0.100389628,29.55063787,24.62926394,15.42570819,0.855516038,1.176770472,,,,0.184954715,27.89020967,6.172973419
Nagarjuna_Sagar,2018,1,0.086806593,1.190116556,0.00165873,-0.088452586,29.14870181,24.92397023,14.36040244,4.353652656,0.979490299,,,,0.182189593,27.89020967,6.172973419
Nagarjuna_Sagar,2018,3,0.082690758,1.180289818,0.009900141,-0.092515161,33.6181728,29.66595696,15.65259928,9.858570158,1.801883965,,,,0.198702522,27.89020967,6.172973419
Nagarjuna_Sagar,2018,4,0.081657322,1.177836279,0.007855989,-0.089455925,34.12329786,31.75606624,20.21569781,17.10730028,2.280984467,,,,0.184909785,27.89020967,6.172973419
Nagarjuna_Sagar,2018,5,0.08440631,1.184375036,0.01358597,-0.097880037,33.66641085,33.05348906,21.39434931,25.01916718,1.80662219,,,,0.196818909,27.89020967,6.172973419
Nagarjuna_Sagar,2018,9,0.137136904,1.317864804,-0.025953111,-0.111580924,36.31890804,28.26528039,21.95246201,90.64405358,1.395687951,,,,0.294342811,27.89020967,6.172973419
Nagarjuna_Sagar,2018,10,0.123738629,1.282424019,0.000409202,-0.124141546,31.99603545,28.35996235,19.26492818,71.08395243,0.966797647,,,,0.245690739,27.89020967,6.172973419
Nagarjuna_Sagar,2018,11,0.116138237,1.262797288,0.002541658,-0.118644873,32.40059877,26.71885964,17.88707554,5.201271445,1.228391174,,,,0.21238688,27.89020967,6.172973419
Nagarjuna_Sagar,2019,1,0.102772643,1.229089411,0.002206596,-0.104955438,28.41721021,23.4274454,14.76037004,5.993684292,1.184176101,,,,0.209175083,27.89020967,6.172973419
Nagarjuna_Sagar,2019,2,0.089344555,1.196220328,-0.006765652,-0.082628849,29.2200985,26.31279199,17.18341807,3.707525194,1.849080164,,,,0.221132263,27.89020967,6.172973419
Nagarjuna_Sagar,2019,3,0.096790351,1.214325325,0.002317125,-0.099085254,34.12058267,30.14272239,17.45594898,3.333636999,2.354052969,,,,0.182711311,27.89020967,6.172973419
Nagarjuna_Sagar,2019,4,0.084419745,1.18440709,0.005108167,-0.089489322,37.13204547,32.33990502,19.20471295,22.66175091,2.172292689,,,,0.185580776,27.89020967,6.172973419
Nagarjuna_Sagar,2019,5,0.081117265,1.176556294,0.014791006,-0.095793338,39.65384338,34.90946739,18.99065585,28.16723502,0.926304862,,,,0.186305959,27.89020967,6.172973419
Nagarjuna_Sagar,2019,11,0.141484649,1.329603074,-0.022992239,-0.118879131,32.83643932,25.56135592,21.23161017,3.560747921,0.75486689,,,,0.311080466,27.89020967,6.172973419
Nagarjuna_Sagar,2020,1,0.118721547,1.269430273,-0.008965092,-0.109873399,31.01231827,24.56752987,18.65772178,7.927177191,1.473447936,,,,0.23573511,27.89020967,6.172973419
Nagarjuna_Sagar,2020,2,0.101805841,1.226690054,-0.002903843,-0.098931245,32.41368069,25.68280939,17.53464113,4.172973812,2.040971158,,,,0.20062068,27.89020967,6.172973419
Nagarjuna_Sagar,2020,3,0.095316981,1.210719066,-0.004219457,-0.091134176,33.8305385,28.6293457,18.65568609,6.223771155,2.528205188,,,,0.187706999,27.89020967,6.172973419
Nagarjuna_Sagar,2020,4,0.086317514,1.188944223,0.001168693,-0.087477382,42.31492252,31.17754211,19.85213854,23.8133027,2.2489555,,,,0.187693977,27.89020967,6.172973419
Nagarjuna_Sagar,2020,5,0.092733189,1.204423193,-0.001811068,-0.090937394,38.2802746,33.25792378,20.7238915,35.65350604,1.062261026,,,,0.191282129,27.89020967,6.172973419
Nagarjuna_Sagar,2020,8,0.170385177,1.41075731,-0.020577581,-0.150334686,33.84327746,27.09568993,22.61543908,235.1427236,3.550340485,,,,0.369238317,27.89020967,6.172973419
Nagarjuna_Sagar,2020,12,0.128707071,1.295439265,-0.0127081,-0.116189013,30.63947442,22.88948389,17.57278,1.031808629,0.839918164,,,,0.279044059,27.89020967,6.172973419
Nagarjuna_Sagar,2021,1,0.10370727,1.231413838,-0.018352447,-0.085517587,30.21051236,24.33375051,17.4256284,4.664756775,1.423730931,,,,0.204536725,27.89020967,6.172973419
Nagarjuna_Sagar,2021,2,0.101214655,1.225225424,-0.002594348,-0.09864621,31.21292847,25.06162724,14.66078772,4.829146475,1.231734068,,,,0.186062291,27.89020967,6.172973419
Nagarjuna_Sagar,2021,3,0.09284917,1.204705032,-0.00442149,-0.088463997,32.94062135,28.68579476,14.95155195,3.379121572,1.473164816,,,,0.182010097,27.89020967,6.172973419
Nagarjuna_Sagar,2021,4,0.093240527,1.205656582,0.005911326,-0.099097233,37.71772165,31.16674002,19.23893683,23.58458197,1.642581208,,,,0.187747376,27.89020967,6.172973419
Nagarjuna_Sagar,2021,5,0.125115294,1.286015502,0.001910294,-0.126995235,39.23345182,31.69150971,21.27606911,42.78288722,1.34184392,,,,0.209716134,27.89020967,6.172973419
Nagarjuna_Sagar,2021,9,0.159905718,1.380685171,-0.024902826,-0.135542637,28.76233175,27.17479784,22.5369777,161.2146931,2.538756516,,,,0.344572647,27.89020967,6.172973419
Nagarjuna_Sagar,2021,10,0.066259909,1.141923667,-0.009233366,-0.057061453,22.22411397,27.24514316,21.62066901,133.2436252,0.678340766,,,,0.318157073,27.89020967,6.172973419
Nagarjuna_Sagar,2021,12,0.118361429,1.268503292,-0.014877793,-0.103666188,29.23342662,23.46181832,17.01003566,0.96415286,0.767519484,,,,0.281605245,27.89020967,6.172973419
Nagarjuna_Sagar,2022,1,0.091287135,1.200915247,0.002467145,-0.093733169,27.7842334,23.53438673,16.05838271,5.858903289,0.761542347,,,,0.232800289,27.89020967,6.172973419
Nagarjuna_Sagar,2022,2,0.096718361,1.214148849,0.001930257,-0.098630205,32.19686043,25.57570643,15.32464384,4.025148124,1.571158225,,,,0.186298264,27.89020967,6.172973419
Nagarjuna_Sagar,2022,3,0.087435834,1.191626709,-0.005927573,-0.081550527,34.75809118,29.86577284,15.73614646,3.519998342,1.369979167,,,,0.182011936,27.89020967,6.172973419
Nagarjuna_Sagar,2022,5,0.085883446,1.187904803,0.001081936,-0.086957301,40.04175763,32.15664919,21.0084284,55.32725692,1.188035479,,,,0.212263333,27.89020967,6.172973419
Nagarjuna_Sagar,2022,6,0.088489551,1.194160257,0.009130741,-0.097541481,39.65044162,30.98483428,21.44954481,171.2721796,2.68086811,,,,0.250707662,27.89020967,6.172973419
Nagarjuna_Sagar,2022,9,0.158484033,1.376663163,-0.02857254,-0.130502446,35.94067848,27.29453186,22.48258207,170.2908511,1.943911082,,,,0.334731208,27.89020967,6.172973419
Nagarjuna_Sagar,2022,11,0.148014668,1.347458253,-0.033988277,-0.114602931,31.78035607,24.24635831,18.54319556,8.307713509,0.63314453,,,,0.273101249,27.89020967,6.172973419
Nagarjuna_Sagar,2023,1,0.107180639,1.240094792,-0.009264202,-0.09801376,28.81862534,23.64277058,15.72293173,4.353678167,1.242573976,,,,0.208853007,27.89020967,6.172973419
Nagarjuna_Sagar,2023,2,0.095461807,1.211073026,0.003252374,-0.098683542,30.85812973,26.2552511,13.49978358,3.556013703,0.664787874,,,,0.183011721,27.89020967,6.172973419
Nagarjuna_Sagar,2023,3,0.088933413,1.195229227,0.00231095,-0.091225614,31.90111344,27.59873496,17.31051668,53.96422386,1.698125299,,,,0.237456318,27.89020967,6.172973419
Nagarjuna_Sagar,2023,4,0.096672053,1.214035341,-0.003872513,-0.092834294,37.29786129,30.99370151,18.5560952,35.24346483,1.609439611,,,,0.203217619,27.89020967,6.172973419
Nagarjuna_Sagar,2023,5,0.116887502,1.264717129,-0.006809987,-0.110165207,38.02844534,32.34913139,20.38099936,69.32093143,0.555208061,,,,0.224590384,27.89020967,6.172973419
Nagarjuna_Sagar,2023,10,0.144243148,1.337112459,-0.006499983,-0.137872431,33.983794,28.61964663,19.04144153,46.33102703,0.400841676,,,,0.230198727,27.89020967,6.172973419
Nagarjuna_Sagar,2023,11,0.148192914,1.347949476,-0.019909879,-0.128662655,12.41972137,26.28240617,20.85068099,28.98913616,1.317290635,,,,0.264827728,27.89020967,6.172973419
Nagarjuna_Sagar,2023,12,0.120923793,1.275115608,-0.016116124,-0.105012319,29.24069422,23.76466794,18.44039411,6.799746856,1.016746013,,,,0.285219541,27.89020967,6.172973419
Nagarjuna_Sagar,2024,1,0.096286594,1.213090995,-0.006876431,-0.089469401,30.31155551,24.77470516,17.66676845,4.353653193,2.094859103,,,,0.197384298,27.89020967,6.172973419
Nagarjuna_Sagar,2024,2,0.090418294,1.198812911,0.002132479,-0.09253293,31.32012225,27.35195657,17.92417186,3.76468271,2.429178301,,,,0.183627593,27.89020967,6.172973419
Nagarjuna_Sagar,2024,3,0.081985924,1.178615831,-0.000373885,-0.08161454,34.95527883,29.43717826,18.79121409,3.1479626,2.702041831,,,,0.184657743,27.89020967,6.172973419
Nagarjuna_Sagar,2024,4,0.08320143,1.181504275,0.005186524,-0.088349828,37.44972283,32.64936824,19.50334151,6.571786463,2.285299443,,,,0.185376422,27.89020967,6.172973419
Nagarjuna_Sagar,2024,5,0.08419149,1.183862649,0.010649903,-0.094756431,39.61666018,32.46274236,23.13822186,59.02464342,0.962550881,,,,0.243778229,27.89020967,6.172973419
Nagarjuna_Sagar,2024,9,0.12333121,1.281363296,-0.028408301,-0.095256653,30.64993595,26.97914586,22.48912906,170.8104179,2.888616612,,,,0.357408255,27.89020967,6.172973419
Nagarjuna_Sagar,2024,10,0.157200707,1.373044231,-0.039955482,-0.1179863,32.40240494,26.77415595,22.91858526,166.1714215,0.237388671,,,,0.347691266,27.89020967,6.172973419
Nagarjuna_Sagar,2024,11,0.149719015,1.352163619,-0.031131654,-0.119142685,30.80892529,25.26740947,18.60422501,8.23164618,1.105201612,,,,0.255308787,27.89020967,6.172973419
Nagarjuna_Sagar,2024,12,0.121527398,1.276678857,-0.014045043,-0.107666125,9.087282883,24.1680973,19.15288987,3.020185068,0.804893649,,,,0.283749365,27.89020967,6.172973419
Nagarjuna_Sagar,2025,1,0.111254117,1.250362043,-0.022067551,-0.089406068,28.49837392,23.49962542,16.14599843,4.353676081,0.959878226,,,,0.206801972,27.89020967,6.172973419
Nagarjuna_Sagar,2025,2,0.096546181,1.213726876,-0.002348974,-0.094218575,31.19119642,26.88973388,16.0361365,3.556013584,1.169738877,,,,0.182801232,27.89020967,6.172973419
Nagarjuna_Sagar,2025,3,0.093304,1.205810987,0.001850299,-0.095137874,32.74128512,28.88423635,17.03370715,6.347134411,1.601519706,,,,0.182511483,27.89020967,6.172973419
Nagarjuna_Sagar,2025,4,0.089410673,1.196379795,-0.004073364,-0.0853684,36.71749789,31.23090769,20.73834309,26.01809633,1.700056147,,,,0.200112837,27.89020967,6.172973419
Nagarjuna_Sagar,2025,5,0.089097668,1.195625073,6.09E-05,-0.089158107,36.31368528,30.97350382,21.87296971,126.2157805,1.132766473,,,,0.242170101,27.89020967,6.172973419
Nagarjuna_Sagar,2025,7,0.141665195,1.330093091,-0.004833637,-0.136925318,28.58437617,28.29001676,21.86653542,120.8608537,4.278341812,,,,0.301059292,27.89020967,6.172973419
Nagarjuna_Sagar,2025,10,0.17682537,1.429618123,-0.025677345,-0.151837428,20.1428161,26.02409232,22.47256552,230.1117086,0.438227039,,,,0.353822483,27.89020967,6.172973419
Nagarjuna_Sagar,2025,11,0.141030536,1.328371478,-0.016589284,-0.124733077,26.76538578,24.00630305,18.15913418,13.05841011,0.94835534,,,,0.285766135,27.89020967,6.172973419
Nagarjuna_Sagar,2025,12,0.112621909,1.253830719,-0.00783075,-0.104883658,28.22094392,22.59080646,14.97953437,1.003319316,0.70591722,,,,0.226983546,27.89020967,6.172973419
Nagarjuna_Sagar,2026,1,0.102492003,1.2283924,-0.015029281,-0.087597656,28.54315923,23.70555055,14.98153645,4.387041032,1.43099358,,,,0.19488656,27.89020967,6.172973419
Nagarjuna_Sagar,2026,2,0.09522339,1.210490387,-0.006798295,-0.088482374,30.05343554,25.55738883,14.94625906,5.124185681,1.279061158,,,,0.183229356,27.89020967,6.172973419
Nagarjuna_Sagar,2026,3,0.103292248,1.230381076,-0.005457532,-0.097889899,25.33944401,29.0141475,16.84415115,6.07397902,1.618793511,,,,0.184790656,27.89020967,6.172973419
Nagarjuna_Sagar,2026,4,0.090361725,1.198676172,0.001838512,-0.092184922,38.03930902,32.37139339,19.59189976,12.74809867,1.753210456,,,,0.183796755,27.89020967,6.172973419
Nagarjuna_Sagar,2026,5,0.099114536,1.220038039,0.004564799,-0.103632447,34.17748018,,,,,,,,,27.89020967,6.172973419
Neyyar_Dam,2016,1,0.269906144,1.739373827,-0.023806301,-0.247691376,30.96816349,25.62019972,19.73051671,4.47614339,0.764382703,,,,0.286020217,30.44054983,5.464634266
Neyyar_Dam,2016,2,0.258907908,1.698719934,-0.00871661,-0.250757207,34.09554276,27.05916049,20.19338298,27.04924059,0.382667278,,,,0.276350241,30.44054983,5.464634266
Neyyar_Dam,2016,3,0.293027468,1.828964225,-0.024085191,-0.270853862,22.57128899,28.29777117,22.35439541,6.952858746,0.578458467,,,,0.302201609,30.44054983,5.464634266
Neyyar_Dam,2016,4,0.323532772,1.956536425,-0.03400848,-0.292745327,37.65122419,28.18556048,24.35537804,62.31861007,1.431355741,,,,0.367839962,30.44054983,5.464634266
Neyyar_Dam,2016,8,0.354886744,2.100230824,-0.031302937,-0.327218881,34.33484556,25.02391041,22.4017338,45.7150901,3.950223296,,,,0.403352594,30.44054983,5.464634266
Neyyar_Dam,2016,9,0.23991632,1.63128923,-0.014998765,-0.225729832,18.88233394,25.14235104,22.13814055,30.26755923,3.761488296,,,,0.352369669,30.44054983,5.464634266
Neyyar_Dam,2016,10,0.260213479,1.703482619,-0.015121965,-0.246059744,31.26007723,25.48680384,22.05263467,85.39933598,2.41064229,,,,0.378792978,30.44054983,5.464634266
Neyyar_Dam,2016,12,0.286378614,1.80260659,-0.023495107,-0.2646643,29.92378224,25.55052344,20.74228376,29.37790841,0.493516088,,,,0.356561148,30.44054983,5.464634266
Neyyar_Dam,2017,1,0.279518312,1.775920655,-0.017807075,-0.263020396,33.44237517,25.65908786,19.5086613,12.5902508,0.328390829,,,,0.306994715,30.44054983,5.464634266
Neyyar_Dam,2017,2,0.236464997,1.619395302,-0.006447714,-0.230368516,34.70944274,26.37064305,17.87644995,15.06303358,0.455586349,,,,0.27935019,30.44054983,5.464634266
Neyyar_Dam,2017,3,0.240543274,1.633461436,-0.013458925,-0.227821912,35.51442585,26.40986208,22.7122979,65.31406695,0.474372323,,,,0.432451638,30.44054983,5.464634266
Neyyar_Dam,2017,4,0.294951865,1.836685754,-0.020406895,-0.276207477,32.14473299,27.27551581,23.6270031,52.65991303,2.403826232,,,,0.412675179,30.44054983,5.464634266
Neyyar_Dam,2017,5,0.32237537,1.951486575,-0.021948369,-0.302567853,41.94389825,26.3721267,24.14195984,225.1694479,2.438932247,,,,0.45756861,30.44054983,5.464634266
Neyyar_Dam,2017,8,0.214606584,1.546494482,-0.012156127,-0.202979989,-19.82158661,24.95583978,22.72373639,175.663813,3.410197993,,,,0.436216559,30.44054983,5.464634266
Neyyar_Dam,2017,10,0.344006431,2.048810374,-0.032440499,-0.315082167,32.78889907,25.12623082,23.0043541,186.484288,1.77517043,,,,0.473545321,30.44054983,5.464634266
Neyyar_Dam,2017,11,0.170033856,1.409736849,-0.01685249,-0.153621568,25.17097549,24.87438982,22.37340346,286.7128371,0.554565405,,,,0.464695591,30.44054983,5.464634266
Neyyar_Dam,2017,12,0.293628887,1.831372861,-0.025923674,-0.269758599,31.63079944,24.77635998,20.89407579,51.1358431,0.582693561,,,,0.402595171,30.44054983,5.464634266
Neyyar_Dam,2018,1,0.273985053,1.754764222,-0.020025295,-0.255360829,32.11968189,25.07449912,19.17118908,5.220879704,0.323709101,,,,0.296285937,30.44054983,5.464634266
Neyyar_Dam,2018,2,0.267251608,1.729449867,-0.017018459,-0.251376462,33.04675781,26.39491854,18.65141077,13.72575679,0.486366875,,,,0.287252313,30.44054983,5.464634266
Neyyar_Dam,2018,3,0.31599516,1.923955918,-0.027779156,-0.290768392,32.73289695,27.0622917,21.5880884,24.83979023,0.358360849,,,,0.344387629,30.44054983,5.464634266
Neyyar_Dam,2018,4,0.324419046,1.960415017,-0.029023236,-0.298203603,35.81215237,27.28935074,23.43166642,84.52695379,0.793572104,,,,0.406870651,30.44054983,5.464634266
Neyyar_Dam,2018,7,0.336745252,2.015432615,-0.027424964,-0.312203558,26.30378065,24.61801507,22.52711053,246.5277443,4.043923978,,,,0.455648443,30.44054983,5.464634266
Neyyar_Dam,2018,9,0.320482242,1.943263774,-0.027373943,-0.295702457,36.6388586,25.52917832,21.98577906,158.7587776,2.526633377,,,,0.339950159,30.44054983,5.464634266
Neyyar_Dam,2018,11,0.295706952,1.839727023,-0.039058158,-0.259647665,33.6226054,24.97428951,22.45763851,248.0786622,0.44895687,,,,0.469699563,30.44054983,5.464634266
Neyyar_Dam,2018,12,0.242711272,1.64100062,-0.022441348,-0.221476253,28.95928578,25.26700966,21.6369653,21.22057337,0.477301968,,,,0.403387049,30.44054983,5.464634266
Neyyar_Dam,2019,1,0.259413537,1.700562461,-0.015503989,-0.2448945,31.89733086,25.03218611,17.42085794,6.414721809,0.683078447,,,,0.27635318,30.44054983,5.464634266
Neyyar_Dam,2019,2,0.284995155,1.797183844,-0.023942297,-0.262846375,32.57666138,26.47418347,20.74486304,13.46070996,0.438676479,,,,0.33038464,30.44054983,5.464634266
Neyyar_Dam,2019,3,0.308589958,1.892639501,-0.023586526,-0.287093057,33.48792106,27.76441118,21.40805891,6.288069829,0.653869011,,,,0.31044355,30.44054983,5.464634266
Neyyar_Dam,2019,4,0.31969604,1.939862351,-0.021296718,-0.300444894,38.8159562,27.73042694,23.80815534,128.7402317,1.327720772,,,,0.391186333,30.44054983,5.464634266
Neyyar_Dam,2019,5,0.060542269,1.12888769,0.005616846,-0.066136624,19.1781206,27.15330262,23.97126461,180.429616,2.612766604,,,,0.405209203,30.44054983,5.464634266
Neyyar_Dam,2019,6,0.268204249,1.733003023,-0.02121321,-0.248404329,29.16457334,25.85091419,23.75554873,279.0053673,3.161248781,,,,0.462631268,30.44054983,5.464634266
Neyyar_Dam,2019,7,0.32383323,1.957850176,-0.022951427,-0.303134833,14.94322717,25.12595188,22.87650097,122.7456751,3.156955037,,,,0.46834636,30.44054983,5.464634266
Neyyar_Dam,2019,11,0.278701219,1.77277607,-0.02561463,-0.254906321,31.54053098,25.409939,22.89143819,192.2628404,0.548213262,,,,0.470866754,30.44054983,5.464634266
Neyyar_Dam,2019,12,0.284587406,1.795589589,-0.017244636,-0.268661254,31.12814805,24.94045529,21.66528598,86.62118316,1.31669511,,,,0.432365253,30.44054983,5.464634266
Neyyar_Dam,2020,1,0.275272036,1.759656175,-0.01980758,-0.256865006,33.30067098,25.61000771,20.1276181,12.35912867,0.868696151,,,,0.30581866,30.44054983,5.464634266
Neyyar_Dam,2020,2,0.293318507,1.8301293,-0.020233427,-0.274715471,35.27142631,27.20711775,19.48982402,19.99194813,0.79033882,,,,0.256928192,30.44054983,5.464634266
Neyyar_Dam,2020,3,0.312102272,1.907408936,-0.017704158,-0.296033852,35.35448114,27.9477462,22.01973389,20.67219226,0.392011577,,,,0.317400143,30.44054983,5.464634266
Neyyar_Dam,2020,4,0.337105726,2.017072371,-0.025106973,-0.314661958,39.00407594,27.79050778,23.54246515,116.8841107,0.759004608,,,,0.393377982,30.44054983,5.464634266
Neyyar_Dam,2020,6,0.282167287,1.786164469,-0.02378417,-0.260128872,23.64434429,25.56354557,23.36181401,390.7779837,2.817806577,,,,0.458175151,30.44054983,5.464634266
Neyyar_Dam,2020,7,0.353138916,2.091853956,-0.027764147,-0.328596527,36.58167896,25.32669281,22.71772078,200.1982212,2.712129204,,,,0.471435198,30.44054983,5.464634266
Neyyar_Dam,2020,10,0.304514024,1.875687031,-0.02028189,-0.285998496,19.32316298,25.090026,22.60306698,125.1697588,2.461828468,,,,0.447057334,30.44054983,5.464634266
Neyyar_Dam,2021,1,0.237865113,1.624207386,-0.023341717,-0.215721118,26.27275514,24.65762974,21.10964218,66.13653125,0.933511895,,,,0.43077313,30.44054983,5.464634266
Neyyar_Dam,2021,2,0.268271794,1.733255305,-0.016585557,-0.252811104,33.55972149,25.76810724,19.18402661,15.90857294,0.441554418,,,,0.295298985,30.44054983,5.464634266
Neyyar_Dam,2021,3,0.289185624,1.813674101,-0.023360194,-0.267633409,32.60029405,27.04273186,21.08637708,36.92826371,0.134128062,,,,0.362976669,30.44054983,5.464634266
Neyyar_Dam,2021,4,0.305381728,1.879279281,-0.028772136,-0.279061562,25.74166427,26.5673784,23.4073179,143.5013865,1.441873242,,,,0.438984574,30.44054983,5.464634266
Neyyar_Dam,2021,7,0.02472659,1.05070699,0.003515466,-0.028239601,11.1567166,25.11202754,22.67223,170.0983262,3.523987552,,,,0.459563184,30.44054983,5.464634266
Neyyar_Dam,2021,11,0.286362683,1.802544025,-0.033651064,-0.255170547,37.24985227,24.46052178,22.62132373,422.3672819,1.051138818,,,,0.480063566,30.44054983,5.464634266
Neyyar_Dam,2021,12,0.276225717,1.763292435,-0.031491329,-0.246881944,31.56191573,24.90886956,20.8099191,51.54996926,0.781854107,,,,0.388264215,30.44054983,5.464634266
Neyyar_Dam,2022,1,0.244517408,1.647314472,-0.015963096,-0.229449914,27.40007821,26.16133635,20.27238465,6.185923606,0.508254266,,,,0.275687351,30.44054983,5.464634266
Neyyar_Dam,2022,2,0.299387801,1.85464627,-0.02564603,-0.275859853,34.08254676,26.37464113,20.38781716,34.14558321,0.225516665,,,,0.330348355,30.44054983,5.464634266
Neyyar_Dam,2022,3,0.24494281,1.648805978,-0.022334429,-0.223832894,28.82743448,27.11699441,21.52992639,22.28694937,1.001216677,,,,0.323362309,30.44054983,5.464634266
Neyyar_Dam,2022,4,0.352877312,2.090604047,-0.027626184,-0.328453103,38.40801003,26.38357987,23.89641317,299.3345904,0.915489438,,,,0.459457249,30.44054983,5.464634266
Neyyar_Dam,2022,6,0.165945866,1.397925888,-0.010396021,-0.15581866,23.4821974,25.29774299,23.00884747,143.260184,2.97613647,,,,0.466479132,30.44054983,5.464634266
Neyyar_Dam,2022,9,0.326935317,1.971482608,-0.02867721,-0.301080919,32.14817182,24.84740187,22.45928292,111.8154272,2.749727852,,,,0.430539046,30.44054983,5.464634266
Neyyar_Dam,2022,10,0.329605672,1.983318795,-0.030172319,-0.30244112,32.32138399,24.81671227,22.42453564,199.7679733,1.664549244,,,,0.437367306,30.44054983,5.464634266
Neyyar_Dam,2022,11,0.285155555,1.797811488,-0.036985569,-0.250815244,27.04522738,24.55161366,22.07763657,209.0064993,0.354907225,,,,0.462512589,30.44054983,5.464634266
Neyyar_Dam,2022,12,0.287727815,1.807915349,-0.031343076,-0.258717929,31.68506176,24.74964409,21.48358155,109.671248,0.562941678,,,,0.449302878,30.44054983,5.464634266
Neyyar_Dam,2023,1,0.26172856,1.709030705,-0.017537216,-0.245317348,30.89974445,24.62886682,18.69304069,9.207073107,0.644312554,,,,0.31636033,30.44054983,5.464634266
Neyyar_Dam,2023,2,0.270754356,1.742560092,-0.021752834,-0.250476749,31.83743595,25.18604402,18.51257674,25.85827008,0.340022786,,,,0.32718604,30.44054983,5.464634266
Neyyar_Dam,2023,3,0.254253213,1.681875449,-0.017060767,-0.238225811,34.62115999,27.38492815,21.09026333,30.55258398,0.491346165,,,,0.309464732,30.44054983,5.464634266
Neyyar_Dam,2023,4,0.337840252,2.020419177,-0.033436124,-0.307881985,37.08768778,27.015468,23.34852051,137.3395925,0.746492116,,,,0.412341605,30.44054983,5.464634266
Neyyar_Dam,2023,5,0.347175085,2.063608562,-0.03516259,-0.315868483,31.87878027,26.61029536,23.9976207,452.0473552,1.924746295,,,,0.458142988,30.44054983,5.464634266
Neyyar_Dam,2023,6,0.357829683,2.114438564,-0.046474938,-0.316620174,22.66491599,26.03310869,23.24285009,440.2005329,3.084739858,,,,0.432315403,30.44054983,5.464634266
Neyyar_Dam,2023,7,0.261029933,1.706469572,-0.016057732,-0.246003337,29.19787927,25.20350227,22.89673911,134.2749743,3.607704084,,,,0.455369088,30.44054983,5.464634266
Neyyar_Dam,2023,8,0.266822083,1.727850843,-0.014887768,-0.252939086,32.82972251,26.06075778,22.53358479,49.27251023,2.94842766,,,,0.360657518,30.44054983,5.464634266
Neyyar_Dam,2023,12,0.309602987,1.896883913,-0.033746088,-0.278769452,33.7065595,25.45701225,22.3344677,101.2392309,0.950494631,,,,0.445110177,30.44054983,5.464634266
Neyyar_Dam,2024,1,0.261649657,1.708741207,-0.027704066,-0.235653789,32.2206826,25.83416347,21.0257768,22.89506588,0.880234379,,,,0.368492106,30.44054983,5.464634266
Neyyar_Dam,2024,3,0.315686847,1.922638547,-0.023415224,-0.294448148,31.28876009,27.95332042,21.98740427,40.44027726,0.484152844,,,,0.345704868,30.44054983,5.464634266
Neyyar_Dam,2024,4,0.329689813,1.983693278,-0.032706754,-0.30022036,29.62912956,28.35804518,24.1187504,99.39532459,0.852361667,,,,0.400318972,30.44054983,5.464634266
Neyyar_Dam,2024,5,0.344459824,2.050919035,-0.029893593,-0.317839065,35.3221684,26.61468271,24.52417756,614.6567432,2.101509874,,,,0.447124112,30.44054983,5.464634266
Neyyar_Dam,2024,9,0.336243246,2.013152013,-0.02908587,-0.310191021,31.14348088,25.44643192,22.82529352,88.62293315,3.007099392,,,,0.431109026,30.44054983,5.464634266
Neyyar_Dam,2024,12,0.281687156,1.784302155,-0.017797453,-0.265219331,30.35025014,25.15687295,21.9682163,55.79758453,0.619825708,,,,0.429178381,30.44054983,5.464634266
Neyyar_Dam,2025,1,0.29184161,1.824226934,-0.023591998,-0.270109349,32.80208648,24.96010527,19.88502347,19.69725552,1.272574758,,,,0.359624596,30.44054983,5.464634266
Neyyar_Dam,2025,2,0.279982385,1.777709818,-0.017917959,-0.263385756,34.84293084,26.20078551,19.12491068,19.67755401,0.45456848,,,,0.277063915,30.44054983,5.464634266
Neyyar_Dam,2025,3,0.296565533,1.843193068,-0.026455337,-0.272246169,34.57273465,26.87327277,22.36429543,77.50004646,0.153114054,,,,0.391572091,30.44054983,5.464634266
Neyyar_Dam,2025,5,0.352342894,2.08805382,-0.032616392,-0.323443566,36.062172,26.11244346,23.69441365,466.9989171,2.808714283,,,,0.446657078,30.44054983,5.464634266
Neyyar_Dam,2025,6,0.299591401,1.855476077,-0.022887325,-0.278614492,20.86713498,25.22735928,23.13631369,190.9356427,3.303416435,,,,0.453690974,30.44054983,5.464634266
Neyyar_Dam,2025,7,0.338355328,2.022770508,-0.031007912,-0.310606201,28.96494332,24.82755403,22.48553954,101.8252313,3.732239652,,,,0.452675481,30.44054983,5.464634266
Neyyar_Dam,2025,8,0.215525396,1.549477051,-0.010237591,-0.205741766,24.76443932,24.74036322,22.24666205,75.68311292,3.23873518,,,,0.434075448,30.44054983,5.464634266
Neyyar_Dam,2025,11,0.326797743,1.970875365,-0.031463642,-0.298402348,34.15573367,24.392916,21.83656112,297.3063875,0.811464177,,,,0.450561417,30.44054983,5.464634266
Neyyar_Dam,2026,1,0.271171967,1.744131548,-0.022932551,-0.249792793,30.95403463,25.21592697,18.55197321,6.917252429,0.710699907,,,,0.283128882,30.44054983,5.464634266
Neyyar_Dam,2026,2,0.26384401,1.716815494,-0.015005205,-0.249827882,34.28724702,26.32233373,19.28659496,59.74241936,0.439835188,,,,0.299995945,30.44054983,5.464634266
Neyyar_Dam,2026,3,0.294616676,1.835337797,-0.027807196,-0.269013362,35.53628425,26.52502444,21.51845268,18.37788367,0.36193333,,,,0.361132037,30.44054983,5.464634266
Neyyar_Dam,2026,4,0.324922366,1.962622223,-0.029166229,-0.298585763,35.23653858,27.9306626,23.16820908,101.9215504,1.264263433,,,,0.34708555,30.44054983,5.464634266
Papanasam_Dam,2016,3,0.269294329,1.737080166,-0.012067679,-0.2580653,16.32733117,26.71008006,17.80801132,19.71176901,0.302437075,,,,0.220310744,30.72291873,5.544953549
Papanasam_Dam,2016,4,0.241422508,1.636513767,0.000805103,-0.242180538,46.1748977,26.95821402,21.04136166,53.46578336,0.879998277,,,,0.285752551,30.72291873,5.544953549
Papanasam_Dam,2016,8,0.355393937,2.102670163,-0.02037648,-0.337461242,35.05644669,23.41894832,20.12710184,37.14061874,2.647928952,,,,0.325088891,30.72291873,5.544953549
Papanasam_Dam,2016,9,0.303060347,1.869688922,-0.006795569,-0.296876186,30.67809055,23.65478865,19.80257197,36.11752093,2.560730469,,,,0.278900634,30.72291873,5.544953549
Papanasam_Dam,2016,10,0.258557742,1.697445388,0.018276164,-0.275531895,38.67318419,23.51187682,19.71813051,76.44244611,1.588495719,,,,0.348431659,30.72291873,5.544953549
Papanasam_Dam,2016,12,0.309566709,1.896731701,-0.020871436,-0.290572693,31.22766549,23.35959234,17.09666831,47.23192394,0.547491258,,,,0.279298003,30.72291873,5.544953549
Papanasam_Dam,2017,1,0.298347326,1.850413138,-0.01708493,-0.282703404,34.70142601,23.21331858,15.75382311,36.76954883,1.202487455,,,,0.256677422,30.72291873,5.544953549
Papanasam_Dam,2017,2,0.114066328,1.257505346,0.001582941,-0.115628392,20.85363147,24.02562585,13.7237458,22.73193985,1.237114145,,,,0.219487554,30.72291873,5.544953549
Papanasam_Dam,2017,4,0.243341829,1.643201483,0.000657601,-0.243960391,40.03525876,26.23802937,20.46821132,54.79319412,1.422284286,,,,0.303748936,30.72291873,5.544953549
Papanasam_Dam,2017,8,0.194499621,1.482928689,-0.007517435,-0.18725598,18.47660582,23.29185604,20.57405719,111.429213,2.268318483,,,,0.38505105,30.72291873,5.544953549
Papanasam_Dam,2017,10,0.352953766,2.090969233,-0.027773836,-0.328399189,39.8327939,23.25564373,20.67394257,163.0867469,1.228479884,,,,0.422786364,30.72291873,5.544953549
Papanasam_Dam,2017,12,0.296845428,1.844324816,-0.022236341,-0.276433758,26.33375807,22.21844615,18.21907684,76.06796789,1.091578778,,,,0.365065728,30.72291873,5.544953549
Papanasam_Dam,2018,1,0.304582125,1.875968638,-0.021257545,-0.285170967,26.3571163,22.55671886,15.79955455,14.26045781,1.065297053,,,,0.245860151,30.72291873,5.544953549
Papanasam_Dam,2018,3,0.276954479,1.766077572,-0.00133479,-0.275721617,35.1355281,25.10268516,17.4833967,36.29640731,0.517692345,,,,0.276096385,30.72291873,5.544953549
Papanasam_Dam,2018,4,0.281671498,1.784241466,-0.015486936,-0.267350807,31.66991039,25.96721804,19.73334556,81.28797728,0.242480344,,,,0.286985207,30.72291873,5.544953549
Papanasam_Dam,2018,7,0.361524018,2.132459258,-0.036320232,-0.329530734,30.02721307,22.71200659,20.40207378,268.9145422,2.720819974,,,,0.431226915,30.72291873,5.544953549
Papanasam_Dam,2018,9,0.35951383,2.122627924,-0.026348749,-0.336351248,35.2639439,23.8440492,19.56827418,192.9576766,1.652206231,,,,0.296875742,30.72291873,5.544953549
Papanasam_Dam,2018,11,0.324569644,1.961075088,-0.057578417,-0.272075836,29.24474278,22.39029429,19.90156212,270.4929555,0.733279032,,,,0.442507193,30.72291873,5.544953549
Papanasam_Dam,2019,1,0.218650144,1.559672834,-0.020804824,-0.198749427,21.7521896,22.46980949,14.15210899,16.58170038,1.458057061,,,,0.225763711,30.72291873,5.544953549
Papanasam_Dam,2019,2,0.252755631,1.676500596,-0.016938112,-0.236831442,27.29781276,24.35321179,17.26641426,20.08493984,1.041681282,,,,0.267841498,30.72291873,5.544953549
Papanasam_Dam,2019,3,0.265490622,1.722906011,-0.00530572,-0.260551921,34.74876647,26.40252914,16.31250542,8.935679436,0.343883573,,,,0.219928516,30.72291873,5.544953549
Papanasam_Dam,2019,4,0.25600952,1.688206441,0.010589459,-0.265878183,40.10619173,26.48190534,20.12516922,141.4380029,0.659267131,,,,0.302922249,30.72291873,5.544953549
Papanasam_Dam,2019,5,0.243240997,1.642849298,0.005596387,-0.248499109,41.15998322,25.70698993,21.83192332,154.0744722,1.835796649,,,,0.34870964,30.72291873,5.544953549
Papanasam_Dam,2019,7,0.245206634,1.649731821,-0.002749506,-0.242620702,31.25099398,23.33598369,20.65413086,160.7397866,2.213705645,,,,0.414255716,30.72291873,5.544953549
Papanasam_Dam,2020,1,0.154452559,1.365331504,-0.0080146,-0.146619455,23.74753088,22.99850633,17.4568588,27.69431043,1.374069778,,,,0.259553643,30.72291873,5.544953549
Papanasam_Dam,2020,4,0.257059206,1.692004553,0.003074953,-0.2599287,43.74302019,26.35789602,19.58195896,120.024209,0.252818211,,,,0.289652125,30.72291873,5.544953549
Papanasam_Dam,2020,7,0.273622458,1.753389093,-0.001855927,-0.271904611,38.74294593,23.44280925,20.55260034,267.4882975,2.054213056,,,,0.417526676,30.72291873,5.544953549
Papanasam_Dam,2021,2,0.25031059,1.667771445,-0.016487396,-0.234792174,27.78463162,23.23556097,15.97615831,20.03446048,1.159206776,,,,0.239638874,30.72291873,5.544953549
Papanasam_Dam,2021,4,0.277183762,1.766954996,-0.029296716,-0.249916512,31.41022043,25.03019036,20.35003437,158.0586601,0.988330972,,,,0.362052769,30.72291873,5.544953549
Papanasam_Dam,2021,7,0.374014342,2.19496138,-0.037462717,-0.341334263,34.74991033,23.16080841,20.47496438,204.0204525,2.567718057,,,,0.418899044,30.72291873,5.544953549
Papanasam_Dam,2021,11,0.362422938,2.136875713,-0.036365628,-0.330412055,33.97180829,22.22005954,20.45623856,448.3786364,0.60897587,,,,0.462834125,30.72291873,5.544953549
Papanasam_Dam,2021,12,0.318307958,1.933876115,-0.031957398,-0.289293337,26.20387787,22.11432308,18.40916883,75.63021636,1.1887031,,,,0.375239977,30.72291873,5.544953549
Papanasam_Dam,2022,2,0.300012866,1.857195372,-0.019868796,-0.281823993,29.42336714,23.99197686,16.60376536,51.99681798,1.086678095,,,,0.251034283,30.72291873,5.544953549
Papanasam_Dam,2022,3,0.280386458,1.779269542,-0.01227855,-0.269034122,34.26863304,25.59311064,17.14649698,22.19867975,0.325511223,,,,0.234958997,30.72291873,5.544953549
Papanasam_Dam,2022,4,0.275501546,1.760530391,-0.011947476,-0.264424436,31.93511009,24.69549664,21.0861457,285.8945245,0.698857461,,,,0.392682987,30.72291873,5.544953549
Papanasam_Dam,2022,6,0.231702213,1.603157311,-0.009484603,-0.222707032,16.72802552,23.65704204,20.81796477,133.2506013,2.281802102,,,,0.379498842,30.72291873,5.544953549
Papanasam_Dam,2022,9,0.374458675,2.197230813,-0.02905017,-0.349207211,35.36238422,22.98280769,20.34522856,93.4456507,2.087895544,,,,0.398240217,30.72291873,5.544953549
Papanasam_Dam,2022,10,0.372260853,2.186036763,-0.02557003,-0.35002259,36.60081511,22.78882249,20.08166244,174.0489135,1.151156303,,,,0.396015885,30.72291873,5.544953549
Papanasam_Dam,2022,11,0.267141145,1.729038459,-0.025092382,-0.243682216,24.62524262,22.17514068,19.34823933,239.9406552,0.276592943,,,,0.43993721,30.72291873,5.544953549
Papanasam_Dam,2023,2,0.285075417,1.797497873,-0.015465604,-0.270803749,29.34687401,22.86227576,14.52602773,38.81460309,1.17095643,,,,0.268360274,30.72291873,5.544953549
Papanasam_Dam,2023,4,0.22787301,1.590247494,0.009312873,-0.236683605,41.88678653,25.34296366,19.86295194,176.8457245,0.265309054,,,,0.331807794,30.72291873,5.544953549
Papanasam_Dam,2023,5,0.290716203,1.819745788,-0.015422133,-0.2765339,37.26945572,24.91255983,21.78465657,394.6822085,1.557997606,,,,0.392005633,30.72291873,5.544953549
Papanasam_Dam,2023,6,0.292680578,1.827576818,-0.012892569,-0.280847762,37.49280467,24.54200083,20.96753271,384.569272,2.387191321,,,,0.326042324,30.72291873,5.544953549
Papanasam_Dam,2023,8,0.29098798,1.820826649,-0.003978091,-0.28734251,41.11554742,24.35781129,20.12033609,34.99608263,2.21267336,,,,0.292988582,30.72291873,5.544953549
Papanasam_Dam,2023,12,0.064155961,1.137108232,0.000186655,-0.064341845,15.97566399,22.77774215,20.13711807,152.6741705,1.100748782,,,,0.431092334,30.72291873,5.544953549
Papanasam_Dam,2024,1,0.20083431,1.50260994,-0.017074671,-0.184391952,23.6985188,22.69969186,18.86705389,65.1038056,1.325633492,,,,0.362708861,30.72291873,5.544953549
Papanasam_Dam,2024,3,0.282587145,1.787795043,-0.011092345,-0.272348492,32.29099832,26.3882215,16.86264053,32.19393843,0.432586208,,,,0.231826475,30.72291873,5.544953549
Papanasam_Dam,2024,4,0.272834193,1.75040435,-0.012455002,-0.261267015,36.27459781,27.15768982,19.93833591,114.3770466,0.227897355,,,,0.263552369,30.72291873,5.544953549
Papanasam_Dam,2024,5,0.310444586,1.900419543,-0.022018979,-0.29041076,38.29042083,24.85480945,22.23657728,454.527054,1.579600434,,,,0.399999249,30.72291873,5.544953549
Papanasam_Dam,2024,9,0.317136808,1.928844347,-0.016459522,-0.302255033,32.92905251,23.63653066,20.66237034,83.47772145,2.16899445,,,,0.361191516,30.72291873,5.544953549
Papanasam_Dam,2025,1,0.001880995,1.003769079,0.003239224,-0.005120188,11.8907029,22.05999291,17.73645734,55.52256358,1.560829026,,,,0.333520766,30.72291873,5.544953549
Papanasam_Dam,2025,2,0.308132576,1.890727227,-0.020934394,-0.289062802,29.97981559,23.4735429,15.66766435,28.77946413,1.293481291,,,,0.229536965,30.72291873,5.544953549
Papanasam_Dam,2025,3,0.29327189,1.829942623,-0.021473039,-0.273521335,32.92351018,24.97443625,18.21645122,110.553938,0.4729053,,,,0.302640587,30.72291873,5.544953549
Papanasam_Dam,2025,5,0.317670298,1.931134311,-0.02304272,-0.296800152,39.07130831,24.24376487,21.37332936,376.5924911,2.127196291,,,,0.396396329,30.72291873,5.544953549
Papanasam_Dam,2025,7,0.306465883,1.883780264,-0.025804327,-0.282898761,26.84334571,22.83961143,20.40873237,127.5920753,2.702646399,,,,0.403741919,30.72291873,5.544953549
Papanasam_Dam,2025,11,0.362050991,2.135046802,-0.031293244,-0.334548093,35.8420337,22.13670127,19.34804929,341.7686411,0.434773655,,,,0.429853058,30.72291873,5.544953549
Papanasam_Dam,2026,1,0.134598711,1.311066583,-0.00746053,-0.127265978,19.99326558,22.23787862,15.74850379,19.36133462,1.321894781,,,,0.230997496,30.72291873,5.544953549
Papanasam_Dam,2026,3,0.188823634,1.465555069,-0.014055522,-0.175233184,28.17185711,24.82414921,17.00041515,22.24167365,0.283288407,,,,0.277107095,30.72291873,5.544953549
Papanasam_Dam,2026,4,0.218015878,1.557596687,-0.001775587,-0.216324031,33.99754135,26.67288265,19.24833874,105.0978997,0.762055864,,,,0.260115729,30.72291873,5.544953549
Parambikulam_Dam,2016,1,0.13531924,1.312992369,-0.020708282,-0.114933026,27.10258238,23.08688897,15.08778195,15.52438319,1.397413438,,,,0.274795532,30.14937353,5.101761942
Parambikulam_Dam,2016,3,0.135173074,1.312601446,-0.010244729,-0.125101588,32.69159771,25.75569148,19.47535178,27.5777638,0.26929302,,,,0.317770859,30.14937353,5.101761942
Parambikulam_Dam,2016,4,0.167598113,1.402685566,-0.009401195,-0.158446569,36.85637509,25.97189313,21.71809596,71.86017299,0.88181002,,,,0.393703531,30.14937353,5.101761942
Parambikulam_Dam,2016,12,0.155801796,1.369111888,-0.01328477,-0.142812619,29.64243601,22.24723078,17.54600345,64.45387316,0.734945874,,,,0.380733832,30.14937353,5.101761942
Parambikulam_Dam,2017,1,0.131796632,1.303607743,0.004497234,-0.13621313,30.25164591,22.35074175,15.44299447,28.28497982,1.190676065,,,,0.312912575,30.14937353,5.101761942
Parambikulam_Dam,2017,2,0.118281223,1.268296937,0.018122562,-0.136112021,32.09141004,23.67047487,13.4676762,13.08410472,1.08479852,,,,0.274691574,30.14937353,5.101761942
Parambikulam_Dam,2017,3,0.159215659,1.378731266,-0.01164214,-0.14784757,35.2903981,24.10978437,19.29977112,101.6114368,0.116808915,,,,0.401788602,30.14937353,5.101761942
Parambikulam_Dam,2017,4,0.223127696,1.574425667,-0.021394332,-0.202700991,33.47412638,24.86669781,21.6727225,57.54275703,0.900555887,,,,0.435305278,30.14937353,5.101761942
Parambikulam_Dam,2017,5,0.244043302,1.645654182,-0.021717565,-0.223510348,33.25244631,23.95610145,21.75673744,250.6136208,0.941188817,,,,0.441579115,30.14937353,5.101761942
Parambikulam_Dam,2017,10,0.142078434,1.331215439,-0.000190341,-0.141891931,-44.34638614,22.41512006,20.13563175,213.086853,0.560867367,,,,0.437221944,30.14937353,5.101761942
Parambikulam_Dam,2017,11,0.186397252,1.45820212,-0.034443026,-0.152936088,26.11124507,22.72368904,18.94791337,135.8427238,0.8747929,,,,0.409375629,30.14937353,5.101761942
Parambikulam_Dam,2017,12,0.167522505,1.402467349,-0.022174759,-0.145889693,29.65895993,22.28877965,17.0395906,57.43246436,1.208024016,,,,0.377758457,30.14937353,5.101761942
Parambikulam_Dam,2018,1,0.134982874,1.31209295,-0.016091092,-0.119150579,27.15472824,22.50334569,14.69737251,13.83478498,0.931938719,,,,0.278605567,30.14937353,5.101761942
Parambikulam_Dam,2018,2,0.127673662,1.292719952,0.001927065,-0.129568849,32.35363596,23.51536415,14.40087792,18.95330966,1.148056976,,,,0.29444117,30.14937353,5.101761942
Parambikulam_Dam,2018,11,0.170257287,1.410385736,-0.017462541,-0.153250379,4.764931115,22.5093671,19.25910335,103.6582282,0.897984183,,,,0.42818973,30.14937353,5.101761942
Parambikulam_Dam,2018,12,0.150303828,1.353782523,-0.023061028,-0.127685377,25.13238715,22.57115725,18.12580746,39.44991958,0.91700107,,,,0.392373615,30.14937353,5.101761942
Parambikulam_Dam,2019,1,0.120886341,1.275018684,-0.019979754,-0.101150894,26.15356413,22.19196871,12.79865812,14.48017251,1.300626409,,,,0.285993549,30.14937353,5.101761942
Parambikulam_Dam,2019,2,0.114501126,1.258613826,-0.008355184,-0.106247586,30.69793553,24.42349717,16.37582414,11.94441402,0.647951033,,,,0.281366318,30.14937353,5.101761942
Parambikulam_Dam,2019,3,0.128351479,1.294502831,-0.013913994,-0.114642223,33.28002899,25.55430935,18.2665116,27.3829993,0.317870561,,,,0.298357263,30.14937353,5.101761942
Parambikulam_Dam,2019,4,0.13864929,1.321934581,-0.011270207,-0.127578438,26.47572871,25.30484009,21.06753576,117.8095629,0.59728439,,,,0.405463741,30.14937353,5.101761942
Parambikulam_Dam,2019,6,0.228093852,1.590988562,-0.013770876,-0.214998297,20.46584892,22.81137426,21.16750348,316.2892284,1.485994352,,,,0.444845214,30.14937353,5.101761942
Parambikulam_Dam,2019,9,0.204421172,1.513892942,-0.026220812,-0.179160678,31.52444286,21.84474926,20.41661886,299.5078793,0.875858737,,,,0.445859951,30.14937353,5.101761942
Parambikulam_Dam,2019,12,0.164756118,1.394510205,-0.024962043,-0.140371373,26.4154421,22.75559621,18.1359716,125.441767,1.862483049,,,,0.372415529,30.14937353,5.101761942
Parambikulam_Dam,2020,1,0.138766904,1.322251676,-0.017432868,-0.121628268,20.90116578,23.82443756,15.84712852,22.8554194,1.165249912,,,,0.259836101,30.14937353,5.101761942
Parambikulam_Dam,2020,2,0.120110258,1.273012065,-0.015269036,-0.10503385,28.57987004,24.69641204,15.03216512,9.30928421,1.150755057,,,,0.228729102,30.14937353,5.101761942
Parambikulam_Dam,2020,3,0.128091597,1.293818929,-0.012062937,-0.116208219,33.61213984,25.20038187,19.02854833,51.31883764,0.172524026,,,,0.340346059,30.14937353,5.101761942
Parambikulam_Dam,2020,4,0.164693372,1.394330336,-0.020729559,-0.144456991,35.55198552,25.33559694,20.37044637,117.9589076,0.325969234,,,,0.382451269,30.14937353,5.101761942
Parambikulam_Dam,2020,7,0.235144037,1.614871421,-0.023920939,-0.21241792,31.19829995,21.82757312,20.51507006,658.1166229,1.043525351,,,,0.447936506,30.14937353,5.101761942
Parambikulam_Dam,2020,10,0.201226074,1.503837363,-0.025035521,-0.17708266,19.68857544,21.99749233,19.77290134,153.5597062,0.941479857,,,,0.427197412,30.14937353,5.101761942
Parambikulam_Dam,2020,12,0.156266327,1.370416238,-0.025315634,-0.131470789,28.45860076,21.86548723,17.45965714,114.0537174,1.62114284,,,,0.400755079,30.14937353,5.101761942
Parambikulam_Dam,2021,1,0.132973784,1.306735326,-0.027131619,-0.106225405,23.91856055,21.97037738,17.72431652,109.3003929,1.500881178,,,,0.39283574,30.14937353,5.101761942
Parambikulam_Dam,2021,2,0.121284557,1.276049678,-0.019671522,-0.101856049,27.09429712,23.46302737,14.59610401,9.134590387,1.018237155,,,,0.283930241,30.14937353,5.101761942
Parambikulam_Dam,2021,3,0.118401734,1.268607003,-0.016869926,-0.101735016,31.10329709,25.2437401,16.27669301,136.995353,0.346314451,,,,0.285130326,30.14937353,5.101761942
Parambikulam_Dam,2022,1,0.138347385,1.321121025,-0.022828661,-0.115884721,26.43056169,23.01918876,16.13593017,29.99274063,0.896671087,,,,0.259387703,30.14937353,5.101761942
Parambikulam_Dam,2022,2,0.118445063,1.268718507,-0.028322265,-0.090426145,28.90857323,23.93307115,15.27848382,10.04236519,0.793977523,,,,0.236582521,30.14937353,5.101761942
Parambikulam_Dam,2022,3,0.122962427,1.280404013,-0.014002752,-0.109147607,27.65359224,24.84107963,16.52413177,59.39986801,0.192506381,,,,0.278564528,30.14937353,5.101761942
Parambikulam_Dam,2022,10,0.193001334,1.478318844,-0.02564815,-0.168185725,32.51260033,21.99998838,19.77954936,189.7772436,0.320156533,,,,0.434786103,30.14937353,5.101761942
Parambikulam_Dam,2023,1,0.138203368,1.320733135,-0.017967608,-0.120535071,26.11358775,22.18211923,13.83408047,23.51580095,1.420908991,,,,0.280932423,30.14937353,5.101761942
Parambikulam_Dam,2023,2,0.121269682,1.276011148,-0.007394063,-0.11397782,28.24001687,23.65123363,11.88917238,17.83506393,1.218402516,,,,0.245230364,30.14937353,5.101761942
Parambikulam_Dam,2023,3,0.122790476,1.279957005,0.002601764,-0.125352193,30.24188308,24.57557835,16.15152338,83.24474907,0.311770407,,,,0.2800622,30.14937353,5.101761942
Parambikulam_Dam,2023,5,0.257987719,1.695373177,-0.030245603,-0.229533162,34.49334189,23.99262482,21.69629779,164.851645,0.808439638,,,,0.436506982,30.14937353,5.101761942
Parambikulam_Dam,2023,8,0.199787392,1.499335777,-0.01950743,-0.180985323,28.74403192,22.79562894,20.41573925,211.9026113,1.13249822,,,,0.426887396,30.14937353,5.101761942
Parambikulam_Dam,2024,1,0.146325014,1.342811999,-0.021903055,-0.12482201,28.44684435,22.83702403,17.70012733,48.23726463,1.229840743,,,,0.370995252,30.14937353,5.101761942
Parambikulam_Dam,2024,2,0.128551865,1.295030444,-0.011849943,-0.11687997,29.77100631,24.90658982,16.05481516,5.633244038,1.061609931,,,,0.264206926,30.14937353,5.101761942
Parambikulam_Dam,2024,3,0.115680599,1.261626282,-0.002126879,-0.113581666,32.66977353,25.89732034,18.41396869,21.46737111,0.238450654,,,,0.284336719,30.14937353,5.101761942
Parambikulam_Dam,2024,4,0.160286262,1.381764059,0.002475167,-0.162696882,30.12672408,26.37601393,20.72188354,39.02512407,0.457639855,,,,0.358530786,30.14937353,5.101761942
Parambikulam_Dam,2024,9,0.203426039,1.51075242,-0.025806271,-0.178557134,30.92859613,22.26938657,20.3831241,63.15109897,1.126348254,,,,0.438099381,30.14937353,5.101761942
Parambikulam_Dam,2024,12,0.160719704,1.382994107,-0.024997258,-0.136269917,28.28382094,22.45062488,18.57535816,123.0060946,0.664514538,,,,0.390600457,30.14937353,5.101761942
Parambikulam_Dam,2025,1,0.105079252,1.234834766,-0.022700875,-0.082575352,26.11825204,22.77758871,15.47576416,24.86784506,1.69200439,,,,0.302983294,30.14937353,5.101761942
Parambikulam_Dam,2025,2,0.123854604,1.282726142,-0.018317888,-0.105776698,28.30181444,24.52238556,13.23823746,6.178121209,1.214381966,,,,0.232776309,30.14937353,5.101761942
Parambikulam_Dam,2025,3,0.13004615,1.298972525,-0.018451859,-0.111862715,30.40386264,25.03102787,18.6763194,171.9344096,0.31611807,,,,0.329091274,30.14937353,5.101761942
Parambikulam_Dam,2025,4,0.188370658,1.464179023,-0.032180097,-0.157143129,30.31285379,24.19765483,20.94808792,198.5216532,0.556049479,,,,0.422030696,30.14937353,5.101761942
Parambikulam_Dam,2025,12,0.140184228,1.326079685,-0.021962527,-0.118586806,25.66628428,21.91813779,15.78118367,44.46363723,1.35867151,,,,0.340940769,30.14937353,5.101761942
Parambikulam_Dam,2026,1,0.130252813,1.299518791,-0.021862239,-0.10870011,24.40426596,22.19744141,14.31809611,33.95435095,1.54961329,,,,0.275586303,30.14937353,5.101761942
Parambikulam_Dam,2026,2,0.119925149,1.272533976,-0.02075804,-0.099414593,26.17882151,23.40331575,15.11473062,26.03030396,1.003648606,,,,0.252174393,30.14937353,5.101761942
Parambikulam_Dam,2026,3,0.106815402,1.239178781,-0.01922704,-0.087768616,30.71419988,24.67294653,17.85016891,55.07173562,0.201185611,,,,0.313009741,30.14937353,5.101761942
Parambikulam_Dam,2026,4,0.143702874,1.335637875,-0.022191898,-0.121899719,32.87689848,25.63176395,20.41959344,62.08663797,0.73854816,,,,0.358045048,30.14937353,5.101761942
Pechiparai_Dam,2016,3,0.398964943,2.32759292,-0.039395491,-0.365311202,30.39126509,29.16205524,21.67909719,12.64597309,0.276131254,,,,0.256299337,32.92967958,5.341233336
Pechiparai_Dam,2016,4,0.268275056,1.733267489,-0.01759795,-0.25186619,34.7241389,28.89557838,24.03161502,54.5393548,1.538447968,,,,0.32845974,32.92967958,5.341233336
Pechiparai_Dam,2016,8,0.365570198,2.152437027,-0.022390326,-0.346012062,22.83939759,25.5690528,22.19265754,36.73766899,4.226683824,,,,0.343875516,32.92967958,5.341233336
Pechiparai_Dam,2016,9,0.303318435,1.870752006,-0.013004124,-0.291463959,26.6940553,25.72269772,21.93287796,33.72456026,4.031805651,,,,0.300429916,32.92967958,5.341233336
Pechiparai_Dam,2016,10,0.373620507,2.192952553,-0.017514265,-0.358451839,30.84608571,25.92304114,21.90826093,65.15830326,2.679574755,,,,0.353636075,32.92967958,5.341233336
Pechiparai_Dam,2016,12,0.35796847,2.115111808,-0.027860304,-0.333433535,32.36901719,26.13052018,20.1100698,28.38726425,0.422495393,,,,0.327245405,32.92967958,5.341233336
Pechiparai_Dam,2017,1,0.346428291,2.060107976,-0.022756882,-0.32624339,32.99881973,26.28270964,18.70154814,18.66889971,0.799896927,,,,0.278284852,32.92967958,5.341233336
Pechiparai_Dam,2017,2,0.311461257,1.904702199,0.003056486,-0.314218614,37.73246477,26.85519825,17.04925792,26.5804249,0.92826885,,,,0.249164786,32.92967958,5.341233336
Pechiparai_Dam,2017,4,0.36336425,2.141513809,-0.025514505,-0.34101128,31.85378753,28.13116631,23.23909077,27.55139875,2.638971543,,,,0.346922896,32.92967958,5.341233336
Pechiparai_Dam,2017,8,0.209682195,1.530627537,0.000690529,-0.210342268,-117.358423,25.50091654,22.51596747,91.14143944,3.718606855,,,,0.390126895,32.92967958,5.341233336
Pechiparai_Dam,2017,10,0.391982244,2.289377623,-0.029060948,-0.367103106,37.04424706,25.52912323,22.93078376,177.8384047,2.154403123,,,,0.45168608,32.92967958,5.341233336
Pechiparai_Dam,2017,12,0.335301445,2.008882726,-0.012244068,-0.324389141,33.36205218,24.95370845,20.67651237,60.84277701,0.904241347,,,,0.392518792,32.92967958,5.341233336
Pechiparai_Dam,2018,1,0.328658962,1.979111789,-0.011466355,-0.318392476,33.26435941,25.58261351,18.46815859,5.694202095,0.613583002,,,,0.265552357,32.92967958,5.341233336
Pechiparai_Dam,2018,3,0.363101167,2.140216147,-0.020100039,-0.345522874,40.34148201,27.74968932,20.76700673,31.56045002,0.21974877,,,,0.312846932,32.92967958,5.341233336
Pechiparai_Dam,2018,4,0.368008113,2.164597587,-0.026767772,-0.344635259,35.18543143,27.90861344,23.11973065,75.89001167,0.724755737,,,,0.368511815,32.92967958,5.341233336
Pechiparai_Dam,2018,7,0.351148264,2.082368264,-0.021929696,-0.331773414,15.24447766,24.92058931,22.46054414,152.6080256,4.359129144,,,,0.451629208,32.92967958,5.341233336
Pechiparai_Dam,2018,9,0.363681751,2.143081315,-0.012511405,-0.352775534,38.19993324,25.91274766,21.89076224,152.0285845,2.780888347,,,,0.317381265,32.92967958,5.341233336
Pechiparai_Dam,2018,11,0.354569664,2.098707777,-0.036407261,-0.322323245,34.88941876,25.06847083,22.38326514,232.3880162,0.509097234,,,,0.467546823,32.92967958,5.341233336
Pechiparai_Dam,2019,1,0.31276536,1.910214187,-0.006454239,-0.306930711,34.04501797,25.70101066,16.43394703,6.339533925,1.143870747,,,,0.247730112,32.92967958,5.341233336
Pechiparai_Dam,2019,2,0.321289016,1.946762389,-0.011003126,-0.311386699,36.03021619,27.03573888,20.09108351,24.15236306,0.748218565,,,,0.309434618,32.92967958,5.341233336
Pechiparai_Dam,2019,3,0.355300855,2.102222198,-0.02098752,-0.336825,36.00855141,28.80673938,20.30097831,9.811923802,0.308714276,,,,0.257473853,32.92967958,5.341233336
Pechiparai_Dam,2019,4,0.372279679,2.186132316,-0.023452755,-0.351899352,39.45521801,28.49823835,23.43480464,136.6961305,1.371354098,,,,0.346181318,32.92967958,5.341233336
Pechiparai_Dam,2019,5,0.315437301,1.921573147,-0.0367284,-0.281975733,30.06168316,27.69175083,23.75654162,109.6640534,3.00186316,,,,0.37299027,32.92967958,5.341233336
Pechiparai_Dam,2019,7,0.407276075,2.374252184,-0.030229544,-0.381746506,28.19486744,25.491118,22.77981078,97.17447567,3.466931256,,,,0.44546076,32.92967958,5.341233336
Pechiparai_Dam,2020,1,0.35589917,2.105103903,-0.017550205,-0.340475612,36.77636772,25.85071725,19.54802038,9.24461633,1.327255383,,,,0.275210124,32.92967958,5.341233336
Pechiparai_Dam,2020,4,0.396171048,2.312196268,-0.030791355,-0.369891873,39.84090656,28.50756507,23.12888279,96.35980296,0.703527018,,,,0.361460347,32.92967958,5.341233336
Pechiparai_Dam,2020,7,0.421723944,2.458555787,-0.033730774,-0.393592047,36.47686812,25.65921497,22.63904712,159.0255222,3.085002463,,,,0.457412638,32.92967958,5.341233336
Pechiparai_Dam,2021,2,0.326575295,1.969894012,-0.007700899,-0.319678362,38.29939612,26.41905008,18.21092858,23.12480021,0.846164942,,,,0.258615925,32.92967958,5.341233336
Pechiparai_Dam,2021,4,0.360914423,2.129471346,-0.033898202,-0.331066606,24.24710659,27.16301371,23.15465948,147.5493147,1.693245213,,,,0.411165852,32.92967958,5.341233336
Pechiparai_Dam,2021,7,0.145454346,1.340424987,-0.003616444,-0.141912552,25.11377188,25.4126329,22.61684683,126.769299,3.835192769,,,,0.444011668,32.92967958,5.341233336
Pechiparai_Dam,2021,11,0.367468861,2.161899673,-0.024511346,-0.346074664,38.16326705,24.59458211,22.63240501,430.7519112,1.23050119,,,,0.47253028,32.92967958,5.341233336
Pechiparai_Dam,2021,12,0.347545877,2.065349621,-0.022250106,-0.327830864,32.07920099,24.89295054,20.54301564,47.69911051,1.062423084,,,,0.384710579,32.92967958,5.341233336
Pechiparai_Dam,2022,2,0.382769383,2.240279963,-0.025768105,-0.360557544,36.98446365,27.01599855,19.39828614,50.8134799,0.59915571,,,,0.290206228,32.92967958,5.341233336
Pechiparai_Dam,2022,3,0.314976893,1.919609542,-0.021440878,-0.295531854,32.449187,27.90036293,20.72510763,20.1378094,1.012356129,,,,0.282431469,32.92967958,5.341233336
Pechiparai_Dam,2022,4,0.417977303,2.436292107,-0.032919064,-0.390430335,38.21503852,26.72284582,23.83579305,309.6007643,1.137110137,,,,0.450454309,32.92967958,5.341233336
Pechiparai_Dam,2022,6,0.121709831,1.277151756,-0.002521209,-0.119225207,19.05079259,25.67019037,22.89295392,116.8634591,3.388425085,,,,0.435537148,32.92967958,5.341233336
Pechiparai_Dam,2022,9,0.38819348,2.269007331,-0.026859592,-0.365141111,33.35451838,25.07808492,22.43360204,99.40122736,3.101481659,,,,0.417545848,32.92967958,5.341233336
Pechiparai_Dam,2022,10,0.393691285,2.298649602,-0.025361853,-0.372044197,35.33545777,25.04593144,22.44335284,162.4788761,1.925121169,,,,0.425553701,32.92967958,5.341233336
Pechiparai_Dam,2022,11,0.366232877,2.155733276,-0.031039842,-0.33904726,28.0311605,24.66366336,22.0974201,212.5113966,0.433780276,,,,0.454707082,32.92967958,5.341233336
Pechiparai_Dam,2023,2,0.324021288,1.958673052,-0.014714582,-0.310788494,34.31014507,26.04910438,17.15157414,41.23497748,0.647716666,,,,0.300864129,32.92967958,5.341233336
Pechiparai_Dam,2023,4,0.417393995,2.432851677,-0.040593529,-0.38329482,36.09480202,27.9035241,22.85789822,129.6348345,0.74067674,,,,0.360353788,32.92967958,5.341233336
Pechiparai_Dam,2023,5,0.224513108,1.579024895,-0.009871477,-0.215118392,25.58865361,27.04175747,23.91265714,382.8620844,2.315647855,,,,0.430199818,32.92967958,5.341233336
Pechiparai_Dam,2023,6,0.414368419,2.415116374,-0.038920496,-0.381602184,31.20443334,26.62574107,23.06290218,413.7092247,3.54411909,,,,0.36892715,32.92967958,5.341233336
Pechiparai_Dam,2023,8,0.402378889,2.346601992,-0.025459549,-0.380820613,38.91044659,26.61275186,22.34796441,30.51603746,3.269391723,,,,0.319921883,32.92967958,5.341233336
Pechiparai_Dam,2023,12,0.373046245,2.190027947,-0.02865824,-0.348109592,33.53076231,25.43130398,22.25242333,117.216347,1.161274533,,,,0.442003968,32.92967958,5.341233336
Pechiparai_Dam,2024,1,0.311594049,1.905262509,-0.019602202,-0.293786273,34.05879241,25.93259414,20.66006989,27.68510455,1.343529167,,,,0.352015998,32.92967958,5.341233336
Pechiparai_Dam,2024,3,0.399608232,2.331158263,-0.035038068,-0.369747179,38.01110728,29.00754326,20.998871,32.06086802,0.173111819,,,,0.27272329,32.92967958,5.341233336
Pechiparai_Dam,2024,4,0.281776911,1.784650103,-0.024098594,-0.259440025,25.35000569,29.38568189,23.50778306,96.05725789,0.701047674,,,,0.326150322,32.92967958,5.341233336
Pechiparai_Dam,2024,5,0.416678418,2.428640499,-0.034901334,-0.387411061,36.93326059,27.03202142,24.44236945,425.3765305,2.481228418,,,,0.436157862,32.92967958,5.341233336
Pechiparai_Dam,2024,9,0.335626579,2.010355227,-0.023572588,-0.314542521,28.28123935,25.82638798,22.79287436,90.38321924,3.318216554,,,,0.395854717,32.92967958,5.341233336
Pechiparai_Dam,2025,1,0.342650589,2.04252193,-0.018595188,-0.326133409,33.53381528,24.98920788,19.60690792,24.22324944,1.634769626,,,,0.346613299,32.92967958,5.341233336
Pechiparai_Dam,2025,2,0.326855911,1.971132082,-0.005385382,-0.322037393,35.93956991,26.7873072,18.02302266,32.86333513,0.907604336,,,,0.251528467,32.92967958,5.341233336
Pechiparai_Dam,2025,3,0.388597938,2.271169864,-0.034668664,-0.358762585,35.01350246,27.49101418,21.86254445,106.8506681,0.162419809,,,,0.358179769,32.92967958,5.341233336
Pechiparai_Dam,2025,5,0.41692075,2.430065465,-0.036160132,-0.386588796,36.77022466,26.47321505,23.67960246,314.5502968,3.23129448,,,,0.4384539,32.92967958,5.341233336
Pechiparai_Dam,2025,7,0.400828939,2.337944924,-0.030754954,-0.374693005,32.56541088,25.16971843,22.44615414,84.1023798,4.054496504,,,,0.430838452,32.92967958,5.341233336
Pechiparai_Dam,2025,11,0.381042246,2.231238296,-0.026652811,-0.358025487,35.11742224,24.51510296,21.88014293,329.6486275,0.854356351,,,,0.443036249,32.92967958,5.341233336
Pechiparai_Dam,2026,1,0.323466723,1.956247784,-0.021275265,-0.304285502,33.13756114,25.48440028,17.86395342,5.430196375,1.106609248,,,,0.249603415,32.92967958,5.341233336
Pechiparai_Dam,2026,3,0.389068853,2.273691333,-0.03717296,-0.357059995,34.44121299,27.28033253,21.02699235,26.6239326,0.161237486,,,,0.326383406,32.92967958,5.341233336
Pechiparai_Dam,2026,4,0.412133584,2.402133456,-0.037719787,-0.380326193,34.01192919,28.71331505,22.72184135,86.66800666,1.331930926,,,,0.300788604,32.92967958,5.341233336
Peechi_Dam,2016,1,0.344347775,2.050397639,-0.019237816,-0.327278012,30.1180231,28.00363176,17.37562287,4.295010269,1.42418136,,,,0.266590652,27.91801627,5.256110035
Peechi_Dam,2016,3,0.361637866,2.133017913,-0.020549105,-0.343642483,36.76956161,30.02729224,22.61441043,18.56244206,0.959540059,,,,0.285112853,27.91801627,5.256110035
Peechi_Dam,2016,4,0.380395281,2.227864375,-0.023274629,-0.360310684,38.50726653,29.93140195,24.38307716,44.07205427,1.453591917,,,,0.341742007,27.91801627,5.256110035
Peechi_Dam,2016,12,0.364398485,2.146625601,-0.027008536,-0.340743501,33.29890463,26.24557867,20.62289637,31.33925748,0.567978397,,,,0.374965442,27.91801627,5.256110035
Peechi_Dam,2017,1,0.332559622,1.996522334,-0.014641744,-0.319473475,32.33255302,27.1233882,18.02928462,5.848700762,1.037415874,,,,0.279792088,27.91801627,5.256110035
Peechi_Dam,2017,2,0.341282757,2.036204111,-0.025699243,-0.318375897,17.96780075,28.28995167,17.17272332,11.1339668,0.711801539,,,,0.269123532,27.91801627,5.256110035
Peechi_Dam,2017,3,0.370341079,2.176322822,-0.028597678,-0.345401513,37.27652075,28.14053559,22.23253269,49.17219186,0.626183139,,,,0.375451652,27.91801627,5.256110035
Peechi_Dam,2017,4,0.309224872,1.895298221,-0.032374591,-0.279649864,34.28830477,28.50829305,24.47348205,28.75083911,1.39235634,,,,0.412416119,27.91801627,5.256110035
Peechi_Dam,2017,5,0.294836087,1.836220011,-0.033922619,-0.263549387,0.181982424,27.35546213,24.56138294,321.4464836,0.985409125,,,,0.463426487,27.91801627,5.256110035
Peechi_Dam,2017,10,0.194659152,1.483420534,-0.003966273,-0.190840221,-42.63484908,25.67727196,23.28145896,269.0871897,0.56279987,,,,0.472932713,27.91801627,5.256110035
Peechi_Dam,2017,11,0.376697822,2.208716526,-0.03119029,-0.349615272,30.64759111,26.273123,22.36546076,111.5425577,0.682778647,,,,0.430745082,27.91801627,5.256110035
Peechi_Dam,2017,12,0.371096839,2.180139843,-0.02776209,-0.34690875,35.47522606,26.28087527,19.68388121,16.3406359,1.388214479,,,,0.375755884,27.91801627,5.256110035
Peechi_Dam,2018,1,0.328199181,1.97707288,-0.021464708,-0.308910656,31.26374298,27.11939474,17.73436375,3.175451726,0.508039243,,,,0.262156948,27.91801627,5.256110035
Peechi_Dam,2018,2,0.339409407,2.027593825,-0.010963096,-0.329673017,35.04274019,28.49400185,17.47511508,11.81761968,0.591273498,,,,0.273839655,27.91801627,5.256110035
Peechi_Dam,2018,11,0.359598647,2.123041495,-0.031412268,-0.331935863,29.68788767,26.33119055,22.52838775,98.21190143,0.729169618,,,,0.449597719,27.91801627,5.256110035
Peechi_Dam,2018,12,0.356067638,2.105916273,-0.022278194,-0.336458415,27.12360564,26.62012889,21.46514018,11.53749436,0.541569308,,,,0.400427213,27.91801627,5.256110035
Peechi_Dam,2019,1,0.330982283,1.989457455,-0.021559345,-0.311646776,30.89248806,26.64791926,15.92697721,3.309042335,0.982951901,,,,0.275175238,27.91801627,5.256110035
Peechi_Dam,2019,2,0.326389282,1.969073898,-0.008618111,-0.318667538,34.57506641,28.82986439,19.35212215,7.386662424,0.300852186,,,,0.269473462,27.91801627,5.256110035
Peechi_Dam,2019,3,0.262166343,1.710638069,-0.008433346,-0.254295228,33.85241477,29.37561067,21.80822902,19.26606333,1.129794447,,,,0.270159239,27.91801627,5.256110035
Peechi_Dam,2019,4,0.12265247,1.27959837,0.004298246,-0.126883824,26.02243321,28.78883894,24.48774518,94.68640661,1.078371261,,,,0.412330331,27.91801627,5.256110035
Peechi_Dam,2019,6,0.384978103,2.251916736,-0.032975594,-0.356528597,20.17377335,26.13159182,24.17612436,620.8237343,1.371095382,,,,0.484222094,27.91801627,5.256110035
Peechi_Dam,2019,9,0.32807509,1.976523077,-0.024450289,-0.306080032,28.37499859,25.30504657,23.42412211,278.825079,0.938942703,,,,0.48268102,27.91801627,5.256110035
Peechi_Dam,2019,12,0.36183905,2.134005615,-0.021511331,-0.342997488,32.54046112,27.39204457,19.96177246,36.63732135,2.460243233,,,,0.337715231,27.91801627,5.256110035
Peechi_Dam,2020,1,0.332419086,1.99589152,-0.01502041,-0.318991422,31.39277317,28.7520293,18.41410794,5.564204574,0.904557619,,,,0.254115402,27.91801627,5.256110035
Peechi_Dam,2020,2,0.347231608,2.063873842,-0.012841253,-0.335888043,33.54515325,29.4437714,18.18618605,9.325682163,0.729022064,,,,0.253161332,27.91801627,5.256110035
Peechi_Dam,2020,3,0.354046278,2.096197037,-0.015708254,-0.340230197,38.08704429,29.13941234,22.70282098,26.90260375,0.804219734,,,,0.32885494,27.91801627,5.256110035
Peechi_Dam,2020,4,0.164807831,1.394658468,-0.006855226,-0.158131261,28.39720694,29.12828719,23.85454197,80.70530844,0.78384974,,,,0.367236074,27.91801627,5.256110035
Peechi_Dam,2020,7,0.323940031,1.958317445,-0.023420387,-0.302817057,30.09295587,25.2194547,23.43815876,897.575882,0.978912796,,,,0.480462925,27.91801627,5.256110035
Peechi_Dam,2020,10,0.368449104,2.166807321,-0.027363577,-0.344559405,15.92577873,25.50218263,22.99246865,127.2794998,0.913503907,,,,0.467862222,27.91801627,5.256110035
Peechi_Dam,2020,12,0.357135335,2.111074708,-0.028084995,-0.332384201,31.41071879,26.47258183,19.53900459,41.57565081,1.943991875,,,,0.371060177,27.91801627,5.256110035
Peechi_Dam,2021,1,0.359457618,2.122353895,-0.028411155,-0.334462194,29.11012673,26.58562926,19.93484012,38.15345877,1.425908577,,,,0.380323143,27.91801627,5.256110035
Peechi_Dam,2021,2,0.365038986,2.149799683,-0.018031255,-0.349306908,32.80544418,28.35088835,17.54319816,6.778016508,0.657598392,,,,0.267116728,27.91801627,5.256110035
Peechi_Dam,2021,3,0.336570217,2.014637043,-0.016658731,-0.321715289,36.75555243,29.24232863,21.04859304,75.44387913,0.599758686,,,,0.28238516,27.91801627,5.256110035
Peechi_Dam,2022,1,0.336175004,2.012842258,-0.018429797,-0.319726114,23.49722807,27.81487718,18.45290433,6.771657586,0.973572401,,,,0.255497286,27.91801627,5.256110035
Peechi_Dam,2022,2,0.185848827,1.456546236,-0.009243223,-0.176909506,18.57596242,28.54479261,18.7912392,9.801851869,0.28269878,,,,0.254761878,27.91801627,5.256110035
Peechi_Dam,2022,3,0.327060538,1.972035544,-0.016153579,-0.312558266,33.87900134,28.79245802,20.72357978,52.92406058,0.563070064,,,,0.308934858,27.91801627,5.256110035
Peechi_Dam,2022,10,0.069392696,1.149134219,0.002429824,-0.071810412,18.76959698,25.54355304,22.92378221,208.3097219,0.440224362,,,,0.465470468,27.91801627,5.256110035
Peechi_Dam,2023,1,0.358260701,2.116530345,-0.022616086,-0.338386375,30.34803154,26.9038873,16.96254832,10.77623278,1.061561701,,,,0.269905706,27.91801627,5.256110035
Peechi_Dam,2023,2,0.328613024,1.97890795,-0.013711127,-0.316327158,33.89708971,28.29082975,17.07422225,11.31300366,0.32580886,,,,0.252540452,27.91801627,5.256110035
Peechi_Dam,2023,3,0.34006206,2.030587999,-0.011947506,-0.329453087,34.42844595,29.07044877,19.42817759,40.70124447,0.300627103,,,,0.282234807,27.91801627,5.256110035
Peechi_Dam,2023,5,0.218809094,1.560193653,-0.018142625,-0.201466243,24.63200737,27.73163325,24.66371246,226.579174,0.766176073,,,,0.472075268,27.91801627,5.256110035
Peechi_Dam,2023,8,0.231248449,1.601620768,-0.012884725,-0.219016299,27.79932815,26.34451481,23.55361482,185.4119358,1.611975005,,,,0.456493091,27.91801627,5.256110035
Peechi_Dam,2024,1,0.354788791,2.099760158,-0.020940645,-0.336347038,33.11207341,27.07464723,20.84029293,28.97641569,1.005336747,,,,0.376358812,27.91801627,5.256110035
Peechi_Dam,2024,2,0.367574341,2.162427033,-0.023445215,-0.347120562,32.99257397,29.62569808,19.12987671,4.853340447,0.599050432,,,,0.257650178,27.91801627,5.256110035
Peechi_Dam,2024,3,0.360405469,2.126981083,-0.028336044,-0.335495663,34.62485286,29.67156901,22.64095034,14.39931655,0.876855923,,,,0.269877731,27.91801627,5.256110035
Peechi_Dam,2024,4,0.377878906,2.214808211,-0.021595239,-0.359215,38.32280028,29.99219231,24.64029717,21.93738914,1.055959997,,,,0.34269619,27.91801627,5.256110035
Peechi_Dam,2024,9,0.380337322,2.227562462,-0.030439262,-0.353996341,33.36789872,25.80914622,23.5381109,85.08663297,1.52094895,,,,0.471222009,27.91801627,5.256110035
Peechi_Dam,2024,12,0.253084965,1.677680736,-0.016518229,-0.237559859,29.70071339,26.07053118,21.39885674,65.4756332,0.690158618,,,,0.405232481,27.91801627,5.256110035
Peechi_Dam,2025,1,0.365102978,2.150117152,-0.034416626,-0.334894506,32.84330511,27.66637522,17.38149525,6.354947865,1.85064127,,,,0.284131942,27.91801627,5.256110035
Peechi_Dam,2025,2,0.344623517,2.051681061,-0.017162931,-0.329408958,32.5659224,29.08080201,18.00481383,4.29626143,0.33704498,,,,0.254773503,27.91801627,5.256110035
Peechi_Dam,2025,3,0.343866278,2.048159139,-0.021717824,-0.324572369,35.66161395,28.79087662,22.92133771,98.80735779,0.29562917,,,,0.359683191,27.91801627,5.256110035
Peechi_Dam,2025,4,0.226418722,1.585377976,-0.013949186,-0.213142716,30.06571564,27.84061002,24.12060221,156.2928619,0.613186844,,,,0.433189265,27.91801627,5.256110035
Peechi_Dam,2025,12,0.351439141,2.083750694,-0.022406343,-0.33164432,31.161078,26.38993998,17.96929184,18.39147151,1.437854453,,,,0.319707706,27.91801627,5.256110035
Peechi_Dam,2026,1,0.331698402,1.992660807,-0.018149773,-0.315447703,29.30039589,27.43823932,16.72279552,8.536770463,1.489789031,,,,0.254348837,27.91801627,5.256110035
Peechi_Dam,2026,2,0.329589578,1.983247179,-0.01298508,-0.317965309,30.88719311,28.11961272,18.25458929,33.99062359,0.570236728,,,,0.274645487,27.91801627,5.256110035
Peechi_Dam,2026,3,0.197615719,1.492571261,-0.008281922,-0.189644175,29.47205079,28.60730771,21.95955441,33.05826342,0.704447096,,,,0.315494619,27.91801627,5.256110035
Peechi_Dam,2026,4,0.304405977,1.875240346,-0.023516852,-0.282914416,33.66266269,29.04863406,24.05585013,29.91824973,1.156565212,,,,0.360279444,27.91801627,5.256110035
Sathanur_Dam,2016,1,0.222633357,1.572788552,-0.024533103,-0.199188198,20.71387338,23.57860755,17.56330762,6.494292259,1.30589945,,,,0.163929206,28.13226744,6.114926208
Sathanur_Dam,2016,2,0.187019306,1.460083019,-0.018949142,-0.168667898,31.23722111,26.00473256,18.13514456,3.102098793,1.391843174,,,,0.121043329,28.13226744,6.114926208
Sathanur_Dam,2016,3,0.155873462,1.369313024,-0.005581956,-0.150422386,36.11634828,28.60058824,19.79582365,4.259317815,1.46120978,,,,0.116972005,28.13226744,6.114926208
Sathanur_Dam,2016,4,0.141297443,1.329095195,0.006583177,-0.147743192,42.02232821,31.43369891,21.3954188,3.717953444,1.604332348,,,,0.118689042,28.13226744,6.114926208
Sathanur_Dam,2016,6,0.244349053,1.646724664,-0.015106623,-0.230091765,29.12488539,28.70947717,21.84092244,157.5119462,3.014089997,,,,0.283650123,28.13226744,6.114926208
Sathanur_Dam,2016,8,0.213746551,1.543709034,-0.00653483,-0.207501559,40.29626698,29.83329204,19.89042359,167.5494156,3.463652943,,,,0.175841729,28.13226744,6.114926208
Sathanur_Dam,2016,11,0.240324982,1.632704712,-0.014945895,-0.226191538,31.47394054,26.02676118,18.06571202,44.47914046,1.41597658,,,,0.166801659,28.13226744,6.114926208
Sathanur_Dam,2016,12,0.214051681,1.544696581,-0.018464764,-0.196363025,29.43244693,23.90630721,18.21011593,91.40990877,1.193267851,,,,0.236487691,28.13226744,6.114926208
Sathanur_Dam,2017,1,0.160821029,1.383281838,-0.004317415,-0.156612355,22.48438415,24.01401451,17.17059741,12.14460039,1.596440315,,,,0.152663387,28.13226744,6.114926208
Sathanur_Dam,2017,2,0.151328427,1.356624239,-0.001907351,-0.149464216,33.49571818,24.97155197,15.53089724,3.892953455,1.344468994,,,,0.134884763,28.13226744,6.114926208
Sathanur_Dam,2017,3,0.133186201,1.307300601,0.008647536,-0.14167057,-24.32569058,28.40753355,20.00018137,15.27693743,1.388679043,,,,0.148201917,28.13226744,6.114926208
Sathanur_Dam,2017,4,0.149575262,1.351766018,0.008196261,-0.157578339,40.47631237,31.74919643,20.01600185,19.40625077,0.911220332,,,,0.11716884,28.13226744,6.114926208
Sathanur_Dam,2017,5,0.179320786,1.437005794,0.003573422,-0.182777086,32.68303165,31.35486392,21.98258983,106.9690776,1.218250054,,,,0.17476469,28.13226744,6.114926208
Sathanur_Dam,2017,6,0.210957065,1.534716315,0.000917759,-0.211833812,40.40814128,29.86754759,21.19971843,110.5487781,3.114025844,,,,0.215099661,28.13226744,6.114926208
Sathanur_Dam,2017,7,0.167906604,1.40357634,0.013633258,-0.181125245,42.43643027,30.67293232,19.65057809,190.620163,3.657247755,,,,0.144674011,28.13226744,6.114926208
Sathanur_Dam,2017,12,0.215215305,1.548469678,-0.020195749,-0.195870895,27.54340641,23.58444576,18.79309706,56.15048563,1.60569307,,,,0.247603175,28.13226744,6.114926208
Sathanur_Dam,2018,1,0.184784209,1.453338151,-0.019580413,-0.165803699,28.88839197,23.74261324,16.2060687,9.037601471,1.328529022,,,,0.139093061,28.13226744,6.114926208
Sathanur_Dam,2018,3,0.143833473,1.335994152,-0.00154321,-0.142321854,32.54886009,27.77010295,17.92538836,20.46392769,1.242703467,,,,0.142231772,28.13226744,6.114926208
Sathanur_Dam,2018,4,0.154397369,1.365177125,-0.003141419,-0.151329349,35.57403703,30.35246923,21.12821861,11.46266061,1.745523924,,,,0.120317104,28.13226744,6.114926208
Sathanur_Dam,2018,5,0.155811679,1.369139622,0.007904174,-0.163514474,48.91965489,31.39678053,21.93789844,119.8075418,0.5983248,,,,0.152666525,28.13226744,6.114926208
Sathanur_Dam,2018,9,0.230533442,1.599203279,-0.017660753,-0.213742921,36.80421496,28.95429293,20.7954945,145.2356248,1.081715676,,,,0.226794857,28.13226744,6.114926208
Sathanur_Dam,2018,10,0.272770965,1.750165223,-0.030812669,-0.244009145,34.66730164,26.59108805,21.0254201,210.6980205,0.796577617,,,,0.273982584,28.13226744,6.114926208
Sathanur_Dam,2018,11,0.265211949,1.72187333,-0.025172703,-0.241652543,30.93535082,24.98621883,20.44882571,121.558229,1.461717092,,,,0.285113115,28.13226744,6.114926208
Sathanur_Dam,2019,1,0.215606205,1.549739699,-0.018346973,-0.198042633,27.85209705,23.79341297,15.39586011,7.545658529,1.655241716,,,,0.124420886,28.13226744,6.114926208
Sathanur_Dam,2019,2,0.151481504,1.357049385,-0.013961607,-0.137811357,32.22433732,27.02323212,17.87846173,5.07106787,1.635936179,,,,0.119937281,28.13226744,6.114926208
Sathanur_Dam,2019,3,0.140651539,1.3273446,0.010871693,-0.151291889,37.8621771,29.25838149,17.7572627,3.539543062,1.624265928,,,,0.11897367,28.13226744,6.114926208
Sathanur_Dam,2019,4,0.132773513,1.306202625,0.017307051,-0.149736482,40.97821825,30.99348948,19.95467667,24.39449129,1.48693132,,,,0.123472264,28.13226744,6.114926208
Sathanur_Dam,2019,5,0.133425693,1.307938263,0.020752398,-0.153752365,41.9073203,32.9142604,21.01840803,82.04335117,0.735858521,,,,0.14102892,28.13226744,6.114926208
Sathanur_Dam,2019,8,0.294498636,1.834863406,-0.027387663,-0.269282909,36.15225649,28.97920166,20.76004491,236.1373482,3.423794532,,,,0.221448263,28.13226744,6.114926208
Sathanur_Dam,2019,11,0.275779771,1.761590907,-0.02571062,-0.25185492,33.48338541,25.67331316,21.70448716,91.86778295,1.593343125,,,,0.290581854,28.13226744,6.114926208
Sathanur_Dam,2020,1,0.196531906,1.489208988,-0.01511806,-0.181954466,30.87171592,24.11581951,18.66279338,13.97844911,1.340530867,,,,0.200898634,28.13226744,6.114926208
Sathanur_Dam,2020,2,0.154165699,1.364529315,0.006110911,-0.160125756,32.85368916,25.44288218,18.00796444,3.688991159,1.663316844,,,,0.122647483,28.13226744,6.114926208
Sathanur_Dam,2020,3,0.138619361,1.321853906,0.010461183,-0.148864672,36.34348531,27.72738435,19.17929619,3.780559719,1.530370555,,,,0.123286875,28.13226744,6.114926208
Sathanur_Dam,2020,4,0.135270356,1.312861615,0.00340997,-0.138616387,41.56122384,29.98135454,20.97106554,31.82148474,1.370637707,,,,0.125238127,28.13226744,6.114926208
Sathanur_Dam,2020,7,0.290237339,1.817843359,-0.023537365,-0.268534447,12.14164431,27.94590924,22.46804171,215.8222084,1.868278078,,,,0.314073814,28.13226744,6.114926208
Sathanur_Dam,2020,10,0.30089416,1.86079716,-0.026487365,-0.276611358,33.12638492,27.29360155,21.41403847,191.6543994,1.514112003,,,,0.291666823,28.13226744,6.114926208
Sathanur_Dam,2021,2,0.210882274,1.534476078,-0.017126436,-0.194458154,30.30279868,23.92070857,16.57281401,12.62823868,1.344686807,,,,0.159502767,28.13226744,6.114926208
Sathanur_Dam,2021,3,0.144516719,1.337859834,-0.005607562,-0.139021818,34.10846863,27.31502478,17.55399891,3.735280633,1.131522809,,,,0.118434632,28.13226744,6.114926208
Sathanur_Dam,2021,4,0.161769797,1.385979403,0.00022301,-0.161986963,40.94690703,30.09886271,20.69286478,36.97157168,0.955537269,,,,0.13678676,28.13226744,6.114926208
Sathanur_Dam,2021,5,0.220927748,1.567155991,-0.0096301,-0.211748154,37.17107331,30.66893775,21.50199019,98.16963577,0.873781423,,,,0.172684349,28.13226744,6.114926208
Sathanur_Dam,2021,7,0.251554334,1.672204663,-0.016421887,-0.236107807,36.5022773,28.21498958,21.42431209,232.3767605,3.015443312,,,,0.29609038,28.13226744,6.114926208
Sathanur_Dam,2021,8,0.263499246,1.715543725,-0.014371255,-0.250074979,27.47900381,29.1036624,20.77519331,249.1683073,2.51614399,,,,0.198797421,28.13226744,6.114926208
Sathanur_Dam,2021,9,0.292976044,1.828758465,-0.036250157,-0.259481693,21.20085968,28.46341241,21.31130733,143.0932121,2.029483789,,,,0.242927408,28.13226744,6.114926208
Sathanur_Dam,2021,12,0.234245676,1.611803731,-0.02318571,-0.212212524,27.03944497,23.39963422,19.45771934,58.66365051,1.364689454,,,,0.313472804,28.13226744,6.114926208
Sathanur_Dam,2022,2,0.138478372,1.32147393,-0.001745332,-0.136766095,30.06911111,25.0974863,17.43256792,7.198272169,1.391793045,,,,0.126651193,28.13226744,6.114926208
Sathanur_Dam,2022,3,0.13519784,1.312667673,-0.001016646,-0.134199639,36.38463222,28.14625191,17.64542525,7.50603807,1.0177801,,,,0.119679556,28.13226744,6.114926208
Sathanur_Dam,2022,4,0.1488361,1.349723714,0.005976066,-0.15467459,43.84567897,29.57504071,21.70304837,55.07060295,1.101463406,,,,0.158690744,28.13226744,6.114926208
Sathanur_Dam,2022,5,0.139582617,1.324453271,0.00276589,-0.142293571,31.11618962,29.62265567,22.07669415,213.7148657,1.830751843,,,,0.225318963,28.13226744,6.114926208
Sathanur_Dam,2022,6,0.20377575,1.511855171,-0.0093821,-0.194766012,-1.256686989,28.99638937,21.95458518,111.5879178,2.30417555,,,,0.275569579,28.13226744,6.114926208
Sathanur_Dam,2022,9,0.283945311,1.793082751,-0.02425226,-0.26149378,5.551925133,28.00312968,21.28215211,132.356967,1.722965581,,,,0.246963538,28.13226744,6.114926208
Sathanur_Dam,2023,1,0.224674384,1.579561359,-0.02648222,-0.199378441,27.52152095,23.06355986,16.87849536,7.545612216,1.540895723,,,,0.165192691,28.13226744,6.114926208
Sathanur_Dam,2023,2,0.185746829,1.456238514,-0.020167782,-0.166201655,30.97941608,25.36776711,15.2793378,10.1163097,1.252592546,,,,0.141288865,28.13226744,6.114926208
Sathanur_Dam,2023,3,0.150930527,1.355519853,-0.020199993,-0.131130324,26.16586341,27.40530109,19.07851505,18.5406785,1.280373083,,,,0.16279662,28.13226744,6.114926208
Sathanur_Dam,2023,4,0.159469615,1.379449971,-0.008355419,-0.151315815,38.25599227,29.66290249,20.39716248,22.89309818,1.174232019,,,,0.147292752,28.13226744,6.114926208
Sathanur_Dam,2023,5,0.236458482,1.61937295,-0.031415219,-0.206577804,36.72922245,30.10016319,22.60340874,171.7176967,1.081763573,,,,0.239180583,28.13226744,6.114926208
Sathanur_Dam,2023,9,0.299628992,1.855629343,-0.036158746,-0.266356003,34.64275499,28.52841458,22.29654208,209.6437206,2.189254815,,,,0.300293448,28.13226744,6.114926208
Sathanur_Dam,2023,10,0.243586032,1.644054822,-0.024791412,-0.220123914,31.77123078,27.8498801,21.67166364,125.4501734,0.300049878,,,,0.221094813,28.13226744,6.114926208
Sathanur_Dam,2023,11,0.266728941,1.727504346,-0.035343445,-0.233587554,26.48735028,24.94838416,22.16101322,182.9363832,1.376253669,,,,0.362415128,28.13226744,6.114926208
Sathanur_Dam,2024,1,0.189721629,1.46828753,-0.025928033,-0.164603297,29.82415976,23.92502841,19.66003708,24.53201056,1.365518091,,,,0.264973687,28.13226744,6.114926208
Sathanur_Dam,2024,2,0.104624446,1.233699582,-0.007948785,-0.096756127,25.80053952,26.12036312,19.4759036,3.412700772,1.427829956,,,,0.140105667,28.13226744,6.114926208
Sathanur_Dam,2024,3,0.133945574,1.309323686,-0.002559567,-0.131431067,35.25827441,28.30490228,19.32255225,4.411058545,1.382043578,,,,0.118689001,28.13226744,6.114926208
Sathanur_Dam,2024,4,0.136171356,1.315273999,0.025125979,-0.160747348,-45.42121553,31.01833129,21.29981594,3.116405129,1.622538283,,,,0.118940253,28.13226744,6.114926208
Sathanur_Dam,2024,5,0.116705293,1.264249955,0.012213928,-0.128735717,17.93101008,30.38479379,23.31086133,169.5832787,0.676682106,,,,0.243193491,28.13226744,6.114926208
Sathanur_Dam,2024,6,0.300680615,1.859923582,-0.031021502,-0.272198058,35.40801387,29.37458276,22.6893426,264.1680107,2.291812018,,,,0.275576507,28.13226744,6.114926208
Sathanur_Dam,2024,8,0.308065292,1.890446132,-0.029879356,-0.280770369,30.73447792,28.19356277,22.68919168,229.6854558,1.644258593,,,,0.303701316,28.13226744,6.114926208
Sathanur_Dam,2024,10,0.282375668,1.786973504,-0.046450844,-0.239060482,29.80034903,26.70737419,22.89811912,336.5685883,0.164575483,,,,0.342965439,28.13226744,6.114926208
Sathanur_Dam,2025,1,0.229809106,1.596758825,-0.031042439,-0.200194824,27.97535485,22.81081918,18.25635415,15.27860057,1.586128302,,,,0.240699178,28.13226744,6.114926208
Sathanur_Dam,2025,2,0.166755045,1.400254557,-0.018906649,-0.148316004,28.4601722,25.18154308,17.48324917,5.013054013,1.058816135,,,,0.130118123,28.13226744,6.114926208
Sathanur_Dam,2025,3,0.162284044,1.387444081,-0.012442656,-0.150144567,33.05620522,27.87363964,19.37602731,29.98364508,1.157484359,,,,0.147481175,28.13226744,6.114926208
Sathanur_Dam,2025,4,0.233316094,1.608636993,-0.022863682,-0.211581084,36.70643522,30.22733419,21.45531527,17.80343103,0.855748014,,,,0.144326668,28.13226744,6.114926208
Sathanur_Dam,2025,5,0.22331357,1.575041771,-0.014473691,-0.209517074,34.91366345,30.02482323,22.16993495,274.7075367,1.475569173,,,,0.227769411,28.13226744,6.114926208
Sathanur_Dam,2025,6,0.268190573,1.732951951,-0.029204856,-0.240872342,35.07395782,29.61814976,21.05233508,94.97281098,3.246575059,,,,0.195029508,28.13226744,6.114926208
Sathanur_Dam,2025,9,0.292257509,1.825886571,-0.028549933,-0.265926448,32.71736534,28.76016155,20.65456577,201.5110912,2.44129926,,,,0.217390757,28.13226744,6.114926208
Sathanur_Dam,2025,11,0.288310228,1.810213213,-0.037171967,-0.253858881,33.64144467,25.17641176,20.29573538,106.1114361,1.526827512,,,,0.259075989,28.13226744,6.114926208
Sathanur_Dam,2026,1,0.191335696,1.473214151,-0.023157716,-0.168926476,27.66456961,22.69421716,17.08830258,20.32629275,1.770500773,,,,0.1915835,28.13226744,6.114926208
Sathanur_Dam,2026,2,0.137591973,1.319087875,-0.006468619,-0.131240162,23.36005091,24.72615576,16.70043367,4.542468846,1.468763428,,,,0.123901833,28.13226744,6.114926208
Sathanur_Dam,2026,3,0.132674491,1.305939328,-0.004860209,-0.127896753,37.31491519,27.84089975,18.39773597,14.01235539,1.275287912,,,,0.120299362,28.13226744,6.114926208
Sathanur_Dam,2026,4,0.136312834,1.315653259,0.001214458,-0.137504529,39.46466737,30.58348853,20.66384913,20.26931345,1.352221839,,,,0.117092305,28.13226744,6.114926208
Sathanur_Dam,2026,5,0.186560251,1.458694699,-0.011545002,-0.175393017,38.54707885,,,,,,,,,28.13226744,6.114926208
Sholayar_Dam,2016,1,0.304102801,1.873987713,-0.020746933,-0.285154967,26.80371089,24.33336074,16.19056428,14.08784175,0.913725469,,,,0.294979485,30.31817815,5.02157797
Sholayar_Dam,2016,3,0.3143974,1.917141797,-0.023320816,-0.293226522,31.03078601,26.32974047,20.99041324,25.01753235,0.309599803,,,,0.390564642,30.31817815,5.02157797
Sholayar_Dam,2016,4,0.255595452,1.686711151,-0.015217264,-0.241316781,30.30354706,26.20343971,22.95030535,69.18110538,0.619967797,,,,0.477414068,30.31817815,5.02157797
Sholayar_Dam,2016,12,0.295443142,1.838663732,-0.023744657,-0.273617969,27.60819641,23.0581968,18.84488582,50.87636149,0.542966687,,,,0.410471147,30.31817815,5.02157797
Sholayar_Dam,2017,1,0.293030899,1.828977953,-0.018857363,-0.27569698,26.49959324,23.27789246,16.93994753,26.26413369,0.787387193,,,,0.35408098,30.31817815,5.02157797
Sholayar_Dam,2017,2,0.30457067,1.875921267,-0.012572007,-0.293121042,28.78290605,24.46648859,15.31163352,9.595421553,0.686685158,,,,0.318776403,30.31817815,5.02157797
Sholayar_Dam,2017,3,0.306754975,1.884982837,-0.025710637,-0.283278517,30.22485496,24.48158692,20.75559217,91.94939673,0.081585589,,,,0.456813197,30.31817815,5.02157797
Sholayar_Dam,2017,4,0.323672964,1.95714927,-0.027106623,-0.299191351,30.64953559,25.01545993,22.68325852,60.57597971,0.453089692,,,,0.477501424,30.31817815,5.02157797
Sholayar_Dam,2017,5,0.305507682,1.879801473,-0.023178837,-0.284342362,27.92505581,24.20435746,22.59546287,222.7266159,0.412878413,,,,0.478458999,30.31817815,5.02157797
Sholayar_Dam,2017,10,0.016072175,1.032669419,-0.007585319,-0.008487891,-64.33973292,22.88537953,21.01462375,225.0075179,0.465999776,,,,0.481192127,30.31817815,5.02157797
Sholayar_Dam,2017,11,0.210735146,1.534003625,-0.030749652,-0.181159414,23.68687167,23.23783925,20.32267376,157.8762355,0.549525384,,,,0.454154269,30.31817815,5.02157797
Sholayar_Dam,2017,12,0.252876438,1.676933376,-0.015748558,-0.238076003,27.19531017,23.02805584,18.29311446,51.27005148,0.892711473,,,,0.413922976,30.31817815,5.02157797
Sholayar_Dam,2018,1,0.294070338,1.833143454,-0.022417535,-0.273455513,25.42357944,23.42632151,16.45024444,12.92164874,0.558434607,,,,0.307346631,30.31817815,5.02157797
Sholayar_Dam,2018,2,0.306243561,1.882856124,-0.016009669,-0.291663878,30.00887197,24.45574734,16.32023982,16.96850377,0.692166203,,,,0.333476067,30.31817815,5.02157797
Sholayar_Dam,2018,11,0.311671987,1.905591465,-0.024947732,-0.288971153,25.13622021,23.27165008,20.53570383,142.6472731,0.584287833,,,,0.47548222,30.31817815,5.02157797
Sholayar_Dam,2018,12,0.314585365,1.917941782,-0.023855822,-0.292927877,23.71496513,23.30793078,19.62677177,35.79489958,0.597129295,,,,0.442309287,30.31817815,5.02157797
Sholayar_Dam,2019,1,0.298263645,1.850073231,-0.020251526,-0.279701599,26.13643225,22.94366282,14.48566809,14.12113476,0.889081141,,,,0.326208771,30.31817815,5.02157797
Sholayar_Dam,2019,2,0.314368455,1.917018645,-0.014604376,-0.30114669,29.93410049,25.14491043,18.09256288,9.17296946,0.301551186,,,,0.334505603,30.31817815,5.02157797
Sholayar_Dam,2019,3,0.308647089,1.892878541,-0.016697371,-0.293462103,32.07784964,25.98243138,20.07337887,23.34498727,0.398006135,,,,0.37450735,30.31817815,5.02157797
Sholayar_Dam,2019,4,0.226964582,1.587203578,-0.014328633,-0.213329716,24.37147803,25.47620602,22.40141977,106.0388536,0.403515659,,,,0.467948574,30.31817815,5.02157797
Sholayar_Dam,2019,6,0.320416554,1.942979279,-0.021368402,-0.301109788,18.63423402,23.26070694,21.9458455,337.986475,0.923913568,,,,0.488033401,30.31817815,5.02157797
Sholayar_Dam,2019,9,0.266257845,1.725753165,-0.021017562,-0.246620393,27.62561454,22.43202682,21.19515347,289.265358,0.490503479,,,,0.484466447,30.31817815,5.02157797
Sholayar_Dam,2019,12,0.306778129,1.8850792,-0.021905453,-0.286800005,26.22329635,23.96173753,19.04227586,100.5664263,1.375788611,,,,0.394569171,30.31817815,5.02157797
Sholayar_Dam,2020,1,0.300232016,1.858090174,-0.019969872,-0.281952617,20.27820239,25.09329852,17.13131696,21.82762384,0.635652676,,,,0.286920568,30.31817815,5.02157797
Sholayar_Dam,2020,2,0.302157328,1.865975497,-0.014852912,-0.288599627,29.11783317,25.87851008,16.90991146,7.718253851,0.560990417,,,,0.291962065,30.31817815,5.02157797
Sholayar_Dam,2020,3,0.312942179,1.910963153,-0.016657121,-0.297837601,33.3991819,25.79223125,20.81856464,44.47490835,0.233584916,,,,0.429453183,30.31817815,5.02157797
Sholayar_Dam,2020,4,0.245032508,1.649120684,-0.01480021,-0.231070282,28.66493641,25.68468367,21.98465265,107.5555515,0.178224623,,,,0.459217453,30.31817815,5.02157797
Sholayar_Dam,2020,7,0.363835522,2.143841051,-0.026790286,-0.340362841,30.77278559,22.51987105,21.31047846,623.7708359,0.539783294,,,,0.485506242,30.31817815,5.02157797
Sholayar_Dam,2020,10,0.33816761,2.021913148,-0.027201744,-0.31385292,16.75859285,22.61847232,20.61752378,157.2598623,0.512401077,,,,0.469507566,30.31817815,5.02157797
Sholayar_Dam,2020,12,0.309037861,1.894514602,-0.023917654,-0.287243355,29.08427546,22.96557526,18.73225108,106.0852952,1.178835669,,,,0.435175824,30.31817815,5.02157797
Sholayar_Dam,2021,1,0.315768385,1.922986833,-0.02734159,-0.290938646,23.62847477,23.08309597,18.87505454,100.1397161,1.007900757,,,,0.421780002,30.31817815,5.02157797
Sholayar_Dam,2021,2,0.323485485,1.956329768,-0.022032857,-0.303616597,27.44180104,24.54903462,16.32427087,7.429723501,0.58647181,,,,0.310995284,30.31817815,5.02157797
Sholayar_Dam,2021,3,0.32481285,1.962141682,-0.021794913,-0.305178377,29.3377765,25.9137206,18.51007657,123.9585321,0.094382333,,,,0.355884819,30.31817815,5.02157797
Sholayar_Dam,2022,1,0.287440129,1.806781693,-0.01922345,-0.26970697,26.77827364,24.34778366,17.12615754,27.17745018,0.545137663,,,,0.289476825,30.31817815,5.02157797
Sholayar_Dam,2022,2,0.256007775,1.688200136,-0.024892069,-0.232597951,27.63483577,25.04430142,17.0952059,9.758532286,0.304269214,,,,0.297715777,30.31817815,5.02157797
Sholayar_Dam,2022,3,0.24636486,1.653804067,-0.011932422,-0.235123638,25.6164712,25.49644145,18.25896967,58.63664722,0.038750423,,,,0.356765439,30.31817815,5.02157797
Sholayar_Dam,2022,10,0.30997,1.898424708,-0.021841366,-0.29009261,30.52564537,22.73976598,20.84255689,192.4065025,0.208217299,,,,0.476330193,30.31817815,5.02157797
Sholayar_Dam,2023,1,0.256028467,1.688274901,-0.016507393,-0.240537673,24.00791308,23.29793289,15.60014125,23.11476707,0.88775134,,,,0.312800951,30.31817815,5.02157797
Sholayar_Dam,2023,2,0.314053365,1.915678712,-0.020927918,-0.295064756,27.49387791,24.67297668,14.47995491,16.27511472,0.6790406,,,,0.296463058,30.31817815,5.02157797
Sholayar_Dam,2023,3,0.323713506,1.957326544,-0.018396821,-0.307145831,28.75344973,25.39904893,18.03971047,72.7079339,0.138425464,,,,0.350291529,30.31817815,5.02157797
Sholayar_Dam,2023,5,0.165483263,1.396596629,-0.007702491,-0.15798214,24.03427644,24.53044037,22.5827339,147.7055697,0.336805376,,,,0.469730726,30.31817815,5.02157797
Sholayar_Dam,2023,8,0.254140706,1.681470911,-0.013662797,-0.241315824,25.82365076,23.47492529,21.28707626,214.8417616,0.546835084,,,,0.472619641,30.31817815,5.02157797
Sholayar_Dam,2024,1,0.307977672,1.890080161,-0.022726508,-0.287261784,28.29340517,23.97158839,19.370758,50.56554079,0.758647553,,,,0.39701148,30.31817815,5.02157797
Sholayar_Dam,2024,2,0.315107054,1.9201644,-0.019617405,-0.297327604,28.28889831,25.99759721,17.90697351,5.243408561,0.58901957,,,,0.299831062,30.31817815,5.02157797
Sholayar_Dam,2024,3,0.313024181,1.911310624,-0.027209738,-0.288269724,29.22061322,26.44487263,20.64461508,19.73787308,0.326537239,,,,0.369929693,30.31817815,5.02157797
Sholayar_Dam,2024,4,0.317670318,1.931134394,-0.023877754,-0.296038088,27.41230614,26.67868048,22.61762736,40.57909417,0.398495575,,,,0.455341318,30.31817815,5.02157797
Sholayar_Dam,2024,9,0.338373532,2.022853673,-0.025186583,-0.315879019,29.54610797,23.01854564,21.33346409,65.92010176,0.609664764,,,,0.480309804,30.31817815,5.02157797
Sholayar_Dam,2024,12,0.295236349,1.837830806,-0.020810381,-0.276122459,26.37321841,23.30254878,19.83576345,109.7157031,0.474156038,,,,0.425422956,30.31817815,5.02157797
Sholayar_Dam,2025,1,0.306383834,1.883439136,-0.026517691,-0.282158566,27.42419404,24.02851977,16.68594648,22.28113413,1.121297874,,,,0.330206225,30.31817815,5.02157797
Sholayar_Dam,2025,2,0.310220849,1.899478763,-0.018855895,-0.293079319,28.62614489,25.55472256,15.63711771,5.046839833,0.573655484,,,,0.279360862,30.31817815,5.02157797
Sholayar_Dam,2025,3,0.335406035,2.009356247,-0.023660347,-0.314239437,29.37192928,25.66292068,20.6844373,156.8556705,0.09678471,,,,0.409626745,30.31817815,5.02157797
Sholayar_Dam,2025,4,0.341855895,2.038848158,-0.031925848,-0.313349961,29.42431106,24.55334873,22.21284667,185.6579332,0.200031179,,,,0.476746114,30.31817815,5.02157797
Sholayar_Dam,2025,12,0.297002375,1.844959823,-0.020032488,-0.278627637,26.25962652,22.93830345,17.25652985,44.73361409,0.920333488,,,,0.37399132,30.31817815,5.02157797
Sholayar_Dam,2026,1,0.295745334,1.839881789,-0.018534437,-0.278738797,24.49634787,23.50390265,15.92876095,30.38280416,1.052559709,,,,0.31438202,30.31817815,5.02157797
Sholayar_Dam,2026,2,0.309095375,1.894755553,-0.017256888,-0.293403508,26.28075652,24.40959947,16.95317153,41.77487898,0.610045635,,,,0.315685204,30.31817815,5.02157797
Sholayar_Dam,2026,3,0.200518813,1.501622344,-0.00360334,-0.197057855,27.96442263,25.22634333,19.95291274,49.07872868,0.192480463,,,,0.399452292,30.31817815,5.02157797
Sholayar_Dam,2026,4,0.328218248,1.97715738,-0.022099912,-0.308355019,32.05310971,26.05929487,21.98943303,60.72258568,0.514302564,,,,0.451127942,30.31817815,5.02157797
Somasila_Dam,2016,1,0.129787582,1.298289427,-0.008741331,-0.121183736,23.79435242,23.64206737,17.43179884,7.204652429,1.3561488,,,,0.173442184,24.3274994,6.057324383
Somasila_Dam,2016,2,0.073072942,1.157667082,0.009817817,-0.082831335,26.26943098,26.01581009,17.92823784,2.957628191,1.87783772,,,,0.126493454,24.3274994,6.057324383
Somasila_Dam,2016,4,0.085787422,1.187674998,0.035384432,-0.120805145,43.05403984,32.16159943,20.37060699,3.35538137,1.565355844,,,,0.118347783,24.3274994,6.057324383
Somasila_Dam,2016,8,0.136671083,1.316614167,0.013017361,-0.149422606,32.56710476,29.64902329,19.75781946,80.42723989,3.928280352,,,,0.210671517,24.3274994,6.057324383
Somasila_Dam,2016,10,0.145969746,1.341837414,0.010558902,-0.156287766,34.33454027,29.68598584,17.54251202,34.68847954,0.742599939,,,,0.145478505,24.3274994,6.057324383
Somasila_Dam,2016,11,0.133062897,1.306972435,0.014089495,-0.146877028,32.98369895,26.71042784,17.57560141,14.43705416,1.321516579,,,,0.160187891,24.3274994,6.057324383
Somasila_Dam,2016,12,0.14177493,1.330391025,-0.013099473,-0.128914874,27.79660202,23.95176199,18.33964074,71.54229355,1.204445903,,,,0.259226297,24.3274994,6.057324383
Somasila_Dam,2017,1,0.153747806,1.363361672,-0.008816337,-0.145128189,28.8820511,24.14505371,17.19226555,7.482226193,1.579993071,,,,0.145032514,24.3274994,6.057324383
Somasila_Dam,2017,2,0.102740132,1.229008641,0.019074831,-0.121576703,6.183248167,25.98999875,14.95203473,1.777141929,1.741099076,,,,0.124998183,24.3274994,6.057324383
Somasila_Dam,2017,3,0.103574303,1.23108285,0.028537833,-0.131722791,34.84058534,29.58917155,18.45984074,6.253968626,1.771233565,,,,0.13102636,24.3274994,6.057324383
Somasila_Dam,2017,4,0.089112292,1.195660324,0.038061524,-0.126743933,39.38047562,33.0737363,19.21752502,9.618719995,0.917578005,,,,0.11997136,24.3274994,6.057324383
Somasila_Dam,2017,5,0.085463724,1.186900675,0.040795145,-0.125820196,39.41519522,33.76725911,20.13296602,31.87790036,0.878836951,,,,0.139751578,24.3274994,6.057324383
Somasila_Dam,2017,12,0.15714257,1.372880548,-0.009176111,-0.148180129,28.88361208,23.89374436,18.30880246,20.44849825,1.442909885,,,,0.198800118,24.3274994,6.057324383
Somasila_Dam,2018,1,0.119251333,1.270795375,0.006701662,-0.125852415,28.32192154,24.17523994,16.33090693,7.186938763,1.45608785,,,,0.125953305,24.3274994,6.057324383
Somasila_Dam,2018,3,0.093423578,1.206101936,0.031409192,-0.124467538,34.06765687,28.4876818,17.07141596,13.96766502,1.671802567,,,,0.159052613,24.3274994,6.057324383
Somasila_Dam,2018,4,0.116640945,1.264085017,0.021734128,-0.138025167,36.31013438,31.2539395,20.52268204,10.11618611,1.804897861,,,,0.123718707,24.3274994,6.057324383
Somasila_Dam,2018,5,0.140765498,1.327653272,0.025223872,-0.165402085,37.65748965,32.87300439,21.1664541,32.22707057,0.97666656,,,,0.144256756,24.3274994,6.057324383
Somasila_Dam,2018,9,0.153905155,1.363801189,0.001307335,-0.155181267,36.67116566,29.06894069,20.7204823,83.4671731,1.308085981,,,,0.229714775,24.3274994,6.057324383
Somasila_Dam,2018,10,0.138074325,1.320385686,0.01259534,-0.150408091,37.34833182,28.28131494,19.68873706,65.95680404,1.27616065,,,,0.181241579,24.3274994,6.057324383
Somasila_Dam,2018,11,0.141347091,1.329229866,0.006502463,-0.14771379,31.93012457,25.1871503,20.43487375,55.27065492,1.340397255,,,,0.28002828,24.3274994,6.057324383
Somasila_Dam,2019,1,0.154352922,1.365052812,-0.001197183,-0.153184045,28.78574348,23.28965471,16.6178873,10.65921402,1.53468212,,,,0.143669416,24.3274994,6.057324383
Somasila_Dam,2019,2,0.120073713,1.272917663,0.015709068,-0.135527144,31.68622285,26.41687437,17.95131009,2.026016444,1.840356691,,,,0.147117092,24.3274994,6.057324383
Somasila_Dam,2019,3,0.087155646,1.190954013,0.031869677,-0.118695631,36.97024386,29.66297993,17.61210272,3.347804248,1.981368989,,,,0.120311142,24.3274994,6.057324383
Somasila_Dam,2019,4,0.076428751,1.165506995,0.039772772,-0.115849366,38.70047824,31.7997466,19.42436085,19.46327192,1.769173285,,,,0.126212989,24.3274994,6.057324383
Somasila_Dam,2019,5,0.098301504,1.218036304,0.03005242,-0.127975857,39.87837125,34.78021374,19.2773277,39.06465912,0.415997914,,,,0.123757127,24.3274994,6.057324383
Somasila_Dam,2019,9,0.147212294,1.345249568,-0.008211623,-0.139168905,22.12538336,27.5328352,22.2527164,156.970583,1.736451137,,,,0.336199082,24.3274994,6.057324383
Somasila_Dam,2019,11,0.214700292,1.546798348,-0.014445285,-0.200878011,31.53736817,25.43026235,21.71215759,65.08814216,1.152453761,,,,0.345840666,24.3274994,6.057324383
Somasila_Dam,2020,1,0.183400363,1.449180613,-0.009181729,-0.174512501,26.50642729,23.78419549,19.43782108,23.11476755,1.454825827,,,,0.288253948,24.3274994,6.057324383
Somasila_Dam,2020,2,0.171731693,1.414676479,0.000373387,-0.172094045,30.11475694,25.19587325,17.83913313,1.890132248,1.91508597,,,,0.146083437,24.3274994,6.057324383
Somasila_Dam,2020,3,0.110818709,1.249260099,0.017935798,-0.128499099,34.55965256,28.11359119,18.77800054,4.903240144,2.100994746,,,,0.125579547,24.3274994,6.057324383
Somasila_Dam,2020,4,0.042915584,1.089679831,0.006258087,-0.049160468,-3.381632245,30.66000919,20.41342055,43.37976426,1.688216218,,,,0.129650074,24.3274994,6.057324383
Somasila_Dam,2020,5,0.10495574,1.234526368,0.02771176,-0.132282754,39.62187078,32.56297268,21.32812817,25.61309087,0.444546805,,,,0.133313805,24.3274994,6.057324383
Somasila_Dam,2020,12,0.168463774,1.405186855,-0.034018765,-0.135219945,26.25516775,22.75638349,19.57655499,70.09575176,1.31299781,,,,0.355358411,24.3274994,6.057324383
Somasila_Dam,2021,1,0.172476417,1.41684955,-0.022588694,-0.150473971,29.65186728,23.33293321,19.06405614,21.5775798,1.229462855,,,,0.28942426,24.3274994,6.057324383
Somasila_Dam,2021,2,0.152832301,1.360807667,-0.00534418,-0.147608682,29.43460247,24.30877118,16.1753538,4.053442597,1.46123637,,,,0.162653514,24.3274994,6.057324383
Somasila_Dam,2021,3,0.100793712,1.224183734,0.015771718,-0.116380421,33.41016982,28.1657236,16.12087966,2.956137806,1.642729038,,,,0.122159404,24.3274994,6.057324383
Somasila_Dam,2021,4,0.081615366,1.177736786,0.023248008,-0.104664784,38.72559476,30.85218472,19.76447936,19.44699067,1.41188657,,,,0.142432213,24.3274994,6.057324383
Somasila_Dam,2021,5,0.096127644,1.212701813,0.029502939,-0.125275296,40.13468971,31.3940528,21.10002972,33.21930087,0.599020652,,,,0.170492993,24.3274994,6.057324383
Somasila_Dam,2021,9,0.236056642,1.617995141,-0.019556378,-0.217504354,18.91044612,28.20230435,21.42806115,77.44070077,2.408154159,,,,0.284166082,24.3274994,6.057324383
Somasila_Dam,2021,12,0.201738463,1.505444529,-0.024536401,-0.178083564,27.03811853,23.31265715,19.45625384,32.39156675,1.010737029,,,,0.327444446,24.3274994,6.057324383
Somasila_Dam,2022,2,0.107762814,1.241556427,0.006220295,-0.113906755,27.57939944,24.5253689,17.58673945,1.854766369,1.571183703,,,,0.152730556,24.3274994,6.057324383
Somasila_Dam,2022,3,0.094344537,1.208345316,0.012529537,-0.106747888,35.32292118,28.66971566,17.7304761,3.332021862,1.353796536,,,,0.120766322,24.3274994,6.057324383
Somasila_Dam,2022,4,0.076235864,1.165054824,0.023533705,-0.099590891,36.57853293,30.95209115,20.69184502,3.676786453,1.75213178,,,,0.12122701,24.3274994,6.057324383
Somasila_Dam,2022,5,0.077561461,1.168166132,0.019882095,-0.097293521,36.91426537,30.39728959,21.48787159,94.92182815,1.681982126,,,,0.226216326,24.3274994,6.057324383
Somasila_Dam,2022,7,0.167213766,1.401576682,-0.007060862,-0.160342216,30.73947196,28.22988981,21.29163759,162.1818008,3.100098994,,,,0.260857367,24.3274994,6.057324383
Somasila_Dam,2022,9,0.251256571,1.671141974,-0.025824147,-0.226904692,34.31782303,27.99482755,21.13225926,113.1059098,1.905664452,,,,0.283154021,24.3274994,6.057324383
Somasila_Dam,2022,10,0.219706438,1.563137898,-0.02120397,-0.199431549,29.45937401,26.05696503,21.37725636,158.7351484,0.411707209,,,,0.338540108,24.3274994,6.057324383
Somasila_Dam,2022,11,0.11609069,1.262675568,-0.023127015,-0.093213939,26.0363904,23.96937353,20.58550875,219.2475238,0.878337451,,,,0.368026076,24.3274994,6.057324383
Somasila_Dam,2023,1,0.183621094,1.449842818,-0.012193279,-0.171812494,27.46260254,23.03414288,17.48995769,8.057804704,1.381401514,,,,0.225020829,24.3274994,6.057324383
Somasila_Dam,2023,2,0.143496036,1.335073841,-0.000703257,-0.142807191,30.27088002,25.65373898,15.32137394,2.33027178,1.444494013,,,,0.134892214,24.3274994,6.057324383
Somasila_Dam,2023,3,0.091994333,1.202629424,0.010550706,-0.102445605,28.74171389,27.80585021,18.40044794,42.58254349,1.434784624,,,,0.164865309,24.3274994,6.057324383
Somasila_Dam,2023,4,0.081175374,1.176693945,0.024022677,-0.104993309,38.99357386,31.12275425,18.40995714,16.95618004,1.752915685,,,,0.127517213,24.3274994,6.057324383
Somasila_Dam,2023,10,0.18610442,1.457317682,-0.006454872,-0.179865617,36.35563525,29.22554591,19.64567645,32.26632595,0.722828003,,,,0.173700558,24.3274994,6.057324383
Somasila_Dam,2024,1,0.168413697,1.405042019,-0.01502737,-0.153775505,29.06316892,24.11863718,18.9120624,7.684664607,1.589176269,,,,0.205120517,24.3274994,6.057324383
Somasila_Dam,2024,2,0.045766876,1.095923889,0.00887546,-0.054620149,21.85716905,26.77063904,18.61623009,2.377055019,1.93823187,,,,0.12832988,24.3274994,6.057324383
Somasila_Dam,2024,3,0.11720019,1.265519292,0.014792369,-0.131764124,32.35245607,29.19648973,18.55915273,2.979656577,2.161687677,,,,0.119563974,24.3274994,6.057324383
Somasila_Dam,2024,4,0.096795164,1.214337125,0.031288335,-0.127696762,38.52733488,32.46694817,18.94467271,3.714000553,2.154069238,,,,0.119457287,24.3274994,6.057324383
Somasila_Dam,2024,5,0.088641367,1.194525763,0.033970891,-0.122244153,37.19630595,32.60557338,22.14335494,58.85925317,0.374494501,,,,0.217363665,24.3274994,6.057324383
Somasila_Dam,2024,10,0.206755996,1.521292301,-0.04185481,-0.166340654,32.12794832,27.51112024,22.21945577,293.2305565,0.199115439,,,,0.282847107,24.3274994,6.057324383
Somasila_Dam,2025,1,0.159668061,1.380011883,-0.032090847,-0.128234272,27.2341002,23.17930155,18.05188965,10.76238811,1.314405464,,,,0.201793404,24.3274994,6.057324383
Somasila_Dam,2025,2,0.145596366,1.340814013,-0.011415003,-0.134404741,29.85866346,26.17386028,16.65524224,1.854765385,1.504474626,,,,0.123120467,24.3274994,6.057324383
Somasila_Dam,2025,3,0.108812031,1.244195467,0.007513706,-0.116230709,33.70499734,29.20382343,17.7509328,6.080668569,1.75886386,,,,0.119188924,24.3274994,6.057324383
Somasila_Dam,2025,4,0.095034073,1.210027959,0.022466418,-0.117250154,38.32352641,31.29896776,20.60932562,6.377607942,1.327234604,,,,0.13365593,24.3274994,6.057324383
Somasila_Dam,2025,5,0.115403976,1.260919047,0.019868974,-0.134963484,36.64683136,30.98884267,21.46563551,148.3574982,1.182978232,,,,0.22188441,24.3274994,6.057324383
Somasila_Dam,2025,11,0.218752458,1.560008054,-0.028090275,-0.191841011,30.28646059,24.88776192,20.10864771,91.06005788,1.045552118,,,,0.285539097,24.3274994,6.057324383
Somasila_Dam,2025,12,0.18222682,1.445665923,-0.030935348,-0.152149174,26.32197223,22.12432286,18.13646516,44.50868845,1.047198027,,,,0.294671151,24.3274994,6.057324383
Somasila_Dam,2026,1,0.099925547,1.222038402,-0.009846095,-0.090168166,23.81625608,22.81848178,17.12684037,19.53401446,1.470634242,,,,0.178578449,24.3274994,6.057324383
Somasila_Dam,2026,2,0.08893222,1.195226354,-0.002593455,-0.086358684,25.04922209,24.85419989,16.14566769,1.842196494,1.597619627,,,,0.125351883,24.3274994,6.057324383
Somasila_Dam,2026,3,0.092490289,1.203833167,0.013944185,-0.106297382,35.51558636,28.75767208,17.20454822,5.116544127,1.806906381,,,,0.119139292,24.3274994,6.057324383
Somasila_Dam,2026,4,0.079935823,1.173761406,0.022563962,-0.102315242,39.92313451,32.08389068,19.26719182,4.151746094,1.548977675,,,,0.118513468,24.3274994,6.057324383
Srisailam_Dam,2016,1,0.14688433,1.344347983,0.039133391,-0.184954587,36.15286771,23.30029938,14.02416538,6.598136499,1.365589528,,,,0.167059416,27.83955021,6.249654905
Srisailam_Dam,2016,2,0.120823138,1.274855137,0.041494265,-0.16150769,38.94583147,26.01852651,14.48167938,0.721456086,1.810885429,,,,0.135426225,27.83955021,6.249654905
Srisailam_Dam,2016,3,0.124844912,1.28530923,0.050741112,-0.174480729,46.06995309,28.72964544,16.56881914,7.816962667,1.583296194,,,,0.136058828,27.83955021,6.249654905
Srisailam_Dam,2016,4,0.125946156,1.288188554,0.051809361,-0.176603148,51.56867572,31.86828075,16.9355267,4.905230008,1.452920633,,,,0.133674071,27.83955021,6.249654905
Srisailam_Dam,2016,6,0.157359501,1.373491427,0.026546804,-0.183141253,41.86741031,26.56982432,21.83880961,174.9909135,3.309388295,,,,0.315906503,27.83955021,6.249654905
Srisailam_Dam,2016,8,0.231047186,1.600939829,0.018020567,-0.248035035,43.02424492,25.93032579,20.73939603,181.7780875,3.926495126,,,,0.286518753,27.83955021,6.249654905
Srisailam_Dam,2016,10,0.260025377,1.70279539,0.00499199,-0.264673809,37.91975332,25.27003322,17.87108855,32.21679791,1.171642724,,,,0.262911807,27.83955021,6.249654905
Srisailam_Dam,2016,11,0.216185881,1.55162538,0.020313171,-0.235465025,36.41153761,24.46107345,14.67180095,6.3976727,1.416636272,,,,0.171488741,27.83955021,6.249654905
Srisailam_Dam,2016,12,0.161633427,1.385591298,0.02833356,-0.189100971,34.06969068,22.86771461,14.13207395,8.345321319,1.501374505,,,,0.182983152,27.83955021,6.249654905
Srisailam_Dam,2017,1,0.144645271,1.338211191,0.025608589,-0.169625539,33.31724797,23.17221632,13.50468154,6.312316862,1.406656081,,,,0.137327851,27.83955021,6.249654905
Srisailam_Dam,2017,2,0.121162275,1.275732985,0.050828838,-0.170938382,40.02331457,25.87993493,11.75781505,0.726182368,1.328345252,,,,0.13358618,27.83955021,6.249654905
Srisailam_Dam,2017,4,0.127838838,1.293154165,0.04725061,-0.174038177,45.71937684,31.6525042,16.00282504,11.08608146,0.420980412,,,,0.14197269,27.83955021,6.249654905
Srisailam_Dam,2017,5,0.142669966,1.332823908,0.044234293,-0.185732121,50.12727818,32.08288569,18.6583829,59.49383229,0.905041634,,,,0.159146196,27.83955021,6.249654905
Srisailam_Dam,2017,9,0.317059173,1.928511405,-0.011431579,-0.306739367,41.9478759,25.51715978,22.37236036,185.9121886,1.176461649,,,,0.37752143,27.83955021,6.249654905
Srisailam_Dam,2017,10,0.273377338,1.752460258,0.001719531,-0.274967612,34.18526534,24.93210752,21.12584687,150.3682765,0.171695142,,,,0.363795557,27.83955021,6.249654905
Srisailam_Dam,2017,12,0.179062211,1.436238199,0.031004018,-0.208906455,33.67281471,23.09422845,14.17440961,6.029813629,1.519558158,,,,0.136352067,27.83955021,6.249654905
Srisailam_Dam,2018,1,0.149691036,1.352086224,0.041729123,-0.190231881,36.01862899,23.63043095,13.03301074,6.308280298,1.178902352,,,,0.133075817,27.83955021,6.249654905
Srisailam_Dam,2018,3,0.136002694,1.314822033,0.052592267,-0.18725558,43.31520461,28.65979306,12.93625656,6.665467812,1.417111988,,,,0.146267553,27.83955021,6.249654905
Srisailam_Dam,2018,4,0.139567123,1.324411413,0.043078079,-0.181553649,42.16425157,29.81791791,18.72222089,12.36009604,1.22958141,,,,0.160918299,27.83955021,6.249654905
Srisailam_Dam,2018,5,0.172643137,1.417336568,0.033029824,-0.204506787,42.18097598,30.96625036,20.14220017,55.23842974,0.732413657,,,,0.169265337,27.83955021,6.249654905
Srisailam_Dam,2018,10,0.222546553,1.572501296,0.015468415,-0.237198426,35.67097535,26.34653199,18.07773183,69.10832338,1.22046892,,,,0.240146555,27.83955021,6.249654905
Srisailam_Dam,2018,11,0.192135617,1.475663046,0.024406459,-0.215531374,38.5814885,24.78755177,16.69540706,7.403008876,1.520949775,,,,0.16927308,27.83955021,6.249654905
Srisailam_Dam,2019,1,0.153695001,1.363214211,0.03218335,-0.184963444,34.19259249,22.2668105,12.76768464,20.46708252,1.356881931,,,,0.158172238,27.83955021,6.249654905
Srisailam_Dam,2019,2,0.146388431,1.342986051,0.030644346,-0.176242159,37.05098604,25.31532349,15.19743581,0.736793063,1.444874786,,,,0.155890783,27.83955021,6.249654905
Srisailam_Dam,2019,3,0.13241502,1.305249682,0.041741121,-0.173198844,43.6369327,28.81030436,14.99357376,2.452712163,1.468872988,,,,0.133411141,27.83955021,6.249654905
Srisailam_Dam,2019,4,0.14380177,1.335907657,0.03892654,-0.181711145,45.29283249,30.78273271,17.10947369,28.78159599,1.115926686,,,,0.152554915,27.83955021,6.249654905
Srisailam_Dam,2019,5,0.152331516,1.359412951,0.030368018,-0.181858257,18.78405399,32.4205841,18.09310653,70.76983133,0.937130582,,,,0.156861069,27.83955021,6.249654905
Srisailam_Dam,2019,11,0.24345731,1.643604951,0.00379628,-0.247025281,37.21815914,23.79622915,19.95968363,7.547351483,1.296020406,,,,0.2965701,27.83955021,6.249654905
Srisailam_Dam,2020,1,0.153257462,1.361993061,0.030898715,-0.183288223,39.45598331,22.71099268,17.65577828,11.50280326,1.337670025,,,,0.198692178,27.83955021,6.249654905
Srisailam_Dam,2020,2,0.140702451,1.327482491,0.041655433,-0.181295308,39.24511581,23.92079692,15.84426289,0.755869802,1.6437129,,,,0.155288324,27.83955021,6.249654905
Srisailam_Dam,2020,3,0.167119204,1.401304017,0.028833007,-0.195012534,43.1489113,27.0669052,16.94120461,3.515433749,1.671089758,,,,0.14167076,27.83955021,6.249654905
Srisailam_Dam,2020,4,0.194848732,1.484005278,0.01764319,-0.21176393,43.06182295,29.86112953,17.54414429,27.63464758,1.345128394,,,,0.146876378,27.83955021,6.249654905
Srisailam_Dam,2020,5,0.136681677,1.316642595,0.009135053,-0.145634891,32.42039418,31.27643822,19.45588197,87.56928548,0.451991964,,,,0.165595865,27.83955021,6.249654905
Srisailam_Dam,2020,11,0.27997357,1.777675812,-0.006854301,-0.273644398,33.15435336,22.92423212,18.31057057,42.67206105,1.656486893,,,,0.264309608,27.83955021,6.249654905
Srisailam_Dam,2020,12,0.216625583,1.553057589,0.003350914,-0.219816933,21.94708755,21.20744511,16.38411968,10.11814396,1.435022349,,,,0.241439286,27.83955021,6.249654905
Srisailam_Dam,2021,1,0.176905531,1.429854745,0.009713041,-0.186298458,36.34717705,22.56665979,16.04568259,8.607777617,1.343689616,,,,0.149916557,27.83955021,6.249654905
Srisailam_Dam,2021,2,0.153748908,1.36336475,0.025739109,-0.178780519,37.52577077,23.65225379,12.68956918,1.097750729,1.261295892,,,,0.14046669,27.83955021,6.249654905
Srisailam_Dam,2021,3,0.144716432,1.338405735,0.027913561,-0.171935451,42.89765436,27.83484218,11.4476422,2.552326869,1.188792174,,,,0.133353859,27.83955021,6.249654905
Srisailam_Dam,2021,4,0.16337455,1.390556013,0.031086736,-0.19347865,48.02362904,29.58739522,16.93221753,31.59878126,0.870710447,,,,0.148258358,27.83955021,6.249654905
Srisailam_Dam,2021,5,0.203168531,1.509941032,0.017930143,-0.22029617,46.57651429,29.27022363,20.44031975,73.02707116,0.91849557,,,,0.204885585,27.83955021,6.249654905
Srisailam_Dam,2021,9,0.305068382,1.877981009,-0.013266437,-0.292987715,32.6021045,24.85436327,21.51663265,142.9256032,2.78524064,,,,0.358918487,27.83955021,6.249654905
Srisailam_Dam,2021,10,0.113098564,1.255042015,0.001300225,-0.114381969,31.5345474,25.61128059,20.61072662,140.254604,0.716619615,,,,0.31243798,27.83955021,6.249654905
Srisailam_Dam,2021,12,0.195172236,1.485003736,0.008675528,-0.203503188,32.90403166,22.10087172,15.94897162,7.569327992,1.229399446,,,,0.248010287,27.83955021,6.249654905
Srisailam_Dam,2022,1,0.14871966,1.349402312,0.021905995,-0.170071586,32.38854546,22.10479811,15.22208118,14.54543928,0.962019979,,,,0.185745321,27.83955021,6.249654905
Srisailam_Dam,2022,2,0.144232806,1.337084215,0.036281094,-0.179574203,39.43044369,23.77770567,13.91733783,0.749811912,1.363251458,,,,0.135918367,27.83955021,6.249654905
Srisailam_Dam,2022,3,0.131187044,1.301991454,0.039572371,-0.169877516,45.74360877,28.35567469,13.59804425,4.069275158,1.02788579,,,,0.135686177,27.83955021,6.249654905
Srisailam_Dam,2022,5,0.1451244,1.339521679,0.037790263,-0.181916977,48.15742051,29.4235754,20.23824174,133.4529437,1.43854563,,,,0.192978459,27.83955021,6.249654905
Srisailam_Dam,2022,9,0.335065273,2.00781403,-0.019269728,-0.317847767,37.15396431,24.84704923,21.33706612,174.0194521,2.057266705,,,,0.354903751,27.83955021,6.249654905
Srisailam_Dam,2022,11,0.27292027,1.750729963,-0.013347434,-0.26052186,34.18239393,22.93423898,17.20441337,12.10417465,1.35060908,,,,0.24260771,27.83955021,6.249654905
Srisailam_Dam,2023,1,0.195598046,1.486319173,0.011599813,-0.206728812,31.97701346,22.27735682,13.48890763,6.435038099,1.392705307,,,,0.156741214,27.83955021,6.249654905
Srisailam_Dam,2023,2,0.151794151,1.35791819,0.034194747,-0.185028496,38.15201824,25.61268848,10.71457986,0.726257391,1.222913208,,,,0.133943081,27.83955021,6.249654905
Srisailam_Dam,2023,3,0.138975839,1.322815189,0.038686455,-0.176712204,40.84489356,26.41039753,14.17509564,28.85731151,1.254150325,,,,0.191478073,27.83955021,6.249654905
Srisailam_Dam,2023,4,0.144899492,1.338906342,0.035185836,-0.179171837,47.84154624,29.70668437,15.83687229,43.16167202,1.380274934,,,,0.1502317,27.83955021,6.249654905
Srisailam_Dam,2023,5,0.25459171,1.683093317,-0.001248611,-0.25342366,43.13142673,29.72599964,19.84633227,137.4773868,0.686103969,,,,0.22129832,27.83955021,6.249654905
Srisailam_Dam,2023,12,0.201196033,1.5037432,0.009354513,-0.210155015,33.50544527,21.87115088,17.36380658,21.68849357,1.368548192,,,,0.247255284,27.83955021,6.249654905
Srisailam_Dam,2024,1,0.161276848,1.384577073,0.021168058,-0.181824173,35.96113116,22.86503019,16.00791516,6.310994202,1.655025097,,,,0.143402161,27.83955021,6.249654905
Srisailam_Dam,2024,2,0.138639869,1.321909184,0.042599579,-0.180175332,38.87999473,25.63301669,15.48274971,0.72682125,1.688149359,,,,0.135698033,27.83955021,6.249654905
Srisailam_Dam,2024,3,0.135763897,1.314182424,0.043544357,-0.178254457,43.04896079,28.24809528,16.03981312,2.435157322,1.812500156,,,,0.133535447,27.83955021,6.249654905
Srisailam_Dam,2024,4,0.139950401,1.325447279,0.045548936,-0.184324345,50.65084226,31.69108283,16.0419736,7.336972325,1.771757869,,,,0.13691881,27.83955021,6.249654905
Srisailam_Dam,2024,5,0.138723041,1.322133409,0.039785484,-0.177528715,49.02432988,30.65175796,21.15745734,158.8413113,0.539303232,,,,0.22099981,27.83955021,6.249654905
Srisailam_Dam,2024,9,0.312641577,1.909690102,-0.014386459,-0.299602672,32.06879597,24.75341977,21.37291722,148.111876,2.856040619,,,,0.370313199,27.83955021,6.249654905
Srisailam_Dam,2024,10,0.278144492,1.770637581,-0.017245775,-0.262156232,35.36590301,24.92905224,21.66213522,195.6292801,0.554291588,,,,0.360789863,27.83955021,6.249654905
Srisailam_Dam,2025,1,0.206638148,1.520917783,0.000289648,-0.206915412,32.20885229,22.0274172,14.33973933,6.493504385,1.332420128,,,,0.154763355,27.83955021,6.249654905
Srisailam_Dam,2025,2,0.15445621,1.365341716,0.029673697,-0.183289837,38.7704739,26.10117613,12.94713271,0.726256584,1.253635312,,,,0.133504845,27.83955021,6.249654905
Srisailam_Dam,2025,3,0.141443255,1.329490756,0.03902336,-0.179475981,41.36376037,28.09444843,13.61482834,4.686526824,1.24882395,,,,0.136066273,27.83955021,6.249654905
Srisailam_Dam,2025,4,0.171018376,1.412598713,0.023879298,-0.194104988,43.13824553,29.29633918,18.94277831,43.96697341,0.704313864,,,,0.171932242,27.83955021,6.249654905
Srisailam_Dam,2025,5,0.233440449,1.609060182,0.004462077,-0.237654978,40.13364159,28.3568886,20.70973676,281.1931829,1.556672177,,,,0.234635056,27.83955021,6.249654905
Srisailam_Dam,2025,7,0.28076816,1.780744524,-0.014589437,-0.267273542,31.62541593,25.46438042,21.04392065,101.2030431,4.250358685,,,,0.318273852,27.83955021,6.249654905
Srisailam_Dam,2025,11,0.276691414,1.765071559,-0.008900927,-0.268451632,32.16020266,22.35348186,17.19116181,36.53210975,1.164871404,,,,0.275713158,27.83955021,6.249654905
Srisailam_Dam,2025,12,0.219541765,1.562597089,0.005188762,-0.224474817,30.29166713,21.16389727,13.53797411,9.313326418,1.332861516,,,,0.182488411,27.83955021,6.249654905
Srisailam_Dam,2026,1,0.194319111,1.482372398,0.004761633,-0.19889671,31.6257912,22.00681396,13.32064603,7.249665956,1.482529024,,,,0.144655761,27.83955021,6.249654905
Srisailam_Dam,2026,2,0.161205393,1.384373938,0.025655659,-0.18609141,37.05552985,24.11799384,12.60537577,0.834003053,1.385406641,,,,0.134033907,27.83955021,6.249654905
Srisailam_Dam,2026,3,0.150636537,1.354704537,0.021277882,-0.171365154,37.14707794,27.68285479,14.48881454,8.130621204,1.111801243,,,,0.138458703,27.83955021,6.249654905
Srisailam_Dam,2026,4,0.155830664,1.369192904,0.028467102,-0.183483824,47.50057127,31.08552642,16.63869519,12.78942926,0.818701049,,,,0.138562499,27.83955021,6.249654905
Supa_Dam,2016,1,0.051490617,1.108571655,-0.018585795,-0.032936342,24.12131605,22.64793987,13.85236913,3.454797989,0.889573981,,,,0.336472152,32.51987768,5.483995923
Supa_Dam,2016,2,0.034468595,1.071398185,-0.026553912,-0.007921934,28.2487358,24.4527264,17.25902594,2.838348,0.284221362,,,,0.335570478,32.51987768,5.483995923
Supa_Dam,2016,3,0.02990646,1.061656859,-0.030114438,0.000208166,31.3676857,26.39083338,18.55054534,7.581717545,0.62973335,,,,0.335652013,32.51987768,5.483995923
Supa_Dam,2016,4,0.017162498,1.034924385,-0.017339047,0.000176602,35.45642481,27.03392745,21.20348189,14.24897664,1.363756929,,,,0.343933021,32.51987768,5.483995923
Supa_Dam,2016,5,0.043807969,1.091630066,-0.011433902,-0.032390292,36.53833603,26.5647345,21.93513196,79.2166703,1.966721584,,,,0.357353539,32.51987768,5.483995923
Supa_Dam,2016,10,0.06494871,1.138920102,-0.034496978,-0.030520114,25.59125871,23.47112634,19.29902769,64.58974437,0.401461735,,,,0.375446381,32.51987768,5.483995923
Supa_Dam,2016,11,0.063134282,1.134777654,-0.035240305,-0.027956176,26.02363302,23.77765331,15.17081354,14.86477119,1.368398558,,,,0.352010875,32.51987768,5.483995923
Supa_Dam,2016,12,0.044073408,1.092210864,-0.022615047,-0.02147977,25.1228214,23.4523054,14.21190531,7.404755679,1.73034668,,,,0.340393066,32.51987768,5.483995923
Supa_Dam,2017,1,0.042832058,1.089497477,-0.030558719,-0.012289424,24.90470079,23.18856587,13.27102059,3.432483916,1.201436223,,,,0.335656279,32.51987768,5.483995923
Supa_Dam,2017,2,0.034095728,1.070598566,-0.023098135,-0.011006261,26.674268,24.92786787,14.09317998,2.848155273,0.936124366,,,,0.335043816,32.51987768,5.483995923
Supa_Dam,2017,3,0.024399382,1.050019202,-0.030754007,0.006359397,29.90818165,25.35366248,16.84924241,6.686293645,0.774257712,,,,0.334965634,32.51987768,5.483995923
Supa_Dam,2017,4,0.031398844,1.064833381,-0.025736062,-0.005667361,32.13372019,26.51364515,20.46629889,10.79946418,1.427305108,,,,0.340286318,32.51987768,5.483995923
Supa_Dam,2017,5,0.049277317,1.103662861,-0.027526722,-0.021780139,38.44102457,26.6202077,22.00294145,77.63931899,1.931920103,,,,0.356282203,32.51987768,5.483995923
Supa_Dam,2017,9,0.108963019,1.244575749,-0.037727726,-0.071529344,20.86440513,23.23553814,21.68946648,303.5809423,1.142217529,,,,0.387879774,32.51987768,5.483995923
Supa_Dam,2017,11,0.062814714,1.134049723,-0.039007127,-0.023866064,27.62414389,23.92398834,16.75619426,5.789782598,1.39884774,,,,0.358710416,32.51987768,5.483995923
Supa_Dam,2018,1,0.043105896,1.090095436,-0.025986639,-0.017138455,24.80735837,23.05440083,14.21728178,3.43248555,0.895493936,,,,0.336488949,32.51987768,5.483995923
Supa_Dam,2018,2,0.043405865,1.09075085,-0.02471801,-0.018707928,24.94809314,24.18538485,12.82324798,3.656578492,1.094385243,,,,0.335876715,32.51987768,5.483995923
Supa_Dam,2018,3,0.023758489,1.048673385,-0.030158401,0.006404501,28.61184534,25.7518157,17.62415296,17.35037702,0.290428902,,,,0.342311551,32.51987768,5.483995923
Supa_Dam,2018,4,0.037181833,1.077235419,-0.027909276,-0.009282189,32.56248527,26.82539675,20.61977134,33.6336849,1.021033521,,,,0.350619041,32.51987768,5.483995923
Supa_Dam,2018,9,0.035552645,1.07372646,-0.051319542,0.015795718,28.15508305,22.96179822,20.43693466,125.2336072,1.301216872,,,,0.382528792,32.51987768,5.483995923
Supa_Dam,2018,10,0.091223584,1.200761337,-0.040109169,-0.051302125,14.91818138,24.64093408,19.64435072,107.4055392,0.577130474,,,,0.377050195,32.51987768,5.483995923
Supa_Dam,2018,12,0.048563266,1.102084068,-0.032957938,-0.015630345,24.49856243,23.28024313,15.71340757,7.746702599,1.058920868,,,,0.341706512,32.51987768,5.483995923
Supa_Dam,2019,1,0.035441682,1.073487898,-0.030217129,-0.005230153,24.49360056,22.19626961,12.68529899,3.4324848,1.295685917,,,,0.335878434,32.51987768,5.483995923
Supa_Dam,2019,2,0.027308927,1.056151286,-0.031614563,0.004309357,26.66521536,24.28874995,14.44894426,2.848157061,0.30261883,,,,0.335391998,32.51987768,5.483995923
Supa_Dam,2019,3,0.017652486,1.035939393,-0.031215961,0.013570953,29.10832973,25.49430764,17.18969744,5.152368204,0.841906837,,,,0.335089243,32.51987768,5.483995923
Supa_Dam,2019,4,0.02793657,1.057478904,-0.029375763,0.001440374,31.88039006,26.9543907,20.43105301,32.41725137,1.070982093,,,,0.348953501,32.51987768,5.483995923
Supa_Dam,2019,5,0.05907676,1.1255719,-0.029247608,-0.029880781,30.94484515,26.756897,21.19139808,35.24627159,1.824392357,,,,0.347165282,32.51987768,5.483995923
Supa_Dam,2019,10,0.042809229,1.089447643,-0.053496706,0.010712009,29.40454239,23.14992223,21.40973681,399.8442857,0.742145662,,,,0.388205436,32.51987768,5.483995923
Supa_Dam,2019,11,0.101976633,1.22711354,-0.030138397,-0.072059706,24.87959768,24.04107778,18.93094828,23.95928294,1.493643089,,,,0.370480283,32.51987768,5.483995923
Supa_Dam,2019,12,0.016795559,1.034164937,-0.005460315,-0.011336284,18.74591946,23.92167484,17.37367969,6.281380733,1.852814956,,,,0.346358535,32.51987768,5.483995923
Supa_Dam,2020,1,0.038300658,1.079652041,-0.029732721,-0.008577705,24.50360973,23.51083674,16.45312056,3.615445616,0.448764986,,,,0.33772245,32.51987768,5.483995923
Supa_Dam,2020,2,0.030850711,1.063665549,-0.032160177,0.001310767,27.92281977,24.36888196,15.56841766,3.518222272,0.637983987,,,,0.335206437,32.51987768,5.483995923
Supa_Dam,2020,3,0.023073762,1.047237471,-0.030986865,0.007918764,29.79031919,25.46457353,18.13951768,5.425767261,0.756254617,,,,0.338479606,32.51987768,5.483995923
Supa_Dam,2020,4,0.076577474,1.165855764,-0.028595272,-0.048087502,29.24512737,26.73592608,21.07988105,48.32196848,0.997777529,,,,0.355125999,32.51987768,5.483995923
Supa_Dam,2020,10,0.061298702,1.130603211,-0.069972244,0.008710905,31.20497227,23.09053266,20.9307667,162.4032124,0.694491088,,,,0.385400321,32.51987768,5.483995923
Supa_Dam,2020,11,0.072068695,1.155331961,-0.045147462,-0.027009113,25.22985201,23.98186287,17.17582393,5.259998558,2.197031149,,,,0.353520245,32.51987768,5.483995923
Supa_Dam,2020,12,0.035793172,1.074243765,-0.030320493,-0.005478625,24.21993018,23.44640366,15.84252652,10.12154901,1.894283148,,,,0.347830393,32.51987768,5.483995923
Supa_Dam,2021,1,0.039630114,1.082530938,-0.034644777,-0.004992191,25.86391268,23.64517332,16.47617076,12.71709849,1.202400145,,,,0.354524366,32.51987768,5.483995923
Supa_Dam,2021,2,0.031651842,1.065372855,-0.031701206,4.94E-05,26.30478869,23.35202476,14.97323734,5.608923818,1.026396596,,,,0.342730772,32.51987768,5.483995923
Supa_Dam,2021,3,0.023061106,1.047210948,-0.036756366,0.013706879,29.48052809,26.44528562,17.23522148,19.14791337,0.11372386,,,,0.339609638,32.51987768,5.483995923
Supa_Dam,2021,4,0.033707518,1.069766698,-0.0334771,-0.000230678,30.52389689,26.20617506,20.91280564,51.72084951,1.065115257,,,,0.354059368,32.51987768,5.483995923
Supa_Dam,2021,5,0.07035254,1.15135316,-0.040850096,-0.029587476,28.44616597,24.91354205,22.31369214,296.2986482,1.118243067,,,,0.383281913,32.51987768,5.483995923
Supa_Dam,2021,10,0.059915452,1.127468221,-0.04532723,-0.014627949,29.01931335,23.95678946,20.73715734,132.7712557,0.21178207,,,,0.38113996,32.51987768,5.483995923
Supa_Dam,2021,12,0.040718596,1.084893955,-0.030084879,-0.01064676,25.7979535,22.40128807,16.47087603,20.76664556,1.264192415,,,,0.358026505,32.51987768,5.483995923
Supa_Dam,2022,1,0.041347418,1.086261528,-0.024859268,-0.016505116,25.80895374,21.66038867,14.74712003,3.519107179,0.419205285,,,,0.339565605,32.51987768,5.483995923
Supa_Dam,2022,2,0.037108578,1.077077388,-0.035997781,-0.001112282,25.77262972,23.62172888,14.47736445,2.848156689,0.317926604,,,,0.335821674,32.51987768,5.483995923
Supa_Dam,2022,3,0.029412906,1.060608484,-0.030858079,0.001446486,27.82932703,25.99843133,17.70272807,25.95433486,0.091107599,,,,0.343771042,32.51987768,5.483995923
Supa_Dam,2022,4,0.052202713,1.11015586,-0.023432348,-0.028805601,27.73527756,26.80253332,21.87328762,106.3678463,1.11590392,,,,0.361775547,32.51987768,5.483995923
Supa_Dam,2022,5,0.071988956,1.155146766,-0.010817673,-0.061218958,32.29662563,25.39136196,21.82604311,144.9592248,2.150027015,,,,0.366928326,32.51987768,5.483995923
Supa_Dam,2022,10,0.047807352,1.100415293,-0.06294366,0.015181993,25.64352915,22.86573991,19.41970533,168.0452157,0.390931744,,,,0.383790273,32.51987768,5.483995923
Supa_Dam,2022,11,0.052359967,1.110506025,-0.063417955,0.01109483,25.7233225,23.68040869,16.47380356,5.705222498,1.459642372,,,,0.356297832,32.51987768,5.483995923
Supa_Dam,2022,12,0.051434495,1.108446901,-0.031934404,-0.019532173,25.01409558,23.6134845,15.93914271,14.51637544,1.717651806,,,,0.358068261,32.51987768,5.483995923
Supa_Dam,2023,1,0.042553817,1.088890253,-0.03734991,-0.00521219,25.97249758,22.96140998,13.37694946,3.4600948,1.027609058,,,,0.339563718,32.51987768,5.483995923
Supa_Dam,2023,2,0.037801392,1.078572952,-0.030499523,-0.007310298,26.22717259,25.13267894,12.4813994,2.848154241,1.485811622,,,,0.335707687,32.51987768,5.483995923
Supa_Dam,2023,3,0.037087301,1.077031492,-0.032917689,-0.004174708,25.6986736,25.38062025,13.52589684,4.463323606,0.236289219,,,,0.335108439,32.51987768,5.483995923
Supa_Dam,2023,5,0.068068324,1.146080075,-0.029076685,-0.039068965,31.28099117,26.59625858,20.97024283,64.87955579,1.628686641,,,,0.353777752,32.51987768,5.483995923
Supa_Dam,2023,10,0.068579718,1.147258375,-0.043741617,-0.024912835,32.74131974,24.61655944,20.60643806,55.32541213,0.288169579,,,,0.375071741,32.51987768,5.483995923
Supa_Dam,2023,11,0.055186388,1.11681963,-0.04157466,-0.01364303,27.57844095,24.7903543,19.60885699,58.52480762,1.108861412,,,,0.369625918,32.51987768,5.483995923
Supa_Dam,2023,12,0.075945869,1.164375369,-0.015214867,-0.060801259,18.816201,23.9249747,16.57307185,6.388144135,1.665807192,,,,0.350066482,32.51987768,5.483995923
Supa_Dam,2024,1,0.037782778,1.07853274,-0.030847463,-0.006943407,26.33607869,23.29541336,16.38266314,5.586066212,0.527816653,,,,0.345254385,32.51987768,5.483995923
Supa_Dam,2024,2,0.03403913,1.070477244,-0.025151465,-0.00889528,28.2450626,25.0907551,15.93745461,2.848155428,0.369215352,,,,0.336081494,32.51987768,5.483995923
Supa_Dam,2024,3,0.034503908,1.071473946,-0.028762289,-0.005747323,29.77511024,26.2928334,17.69380023,4.114212683,0.772940169,,,,0.335147858,32.51987768,5.483995923
Supa_Dam,2024,4,0.03822185,1.079481636,-0.025443762,-0.012790527,32.42443862,27.68432556,21.47103447,62.5042082,0.915923039,,,,0.344288105,32.51987768,5.483995923
Supa_Dam,2024,5,0.126061653,1.288490953,-0.011439168,-0.114788014,22.43079574,26.7832815,22.6056549,133.9589783,1.479112705,,,,0.365265857,32.51987768,5.483995923
Supa_Dam,2024,10,0.058054911,1.12326602,-0.071553747,0.013555145,30.43485755,23.64508256,21.62610217,321.1628992,0.125316124,,,,0.385778653,32.51987768,5.483995923
Supa_Dam,2024,11,0.111496883,1.250976909,-0.060944382,-0.05089836,25.00599702,23.69944072,16.71334502,15.00787136,1.982584359,,,,0.359261513,32.51987768,5.483995923
Supa_Dam,2024,12,0.041906609,1.087479174,-0.04392503,0.002022143,25.7628924,23.42054745,17.47912125,20.6315734,1.287159037,,,,0.354060204,32.51987768,5.483995923
Supa_Dam,2025,1,0.038436482,1.0799458,-0.029504486,-0.008942137,24.92534493,23.55858582,13.86538459,6.225473465,1.764210996,,,,0.337738447,32.51987768,5.483995923
Supa_Dam,2025,2,0.027030376,1.05556263,-0.03362589,0.006601515,26.70565845,25.35148421,14.55614149,2.861355043,1.018986821,,,,0.335395995,32.51987768,5.483995923
Supa_Dam,2025,3,0.037458006,1.077831421,-0.0368505,-0.000608345,28.0449632,26.53912301,17.65767371,16.49331411,0.170290035,,,,0.336320262,32.51987768,5.483995923
Supa_Dam,2025,4,0.079511539,1.172759448,-0.040405381,-0.039232199,31.77146145,26.64264181,21.50479546,28.62555011,1.266809934,,,,0.355994182,32.51987768,5.483995923
Supa_Dam,2025,5,0.06222252,1.132702099,-0.027705424,-0.034576703,32.24383071,24.65686655,21.76725682,160.7183179,1.822063137,,,,0.369277687,32.51987768,5.483995923
Supa_Dam,2025,11,0.11662417,1.264042022,-0.028488053,-0.088429916,24.1141401,22.72924955,16.7237573,6.503237347,1.181583672,,,,0.365952343,32.51987768,5.483995923
Supa_Dam,2025,12,0.04141916,1.086417666,-0.030376591,-0.011056479,24.1360573,21.94394494,12.83707788,6.083085949,2.175813179,,,,0.341452117,32.51987768,5.483995923
Supa_Dam,2026,1,0.034763544,1.072031146,-0.025797651,-0.00897394,24.01372743,22.64806375,13.45577393,5.140778269,1.360019116,,,,0.336396986,32.51987768,5.483995923
Supa_Dam,2026,2,0.028288725,1.058224548,-0.038490613,0.010213008,26.64918292,24.07887321,13.77369329,3.563377016,0.968524921,,,,0.335740566,32.51987768,5.483995923
Supa_Dam,2026,3,0.036089415,1.074881251,-0.044264586,0.008188251,29.26770123,25.80440532,18.0116325,12.98843521,0.273487995,,,,0.34265793,32.51987768,5.483995923
Supa_Dam,2026,4,0.036915822,1.076661672,-0.029791611,-0.007132055,32.87424759,26.73070329,21.04421005,30.3824522,1.227372267,,,,0.351389164,32.51987768,5.483995923
Supa_Dam,2026,5,0.065856046,1.140997638,-0.024264749,-0.041657865,30.85716915,,,,,,,,,32.51987768,5.483995923
Tungabhadra_Dam,2016,1,-0.034956313,0.932448717,-0.034608204,0.069480461,24.90109836,24.53866988,11.55494416,6.865768015,1.780917311,,,,0.12421175,,
Tungabhadra_Dam,2016,2,-0.016302096,0.967918799,-0.024579219,0.040864941,28.17508599,27.86285915,12.55255663,7.862903237,1.330931592,,,,0.117771913,,
Tungabhadra_Dam,2016,3,0.010446622,1.021113813,-0.015645171,0.005199399,29.82426058,30.58693015,12.57033648,8.386291079,0.227768651,,,,0.117070798,,
Tungabhadra_Dam,2016,4,0.065607973,1.140429224,-0.002098959,-0.063517762,36.51495815,32.17182893,16.73270315,16.08252203,1.883164926,,,,0.11717431,,
Tungabhadra_Dam,2016,5,0.090611817,1.199280831,0.017337144,-0.107779644,42.39096419,30.59311092,19.45768314,79.58342075,2.958960475,,,,0.152531285,,
Tungabhadra_Dam,2016,10,-0.030835895,0.940173028,-0.038413347,0.069167313,27.32308952,24.94096119,17.25704698,53.23689318,0.56888353,,,,0.239634232,,
Tungabhadra_Dam,2016,11,-0.042779408,0.917951184,-0.03885789,0.081501816,26.90456568,24.47602774,13.2254573,13.52551126,2.181520193,,,,0.155218262,,
Tungabhadra_Dam,2016,12,-0.039718111,0.923598309,-0.029396069,0.069033579,24.70325448,23.39604247,13.08660178,14.17953038,2.378078916,,,,0.156006562,,
Tungabhadra_Dam,2017,1,-0.029514713,0.942662864,-0.025688346,0.055161236,24.56142209,24.06220045,11.7492084,11.36476928,2.170048589,,,,0.119493633,,
Tungabhadra_Dam,2017,2,0.008710059,1.017573182,-0.021601971,0.012894338,28.34147957,26.19537334,9.178198319,6.102269232,2.028447163,,,,0.117464639,,
Tungabhadra_Dam,2017,3,0.030029298,1.061917949,-0.003729461,-0.026302783,33.2687856,29.04513075,11.12511344,4.799868017,0.062771435,,,,0.117956656,,
Tungabhadra_Dam,2017,4,0.050779646,1.106992324,0.012057714,-0.062798909,35.17644609,31.0538802,15.35113131,11.95488411,1.805511178,,,,0.117686232,,
Tungabhadra_Dam,2017,5,0.071284744,1.153512593,0.025657521,-0.096765281,39.13821435,30.66990049,19.40177043,79.78764629,3.064693544,,,,0.135230472,,
Tungabhadra_Dam,2017,6,0.08122177,1.176803863,0.037205677,-0.118070648,27.85720377,25.95128918,21.08423178,67.43074679,4.89416007,,,,0.285751033,,
Tungabhadra_Dam,2017,11,0.08605997,1.18832739,-0.061581632,-0.024608757,25.40382834,24.67676341,16.45078044,7.696184486,2.112003188,,,,0.197560528,,
Tungabhadra_Dam,2017,12,-0.027427405,0.946609551,-0.030356276,0.057735611,24.10180495,23.51519251,13.52197496,6.106439352,2.270124302,,,,0.132047484,,
Tungabhadra_Dam,2018,1,-0.043822251,0.916035031,-0.039418642,0.08309735,24.01229853,23.98620422,11.79051084,6.425500095,1.916517615,,,,0.119185168,,
Tungabhadra_Dam,2018,2,-0.031776673,0.938403971,-0.048032791,0.079687835,19.26447397,25.36808995,9.67655725,10.42151046,1.958541388,,,,0.121872113,,
Tungabhadra_Dam,2018,3,-0.038996471,0.924934353,-0.014423305,0.053389746,26.58843389,28.44950989,12.06701487,15.52160472,0.510488116,,,,0.144571151,,
Tungabhadra_Dam,2018,4,0.047854397,1.100519074,-0.001365162,-0.046492273,35.83268564,30.36096838,16.80956355,28.56646776,0.558407169,,,,0.129662222,,
Tungabhadra_Dam,2018,5,0.09349193,1.20626828,0.013778026,-0.107131956,-13.96079235,30.09455216,20.33245397,138.1848454,2.150948262,,,,0.17309848,,
Tungabhadra_Dam,2018,9,-0.127977801,0.77308454,-0.041008201,0.16810377,26.21576192,25.45540954,19.54128376,100.0803664,2.53525707,,,,0.284015354,,
Tungabhadra_Dam,2018,10,-0.02076308,0.959318513,-0.02433893,0.045079229,27.9462312,26.54679424,17.02383057,42.60642171,1.519853221,,,,0.251392275,,
Tungabhadra_Dam,2018,11,-0.023674432,0.953746169,-0.029118095,0.052756159,25.61098122,25.4387701,15.34138451,10.75698325,2.580261698,,,,0.18489493,,
Tungabhadra_Dam,2018,12,-0.013239214,0.973867545,-0.047352825,0.060554077,22.78220564,24.35365005,14.19833779,12.08320695,1.875611777,,,,0.13498437,,
Tungabhadra_Dam,2019,1,-0.037407492,0.927882742,-0.022479277,0.059836453,23.20041987,23.27988121,10.06606648,7.806355834,1.916202158,,,,0.119068848,,
Tungabhadra_Dam,2019,2,-0.041252086,0.920764459,-0.035712323,0.076851191,26.03905766,27.11020577,10.63814416,6.920976162,1.098441252,,,,0.119002382,,
Tungabhadra_Dam,2019,3,-0.018123643,0.964397953,-0.016616699,0.034729883,28.26435562,29.85269033,12.26466666,10.31579613,0.406374503,,,,0.117085249,,
Tungabhadra_Dam,2019,4,0.053135651,1.11223498,-0.001100726,-0.052037969,34.07427814,31.11120324,16.04610598,36.54295027,1.128208541,,,,0.120076513,,
Tungabhadra_Dam,2019,5,0.102841745,1.229261102,0.015961954,-0.118608996,37.05184233,31.14283673,17.83278339,63.08328438,2.742521806,,,,0.128500677,,
Tungabhadra_Dam,2019,12,0.046665384,1.097899274,-0.045467011,-0.001200921,24.52110416,23.45301311,17.35160662,14.86614907,2.80248403,,,,0.244638384,,
Tungabhadra_Dam,2020,1,-0.03280269,0.936478303,-0.045983858,0.078667886,26.61005345,24.75920586,15.19435808,7.753695726,1.556687063,,,,0.151141444,,
Tungabhadra_Dam,2020,2,-0.033600863,0.934982905,-0.031823819,0.065354797,25.78246198,26.01332411,12.83377186,6.200396061,1.914587325,,,,0.119721418,,
Tungabhadra_Dam,2020,3,-0.017205054,0.966171907,-0.030962456,0.048141864,27.44420369,28.84661882,14.30331208,1.926862657,0.37532994,,,,0.118448983,,
Tungabhadra_Dam,2020,4,0.026980481,1.055457225,-0.002918998,-0.024063379,31.00947845,30.38422557,16.19937026,36.40121377,0.82088516,,,,0.128211538,,
Tungabhadra_Dam,2020,5,0.043415476,1.090771855,-0.005148431,-0.0382756,32.42716348,31.03872696,19.55915608,114.7534118,2.201793234,,,,0.129123429,,
Tungabhadra_Dam,2020,11,-0.019301033,0.962128885,-0.050690051,0.069922674,29.16963443,23.29074518,17.68296301,16.83960909,2.54523225,,,,0.278455872,,
Tungabhadra_Dam,2020,12,0.09035834,1.19866799,-0.038400595,-0.052138656,24.47093605,22.53812899,15.14345871,9.716404676,2.732991536,,,,0.200573657,,
Tungabhadra_Dam,2021,1,-0.025100839,0.951027571,-0.028515092,0.053577582,25.18232049,23.68919443,14.70434019,53.49141979,2.370836439,,,,0.184134378,,
Tungabhadra_Dam,2021,2,-0.018290885,0.964075324,-0.024386774,0.042658631,24.5221484,24.13252381,11.39406057,17.35459483,2.033222397,,,,0.128199404,,
Tungabhadra_Dam,2021,3,-0.02723392,0.946976205,-0.018970753,0.046180814,27.88911078,28.12084143,10.18389124,1.72065863,1.296178532,,,,0.118058607,,
Tungabhadra_Dam,2021,4,0.05373388,1.113570335,-0.007878167,-0.045875133,32.71943323,29.68448825,16.6092968,47.15549207,0.728872961,,,,0.129405591,,
Tungabhadra_Dam,2021,5,-0.002170599,0.995668204,-0.016865005,0.019034908,30.41069449,28.62399947,20.1722914,155.2639384,2.213617536,,,,0.171319344,,
Tungabhadra_Dam,2021,6,-0.13891364,0.756059397,-0.015256204,0.153843804,30.78483698,25.73804768,20.53369003,56.50128341,4.500911696,,,,0.269257005,,
Tungabhadra_Dam,2021,10,-0.02464201,0.951901231,-0.057297249,0.08182373,30.54664546,25.06793973,20.23312869,147.292057,0.341434447,,,,0.349695665,,
Tungabhadra_Dam,2021,12,0.014348237,1.029114211,-0.008146029,-0.006202933,18.57390774,22.68563511,15.95445035,11.06732273,1.922969771,,,,0.273605498,,
Tungabhadra_Dam,2022,1,-0.016182988,0.968149461,-0.044615576,0.060754698,25.08954889,23.16938807,13.38795735,6.68306011,0.696624509,,,,0.154819091,,
Tungabhadra_Dam,2022,2,-0.028891708,0.943839166,-0.034030195,0.0628601,25.26921801,25.02389425,11.32210954,6.102272093,1.504732456,,,,0.121885024,,
Tungabhadra_Dam,2022,3,-0.01976273,0.961240533,-0.024540396,0.044281649,28.2616466,28.50511763,12.88164049,2.261805028,0.745930678,,,,0.11831916,,
Tungabhadra_Dam,2022,4,0.018775799,1.038270151,-0.009036033,-0.009741419,25.9791374,30.77509937,16.44651761,30.14870846,0.309064126,,,,0.118621453,,
Tungabhadra_Dam,2022,11,-0.015238884,0.969979707,-0.027805115,0.043025769,28.86134253,23.7254055,16.1094169,7.810448825,2.180341864,,,,0.230777886,,
Tungabhadra_Dam,2022,12,-0.003628553,0.992769132,-0.030945359,0.03457003,18.55411455,23.55045061,15.52646991,20.60250556,2.253663647,,,,0.220581001,,
Tungabhadra_Dam,2023,1,-0.026299608,0.948748673,-0.0224295,0.048700381,24.18704435,23.33797622,10.95209949,6.426524222,2.215955928,,,,0.132976037,,
Tungabhadra_Dam,2023,2,-0.029664748,0.942379793,-0.02660838,0.056228745,26.00223595,25.58042195,9.348862289,6.102267563,2.156958407,,,,0.118573498,,
Tungabhadra_Dam,2023,3,-0.005064923,0.989921203,-0.009627345,0.014691552,30.58989067,27.46101602,9.810070948,3.222720638,0.230900423,,,,0.11788461,,
Tungabhadra_Dam,2023,4,0.072673297,1.156737204,-0.003852699,-0.068839873,35.22431249,29.90003696,14.09879653,20.21237123,0.312503034,,,,0.127801053,,
Tungabhadra_Dam,2023,5,0.075933808,1.164347118,-0.013234384,-0.062762497,37.01418389,30.24091945,18.37396971,70.40868068,2.223202552,,,,0.162474376,,
Tungabhadra_Dam,2023,6,0.049178256,1.103443692,-0.01008757,-0.039110088,32.67149143,28.77552677,19.90481637,26.70856762,4.717550284,,,,0.146273745,,
Tungabhadra_Dam,2023,8,-0.109096521,0.803269564,-0.034450104,0.143009141,29.09071537,25.74406867,20.34438893,2.769036159,4.157160508,,,,0.258228415,,
Tungabhadra_Dam,2023,10,-0.022582441,0.955832527,-0.026092704,0.048646481,27.71223554,28.01087936,15.7791203,18.15997434,0.916822333,,,,0.15883829,,
Tungabhadra_Dam,2023,12,-0.048626157,0.907257401,-0.037046021,0.085518125,24.18554133,24.19268769,15.82175664,13.29929769,2.46643317,,,,0.157815808,,
Tungabhadra_Dam,2024,1,-0.028594136,0.944401518,-0.031022374,0.059563674,20.97388479,25.33703507,13.88323477,12.36264795,1.904777032,,,,0.119662569,,
Tungabhadra_Dam,2024,2,0.028419472,1.058501526,0.00144829,-0.029866532,6.094313211,27.54288425,11.40504424,6.093239307,1.415548347,,,,0.117387048,,
Tungabhadra_Dam,2024,3,0.000851039,1.001703527,-0.015719049,0.014868209,28.65523693,30.59057372,12.83343291,1.921558067,0.391514509,,,,0.117053693,,
Tungabhadra_Dam,2024,4,0.064051959,1.136870757,-0.008964201,-0.055119406,34.37576434,32.13250739,17.02167602,51.52591205,1.073473631,,,,0.129339912,,
Tungabhadra_Dam,2024,5,0.070938231,1.152709396,0.011718621,-0.082588196,36.77958481,30.12347505,20.29349486,94.43761611,2.189547632,,,,0.206005007,,
Tungabhadra_Dam,2024,10,-0.042262661,0.918902091,-0.052843158,0.094893893,28.5174655,25.14508814,21.413815,205.6665883,0.16643636,,,,0.373820682,,
Tungabhadra_Dam,2024,11,-0.027106875,0.947217031,-0.041052794,0.068083905,24.97920177,23.55340631,16.84097665,9.345469832,2.193209558,,,,0.256239899,,
Tungabhadra_Dam,2024,12,-0.024958172,0.951299141,-0.02534586,0.05027223,25.11068101,23.5120782,17.75521903,20.30464172,1.961522982,,,,0.215767186,,
Tungabhadra_Dam,2025,1,-0.031347779,0.93921007,-0.031381983,0.062668112,25.5476923,23.11216813,12.94634313,16.52427989,2.391944103,,,,0.134989574,,
Tungabhadra_Dam,2025,2,-0.029580599,0.942538547,-0.018679393,0.048233341,26.39825872,26.1966293,10.63587012,6.341940224,1.942268185,,,,0.11852072,,
Tungabhadra_Dam,2025,3,-0.026687275,0.948012846,-0.022365794,0.049023807,27.8914211,28.54607183,13.36914478,6.766519248,0.677293836,,,,0.117636668,,
Tungabhadra_Dam,2025,4,0.040842314,1.085162878,-0.014489311,-0.026368608,28.88559591,29.46369487,18.72014512,56.49854517,1.198118002,,,,0.151678647,,
Tungabhadra_Dam,2025,5,0.042923177,1.089696409,-0.021312591,-0.021630374,31.27137578,27.2978512,20.30527713,167.3042178,3.353620225,,,,0.244874067,,
Tungabhadra_Dam,2025,6,0.011724518,1.023727227,-0.031932119,0.020215169,27.67919328,25.47592258,21.17815431,58.04742718,5.104167396,,,,0.330012732,,
Tungabhadra_Dam,2025,11,-0.024328052,0.95249949,-0.048591677,0.07283363,25.16834437,22.95859119,16.34165043,8.055702209,1.522183488,,,,0.246958478,,
Tungabhadra_Dam,2025,12,-0.019561229,0.961628143,-0.0464149,0.065916282,21.6792839,21.45771066,12.41050087,9.316578269,2.462826425,,,,0.15356987,,
Tungabhadra_Dam,2026,1,-0.024245386,0.952657075,-0.051936269,0.076085847,24.88861132,23.09546031,12.10705842,6.622117639,2.390805129,,,,0.12435327,,
Tungabhadra_Dam,2026,2,-0.026021118,0.949277618,-0.034101869,0.060069683,24.78341657,24.83318055,11.06254944,9.414363563,2.120391623,,,,0.118246411,,
Tungabhadra_Dam,2026,3,-0.021941619,0.957058959,-0.033050985,0.054952752,27.11938367,28.17300221,13.94682793,17.10037541,0.523121854,,,,0.136280834,,
Tungabhadra_Dam,2026,4,0.01277459,1.025879783,-0.01678942,0.004015692,31.76135901,30.6310417,17.19063678,40.35251737,1.274187484,,,,0.122122622,,
Tungabhadra_Dam,2026,5,0.07324062,1.158057468,-0.006985564,-0.066288971,20.12034762,,,,,,,,,,
Vaigai_Dam,2016,3,0.094452137,1.208607719,-0.010156769,-0.084376313,43.38659987,27.96287849,18.08622925,12.99739799,0.560135459,,,,0.12418589,32.10023419,6.742997658
Vaigai_Dam,2016,4,0.090386145,1.1987352,-0.002609231,-0.087797621,43.7913251,30.14417322,19.76087663,29.56330967,0.561299507,,,,0.133504083,32.10023419,6.742997658
Vaigai_Dam,2016,7,0.107160368,1.240043933,0.016277678,-0.123223106,13.50650947,25.17203344,20.83621756,194.5275803,1.264375844,,,,0.339337769,32.10023419,6.742997658
Vaigai_Dam,2016,8,0.121581942,1.276820226,0.018056224,-0.139332289,33.99611561,25.34636767,20.35957097,184.3821144,1.477025143,,,,0.311325647,32.10023419,6.742997658
Vaigai_Dam,2016,11,0.215128514,1.548187869,-0.007784598,-0.207691735,34.08586967,24.41088899,18.57314644,67.40184689,0.243381661,,,,0.330574671,32.10023419,6.742997658
Vaigai_Dam,2016,12,0.146338583,1.342849238,0.000748007,-0.147070491,35.95881277,24.25115978,17.5925783,32.49821424,0.332217238,,,,0.271252007,32.10023419,6.742997658
Vaigai_Dam,2017,4,0.114619199,1.258915032,0.019423174,-0.133744621,41.6201985,29.98482299,18.22975375,31.02367854,0.106279421,,,,0.140127394,32.10023419,6.742997658
Vaigai_Dam,2017,6,0.115556567,1.261309119,0.01460534,-0.129942598,40.4530004,25.2719038,21.36191597,145.7419415,1.35879175,,,,0.35848465,32.10023419,6.742997658
Vaigai_Dam,2017,7,0.054274739,1.114779082,0.019944581,-0.074139065,39.55299389,25.77515537,20.71702732,161.3229609,1.406549446,,,,0.305707439,32.10023419,6.742997658
Vaigai_Dam,2017,8,0.095964599,1.212302747,0.009167573,-0.105039762,36.82017204,24.91842851,21.42141154,579.0142212,1.073886596,,,,0.386915371,32.10023419,6.742997658
Vaigai_Dam,2017,12,0.083266167,1.181658327,-0.02298218,-0.06039957,29.0118718,23.03865364,18.49391618,24.50350034,0.57460334,,,,0.342847086,32.10023419,6.742997658
Vaigai_Dam,2018,1,0.073948905,1.159708044,-0.00546228,-0.0685143,30.16624638,23.65394983,15.73888954,2.126380086,0.495898119,,,,0.206833009,32.10023419,6.742997658
Vaigai_Dam,2018,3,0.094377666,1.208426102,0.001223499,-0.095590128,34.22083036,27.1521302,16.52227807,29.21060359,0.471169648,,,,0.167319923,32.10023419,6.742997658
Vaigai_Dam,2018,4,0.097528909,1.21613747,0.00263381,-0.100136996,40.97276792,28.40525786,19.80295819,52.9145577,0.579220405,,,,0.183720122,32.10023419,6.742997658
Vaigai_Dam,2018,9,0.038679405,1.080471395,-0.033532557,-0.005153532,32.99314398,25.58028509,20.37899195,146.3761415,0.714756706,,,,0.366993311,32.10023419,6.742997658
Vaigai_Dam,2019,1,0.083856056,1.183063059,-0.021009647,-0.062957326,27.43199671,21.94629061,14.69992643,2.424325481,0.441465663,,,,0.232672086,32.10023419,6.742997658
Vaigai_Dam,2019,2,0.082152023,1.179010086,-0.017485493,-0.064759554,29.14085029,25.47056496,17.42162666,4.290840834,0.619399292,,,,0.17961325,32.10023419,6.742997658
Vaigai_Dam,2019,3,0.089182195,1.195828835,-0.006424817,-0.082804823,32.60142564,28.32776173,15.91383953,3.764858007,0.654580957,,,,0.133687276,32.10023419,6.742997658
Vaigai_Dam,2019,4,0.08620755,1.18868081,-0.002500562,-0.083725037,37.17338005,29.37705237,18.63926156,52.89468193,0.542624063,,,,0.180979919,32.10023419,6.742997658
Vaigai_Dam,2019,11,0.120645007,1.274394319,-0.024249235,-0.096678611,33.43208167,23.80511316,20.97058044,146.3557587,0.534429943,,,,0.40244005,32.10023419,6.742997658
Vaigai_Dam,2020,4,0.09558464,1.211373323,-0.009468043,-0.086194603,39.57973921,28.75457571,19.24827298,57.10624909,0.543980306,,,,0.173101701,32.10023419,6.742997658
Vaigai_Dam,2020,7,0.143010626,1.333751223,-0.003444233,-0.139635171,39.02354873,24.954633,21.62200978,381.2811527,0.85799225,,,,0.397549455,32.10023419,6.742997658
Vaigai_Dam,2021,2,0.081899867,1.178411623,-0.019858394,-0.062142542,32.05522691,23.8603052,15.87253224,1.706386328,0.511322837,,,,0.209592274,32.10023419,6.742997658
Vaigai_Dam,2021,4,0.086568839,1.189546499,-0.022273883,-0.064419171,33.78522944,28.08434075,19.57468715,72.40131831,0.17969053,,,,0.204251756,32.10023419,6.742997658
Vaigai_Dam,2021,5,0.106077926,1.237331484,-0.01495238,-0.091270311,36.10354266,25.62320372,21.78514344,97.6649642,0.627469225,,,,0.338338606,32.10023419,6.742997658
Vaigai_Dam,2021,8,0.145438689,1.340382104,-0.008565691,-0.137043724,18.71250303,24.66432609,21.13357141,463.4039838,1.023838458,,,,0.372828289,32.10023419,6.742997658
Vaigai_Dam,2021,12,0.10060083,1.223706745,-0.033702192,-0.067126228,28.15895252,22.42294571,18.64683316,47.51967263,0.509472527,,,,0.356857361,32.10023419,6.742997658
Vaigai_Dam,2022,3,0.082855798,1.180682161,-0.021248428,-0.061716025,33.39366933,27.72978476,15.93156397,20.16287708,0.324268006,,,,0.125155213,32.10023419,6.742997658
Vaigai_Dam,2022,4,0.095422028,1.210975794,-0.019034868,-0.076526157,24.7614508,26.88151824,20.77825453,128.2338256,0.194778022,,,,0.278257561,32.10023419,6.742997658
Vaigai_Dam,2022,6,0.106313576,1.237921429,-0.015357029,-0.091105291,31.64123695,25.54035367,21.44690899,155.5960197,1.025491617,,,,0.381693904,32.10023419,6.742997658
Vaigai_Dam,2022,8,0.122023574,1.27796549,-0.028046005,-0.09430029,32.14105556,24.30010023,21.29630791,579.4601872,0.830257006,,,,0.393619701,32.10023419,6.742997658
Vaigai_Dam,2022,9,0.112833141,1.254367349,-0.023508298,-0.089562409,32.41469669,24.61530281,20.50769329,102.8587101,0.87202939,,,,0.335258547,32.10023419,6.742997658
Vaigai_Dam,2023,2,0.056321672,1.11936625,-0.030362101,-0.026004038,29.36585273,24.04316943,13.37349506,3.852451921,0.532713408,,,,0.186186427,32.10023419,6.742997658
Vaigai_Dam,2023,4,0.09999606,1.222212493,-0.021319054,-0.078845089,35.70380733,27.64535624,18.82956706,59.89146256,0.437858116,,,,0.230918079,32.10023419,6.742997658
Vaigai_Dam,2023,5,0.120443867,1.273874202,-0.019934812,-0.100750961,33.63631342,27.18423059,21.59212413,162.5738034,0.52803309,,,,0.332834162,32.10023419,6.742997658
Vaigai_Dam,2023,6,0.135070916,1.312328301,-0.018607183,-0.116757177,38.38901932,25.87195689,21.56169775,242.5477467,1.218133906,,,,0.355772972,32.10023419,6.742997658
Vaigai_Dam,2023,8,0.099605329,1.221248152,-0.004080758,-0.095563413,32.77579074,26.43596517,20.63614223,214.6572526,0.966712033,,,,0.285391633,32.10023419,6.742997658
Vaigai_Dam,2023,12,0.120499503,1.274018044,-0.040821762,-0.080071613,28.97035076,23.19538275,20.33771766,87.70210475,0.616957273,,,,0.390277863,32.10023419,6.742997658
Vaigai_Dam,2024,1,0.122726053,1.279789577,-0.064479586,-0.058711067,28.50814565,22.89277822,19.29955032,13.47265626,0.510326545,,,,0.348529303,32.10023419,6.742997658
Vaigai_Dam,2024,3,0.091088475,1.200434196,-0.024925576,-0.06631346,31.41402676,27.69016045,16.7910102,5.025100529,0.61616918,,,,0.11613005,32.10023419,6.742997658
Vaigai_Dam,2024,4,0.09636874,1.213292179,-0.022402348,-0.074126422,33.09936573,29.78312384,18.8146624,22.15898055,0.70665936,,,,0.124369007,32.10023419,6.742997658
Vaigai_Dam,2024,5,0.146537385,1.343394972,-0.016331669,-0.130518072,-12.83499649,27.06644525,22.37648298,156.4230556,0.470772562,,,,0.325155709,32.10023419,6.742997658
Vaigai_Dam,2024,8,0.120714297,1.274573546,-0.027724899,-0.093301659,33.95720093,25.02762689,21.76502163,407.4266129,0.725324716,,,,0.39268547,32.10023419,6.742997658
Vaigai_Dam,2025,1,0.104656385,1.233779264,-0.028783516,-0.076102118,28.07572538,21.87317808,17.54703309,4.921394855,0.667618971,,,,0.314596361,32.10023419,6.742997658
Vaigai_Dam,2025,2,0.080278658,1.174571698,-0.018689213,-0.061681989,30.38177152,24.72017434,14.74913757,1.789023876,0.534097042,,,,0.162318207,32.10023419,6.742997658
Vaigai_Dam,2025,3,0.080060882,1.174056914,-0.017069475,-0.063077608,32.63682538,26.2170359,18.45366403,46.37864399,0.40776498,,,,0.250281693,32.10023419,6.742997658
Vaigai_Dam,2025,4,0.123506746,1.281820186,-0.028781786,-0.095062885,35.36240212,26.81115309,21.2177322,96.27962911,0.179986184,,,,0.30178992,32.10023419,6.742997658
Vaigai_Dam,2025,5,0.120356176,1.27364752,-0.024983973,-0.09565985,37.79322176,26.22761221,21.61955699,135.22826,0.859508481,,,,0.300376051,32.10023419,6.742997658
Vaigai_Dam,2025,7,0.083708947,1.18271257,-0.037351873,-0.046502472,33.93617391,24.42497139,20.84674953,96.68579006,1.293337662,,,,0.353449688,32.10023419,6.742997658
Vaigai_Dam,2025,8,0.103074215,1.229838893,-0.005743471,-0.097388398,-51.15920288,24.41707116,20.80152018,299.7617702,1.048595226,,,,0.385716797,32.10023419,6.742997658
Vaigai_Dam,2025,9,0.087353315,1.191428547,-0.028201875,-0.059297521,33.19361623,24.77182028,20.83825039,156.0708952,1.035908015,,,,0.388116837,32.10023419,6.742997658
Vaigai_Dam,2025,11,0.098956626,1.219648974,-0.036851831,-0.062332104,32.97496258,23.48841839,19.50775252,167.4385033,0.32764376,,,,0.368744236,32.10023419,6.742997658
Vaigai_Dam,2026,1,0.097727314,1.216624787,-0.030258305,-0.067669111,29.44885099,22.2765211,16.30391846,5.592185974,0.679840846,,,,0.248636799,32.10023419,6.742997658
Vaigai_Dam,2026,3,0.096102211,1.212639554,-0.005270085,-0.090878153,38.09600664,26.75086765,16.7042332,14.55063295,0.483340911,,,,0.175765786,32.10023419,6.742997658
Vaigai_Dam,2026,4,0.113180575,1.255250554,-0.012606175,-0.100718101,34.18211525,28.68444135,18.70891817,43.24876118,0.352754581,,,,0.148904037,32.10023419,6.742997658
